attempt_id,transaction_id,decision,decline_reason,auth_ts
AUTH-000001,TXN-001063,approved,,2026-06-16T01:46:50Z
AUTH-000002,TXN-000969,approved,,2026-06-18T09:31:50Z
AUTH-000003,TXN-000782,declined,suspected_fraud,2026-06-28T21:33:01Z
AUTH-000004,TXN-001767,approved,,2026-06-22T17:39:07Z
AUTH-000005,TXN-000908,approved,,2026-06-16T16:28:06Z
AUTH-000006,TXN-001105,approved,,2026-06-24T19:38:26Z
AUTH-000007,TXN-001780,approved,,2026-08-01T23:17:55Z
AUTH-000008,TXN-000387,approved,,2026-06-24T17:45:17Z
AUTH-000009,TXN-000436,approved,,2026-06-18T17:56:17Z
AUTH-000010,TXN-001722,approved,,2026-06-14T12:28:07Z
AUTH-000011,TXN-000492,approved,,2026-07-17T15:45:23Z
AUTH-000012,TXN-000274,approved,,2027-04-19T11:12:44Z
AUTH-000013,TXN-000043,approved,,2026-07-03T21:19:11Z
AUTH-000014,TXN-001571,approved,,2026-06-29T04:25:01Z
AUTH-000015,TXN-001917,approved,,2026-06-14T08:31:27Z
AUTH-000016,TXN-001430,approved,,2026-06-25T08:12:27Z
AUTH-000017,TXN-001250,declined,insufficient_funds,2026-07-05T04:07:15Z
AUTH-000018,TXN-000410,approved,,2026-06-30T15:10:54Z
AUTH-000019,TXN-000343,approved,,2026-07-04T10:29:09Z
AUTH-000020,TXN-001312,approved,,2026-06-08T23:31:27Z
AUTH-000021,TXN-001252,approved,,2026-06-05T05:41:44Z
AUTH-000022,TXN-001738,approved,,2026-06-16T18:59:12Z
AUTH-000023,TXN-000212,approved,,2026-06-13T20:31:57Z
AUTH-000024,TXN-001803,approved,,2026-06-23T01:23:25Z
AUTH-000025,TXN-001833,approved,,2026-06-19T18:12:30Z
AUTH-000026,TXN-001492,approved,,2026-06-05T10:32:30Z
AUTH-000027,TXN-001133,approved,,2026-07-02T13:32:04Z
AUTH-000028,TXN-000111,approved,,2026-06-23T19:12:04Z
AUTH-000029,TXN-000144,approved,,2026-06-29T16:00:53Z
AUTH-000030,TXN-000787,approved,,2026-07-14T01:55:53Z
AUTH-000031,TXN-001531,approved,,2026-06-09T04:22:00Z
AUTH-000032,TXN-000279,approved,,2026-06-16T20:35:57Z
AUTH-000033,TXN-001567,approved,,2026-06-18T15:53:42Z
AUTH-000034,TXN-001674,approved,,2026-06-10T12:05:47Z
AUTH-000035,TXN-999999,declined,suspected_fraud,2026-06-07T13:09:42Z
AUTH-000036,TXN-000996,approved,,2026-06-05T19:03:34Z
AUTH-000037,TXN-000052,approved,,2026-11-12T19:03:38Z
AUTH-000038,TXN-001962,approved,,2026-06-26T18:59:44Z
AUTH-000039,TXN-001487,approved,,2026-06-28T03:33:29Z
AUTH-000040,TXN-001861,approved,,2026-06-11T12:03:20Z
AUTH-000041,TXN-001701,approved,,2026-06-27T00:43:57Z
AUTH-000042,TXN-000006,approved,,2026-06-28T22:43:42Z
AUTH-000043,TXN-000247,approved,,2026-06-22T03:55:58Z
AUTH-000044,TXN-000186,declined,do_not_honour,2026-06-24T19:14:04Z
AUTH-000045,TXN-000081,approved,,2026-06-07T14:12:42Z
AUTH-000046,TXN-000610,approved,,2027-03-16T01:19:14Z
AUTH-000047,TXN-000189,approved,,2026-06-15T06:13:37Z
AUTH-000048,TXN-999999,approved,,2026-06-22T06:03:52Z
AUTH-000049,TXN-001964,approved,,2026-06-17T10:56:33Z
AUTH-000050,TXN-000349,approved,,2026-07-02T21:03:19Z
AUTH-000051,TXN-001435,approved,,2026-06-05T18:57:22Z
AUTH-000052,TXN-000214,approved,,2026-06-25T08:22:26Z
AUTH-000053,TXN-001596,approved,,2026-07-05T13:25:20Z
AUTH-000054,TXN-001941,approved,,2026-06-25T10:43:53Z
AUTH-000055,TXN-000367,approved,,2026-06-21T16:08:51Z
AUTH-000056,TXN-001230,approved,,2026-06-28T21:26:46Z
AUTH-000057,TXN-001244,approved,,2026-06-10T15:15:45Z
AUTH-000058,TXN-000508,approved,,2026-06-24T20:53:08Z
AUTH-000059,TXN-000984,approved,,2026-06-08T17:42:17Z
AUTH-000060,TXN-000203,approved,,2026-07-01T14:30:06Z
AUTH-000061,TXN-000224,approved,,2026-07-03T02:07:56Z
AUTH-000062,TXN-000299,approved,,2026-07-05T04:56:46Z
AUTH-000063,TXN-001704,approved,,2026-07-01T05:23:05Z
AUTH-000064,TXN-999999,approved,,2026-06-27T10:59:22Z
AUTH-000065,TXN-001131,approved,,2026-06-18T09:49:49Z
AUTH-000066,TXN-001335,approved,,2026-06-22T21:08:50Z
AUTH-000067,TXN-000950,approved,,2026-06-21T03:56:03Z
AUTH-000068,TXN-001075,approved,,2026-06-12T13:39:29Z
AUTH-000069,TXN-000741,approved,,2026-06-22T15:14:54Z
AUTH-000070,TXN-000383,approved,,2026-06-10T22:29:52Z
AUTH-000071,TXN-001930,approved,,2026-06-12T12:30:42Z
AUTH-000072,TXN-000242,approved,,2026-06-14T12:13:35Z
AUTH-000073,TXN-000833,approved,,2026-06-24T18:12:07Z
AUTH-000074,TXN-000885,approved,,2026-06-15T08:58:17Z
AUTH-000075,TXN-001281,approved,,2026-07-01T06:21:58Z
AUTH-000076,TXN-001587,approved,,2026-06-19T03:52:15Z
AUTH-000077,TXN-000454,approved,,2026-07-02T05:36:26Z
AUTH-000078,TXN-000720,approved,,2026-06-24T05:32:06Z
AUTH-000079,TXN-001585,approved,,2026-06-23T14:59:56Z
AUTH-000080,TXN-000366,approved,,2026-06-19T12:53:43Z
AUTH-000081,TXN-000542,approved,,2026-06-16T09:56:59Z
AUTH-000082,TXN-000531,approved,,2026-06-18T06:25:55Z
AUTH-000083,TXN-000406,approved,,2026-06-08T23:13:44Z
AUTH-000084,TXN-001908,approved,,2026-06-28T16:12:31Z
AUTH-000085,TXN-001949,approved,,2026-06-07T22:11:33Z
AUTH-000086,TXN-001762,approved,,2026-07-05T13:02:28Z
AUTH-000087,TXN-000210,approved,,2026-07-11T06:50:23Z
AUTH-000088,TXN-001005,declined,incorrect_pin,2026-06-15T15:40:51Z
AUTH-000089,TXN-001414,declined,incorrect_pin,2026-07-24T19:01:59Z
AUTH-000090,TXN-001195,approved,,2026-10-19T06:09:06Z
AUTH-000091,TXN-001821,approved,,2026-06-12T16:56:00Z
AUTH-000092,TXN-000574,approved,,2026-06-14T19:16:31Z
AUTH-000093,TXN-001358,approved,,2026-06-10T08:13:11Z
AUTH-000094,TXN-000707,approved,,2026-07-01T07:51:19Z
AUTH-000095,TXN-000962,approved,,2026-06-15T02:44:56Z
AUTH-000096,TXN-001943,approved,,2026-07-02T15:42:01Z
AUTH-000097,TXN-000232,approved,,2026-06-07T13:15:36Z
AUTH-000098,TXN-000055,approved,,2026-06-17T16:58:57Z
AUTH-000099,TXN-000116,approved,,2026-06-19T11:53:13Z
AUTH-000100,TXN-000949,approved,,2026-06-24T17:38:07Z
AUTH-000101,TXN-001055,approved,,2026-07-03T13:08:40Z
AUTH-000102,TXN-000340,approved,,2026-06-16T08:11:39Z
AUTH-000103,TXN-001421,approved,,2026-06-13T15:13:36Z
AUTH-000104,TXN-000185,approved,,2026-06-15T18:33:13Z
AUTH-000105,TXN-999999,approved,,2026-07-31T02:21:00Z
AUTH-000106,TXN-001929,approved,,2026-06-14T14:36:44Z
AUTH-000107,TXN-000545,approved,,2026-06-07T05:43:04Z
AUTH-000108,TXN-999999,declined,suspected_fraud,2026-10-26T06:11:00Z
AUTH-000109,TXN-001100,approved,,2026-06-09T12:38:16Z
AUTH-000110,TXN-001300,approved,,2026-08-03T01:17:32Z
AUTH-000111,TXN-000229,approved,,2026-06-22T00:56:17Z
AUTH-000112,TXN-001791,approved,,2026-06-19T05:59:55Z
AUTH-000113,TXN-001725,approved,,2026-06-21T08:45:10Z
AUTH-000114,TXN-000229,approved,,2026-06-22T00:56:17Z
AUTH-000115,TXN-000919,approved,,2026-07-03T16:07:20Z
AUTH-000116,TXN-001572,declined,expired_card,2026-07-05T22:20:33Z
AUTH-000117,TXN-000413,approved,,2026-07-05T08:34:57Z
AUTH-000118,TXN-000304,approved,,2026-06-23T07:10:38Z
AUTH-000119,TXN-000695,declined,suspected_fraud,2026-06-29T10:32:49Z
AUTH-000120,TXN-000961,declined,insufficient_funds,2026-06-29T10:13:03Z
AUTH-000121,TXN-001468,approved,,2026-06-14T15:16:59Z
AUTH-000122,TXN-001892,approved,,2026-06-19T23:25:37Z
AUTH-000123,TXN-000892,approved,,2026-06-23T22:54:07Z
AUTH-000124,TXN-000359,approved,,2026-07-03T15:29:54Z
AUTH-000125,TXN-001964,approved,,2026-06-17T10:56:33Z
AUTH-000126,TXN-000326,approved,,2026-06-24T03:08:33Z
AUTH-000127,TXN-001763,approved,,2026-06-20T18:51:12Z
AUTH-000128,TXN-001042,approved,,2026-06-19T18:10:07Z
AUTH-000129,TXN-000176,approved,,2026-06-11T06:35:43Z
AUTH-000130,TXN-000052,approved,,2026-11-12T19:03:38Z
AUTH-000131,TXN-000084,approved,,2026-07-05T10:53:21Z
AUTH-000132,TXN-001223,approved,,2026-06-21T02:04:33Z
AUTH-000133,TXN-001847,declined,expired_card,2026-08-25T12:42:55Z
AUTH-000134,TXN-001321,approved,,2026-06-22T23:26:28Z
AUTH-000135,TXN-001252,declined,do_not_honour,2026-06-05T05:41:44Z
AUTH-000136,TXN-000693,approved,,2026-07-01T21:00:38Z
AUTH-000137,TXN-000799,approved,,2026-06-26T15:49:09Z
AUTH-000138,TXN-001284,approved,,2026-07-01T01:13:40Z
AUTH-000139,TXN-000203,approved,,2026-07-01T14:30:06Z
AUTH-000140,TXN-000552,approved,,2026-06-06T21:32:09Z
AUTH-000141,TXN-999999,approved,,2026-07-03T04:05:44Z
AUTH-000142,TXN-001787,declined,expired_card,2026-06-19T06:37:41Z
AUTH-000143,TXN-000215,approved,,2026-07-02T22:40:43Z
AUTH-000144,TXN-000980,approved,,2026-06-28T08:57:59Z
AUTH-000145,TXN-000073,approved,,2026-06-28T20:48:55Z
AUTH-000146,TXN-001061,approved,,2026-06-27T17:30:00Z
AUTH-000147,TXN-001056,approved,,2026-06-27T12:38:41Z
AUTH-000148,TXN-001199,declined,do_not_honour,2026-06-13T18:39:26Z
AUTH-000149,TXN-000064,approved,,2026-06-05T08:14:40Z
AUTH-000150,TXN-001228,approved,,2026-07-02T04:10:40Z
AUTH-000151,TXN-000829,approved,,2026-07-03T02:41:04Z
AUTH-000152,TXN-999999,approved,,2026-06-15T13:01:37Z
AUTH-000153,TXN-999999,approved,,2026-06-20T11:03:46Z
AUTH-000154,TXN-001256,approved,,2026-06-13T15:12:56Z
AUTH-000155,TXN-001691,declined,incorrect_pin,2027-05-28T12:10:51Z
AUTH-000156,TXN-000752,approved,,2026-07-05T21:41:54Z
AUTH-000157,TXN-000772,approved,,2026-07-05T03:51:02Z
AUTH-000158,TXN-000361,approved,,2026-11-18T11:35:55Z
AUTH-000159,TXN-001508,approved,,2026-06-10T07:31:02Z
AUTH-000160,TXN-000381,approved,,2026-06-17T06:58:46Z
AUTH-000161,TXN-000725,approved,,2026-06-18T19:33:42Z
AUTH-000162,TXN-001699,approved,,2026-06-14T12:27:14Z
AUTH-000163,TXN-001934,approved,,2026-06-18T15:37:39Z
AUTH-000164,TXN-001758,approved,,2026-06-20T23:39:39Z
AUTH-000165,TXN-000381,approved,,2026-06-17T06:58:46Z
AUTH-000166,TXN-000271,approved,,2026-06-10T02:49:31Z
AUTH-000167,TXN-001613,declined,incorrect_pin,2026-06-07T08:15:39Z
AUTH-000168,TXN-001705,approved,,2026-06-23T06:29:04Z
AUTH-000169,TXN-001551,approved,,2026-06-12T21:53:45Z
AUTH-000170,TXN-000866,approved,,2026-07-01T04:58:14Z
AUTH-000171,TXN-001279,approved,,2026-07-21T22:02:09Z
AUTH-000172,TXN-001423,declined,insufficient_funds,2026-06-11T04:03:01Z
AUTH-000173,TXN-000046,approved,,2026-06-20T15:21:29Z
AUTH-000174,TXN-000545,approved,,2026-06-07T05:43:04Z
AUTH-000175,TXN-001927,approved,,2026-07-22T00:39:59Z
AUTH-000176,TXN-001135,approved,,2026-06-17T13:42:49Z
AUTH-000177,TXN-001029,approved,,2026-06-25T09:57:21Z
AUTH-000178,TXN-000013,approved,,2026-06-05T21:52:30Z
AUTH-000179,TXN-001317,approved,,2026-06-13T12:34:16Z
AUTH-000180,TXN-001472,approved,,2026-06-08T01:16:29Z
AUTH-000181,TXN-000479,declined,suspected_fraud,2027-02-26T06:35:10Z
AUTH-000182,TXN-001199,approved,,2026-06-13T18:39:26Z
AUTH-000183,TXN-000549,approved,,2026-06-10T14:42:26Z
AUTH-000184,TXN-000075,approved,,2026-06-15T19:59:44Z
AUTH-000185,TXN-000334,approved,,2026-07-28T00:42:36Z
AUTH-000186,TXN-000816,approved,,2026-06-30T17:46:56Z
AUTH-000187,TXN-000993,approved,,2026-06-25T11:31:55Z
AUTH-000188,TXN-001831,approved,,2026-06-12T18:09:51Z
AUTH-000189,TXN-000929,approved,,2026-06-17T12:31:15Z
AUTH-000190,TXN-000703,declined,insufficient_funds,2026-07-03T00:20:28Z
AUTH-000191,TXN-000040,approved,,2026-06-17T13:50:31Z
AUTH-000192,TXN-999999,approved,,2026-06-26T07:21:50Z
AUTH-000193,TXN-001151,approved,,2026-06-15T16:09:43Z
AUTH-000194,TXN-000461,declined,insufficient_funds,2026-06-23T01:26:10Z
AUTH-000195,TXN-001311,approved,,2027-01-30T18:52:24Z
AUTH-000196,TXN-999999,approved,,2026-07-02T19:13:43Z
AUTH-000197,TXN-001145,approved,,2026-06-09T15:11:39Z
AUTH-000198,TXN-001828,approved,,2026-06-24T11:19:25Z
AUTH-000199,TXN-001459,approved,,2027-02-20T00:27:53Z
AUTH-000200,TXN-000978,approved,,2026-07-02T04:14:38Z
AUTH-000201,TXN-001270,approved,,2026-06-07T10:49:18Z
AUTH-000202,TXN-000977,approved,,2026-06-15T12:19:31Z
AUTH-000203,TXN-000787,approved,,2026-06-28T12:45:17Z
AUTH-000204,TXN-001804,approved,,2026-06-25T20:55:15Z
AUTH-000205,TXN-000487,approved,,2026-06-26T16:17:16Z
AUTH-000206,TXN-001517,approved,,2026-06-09T07:38:28Z
AUTH-000207,TXN-000903,approved,,2026-06-08T07:56:09Z
AUTH-000208,TXN-000364,approved,,2026-07-26T08:35:34Z
AUTH-000209,TXN-999999,approved,,2026-11-12T19:03:38Z
AUTH-000210,TXN-000825,approved,,2026-06-08T09:58:54Z
AUTH-000211,TXN-000203,approved,,2026-07-01T14:30:06Z
AUTH-000212,TXN-001949,approved,,2026-06-07T22:11:33Z
AUTH-000213,TXN-001331,approved,,2026-06-05T13:33:50Z
AUTH-000214,TXN-001980,approved,,2026-06-11T16:46:09Z
AUTH-000215,TXN-000821,approved,,2026-06-16T22:35:06Z
AUTH-000216,TXN-001628,approved,,2026-06-24T00:44:23Z
AUTH-000217,TXN-000986,approved,,2026-06-11T19:37:52Z
AUTH-000218,TXN-999999,approved,,2026-06-24T04:42:04Z
AUTH-000219,TXN-000569,declined,incorrect_pin,2026-06-15T03:25:54Z
AUTH-000220,TXN-001580,approved,,2026-06-22T23:55:17Z
AUTH-000221,TXN-001047,approved,,2026-06-15T01:32:11Z
AUTH-000222,TXN-001750,approved,,2026-06-28T18:43:37Z
AUTH-000223,TXN-001535,approved,,2026-06-17T03:25:57Z
AUTH-000224,TXN-001052,approved,,2026-06-25T09:34:42Z
AUTH-000225,TXN-001925,approved,,2026-06-21T01:45:09Z
AUTH-000226,TXN-001077,approved,,2026-06-09T08:01:50Z
AUTH-000227,TXN-000303,approved,,2026-06-18T23:21:25Z
AUTH-000228,TXN-001016,approved,,2026-06-28T11:52:01Z
AUTH-000229,TXN-001486,declined,do_not_honour,2026-06-11T10:46:10Z
AUTH-000230,TXN-001939,approved,,2026-06-29T09:23:14Z
AUTH-000231,TXN-000406,approved,,2026-06-08T23:13:44Z
AUTH-000232,TXN-000812,approved,,2026-06-19T07:35:33Z
AUTH-000233,TXN-001276,declined,incorrect_pin,2026-07-13T22:49:29Z
AUTH-000234,TXN-000808,approved,,2026-06-17T12:15:42Z
AUTH-000235,TXN-001047,approved,,2026-06-15T01:32:11Z
AUTH-000236,TXN-000277,declined,insufficient_funds,2026-06-07T14:17:54Z
AUTH-000237,TXN-000424,approved,,2026-06-28T01:37:22Z
AUTH-000238,TXN-000940,approved,,2026-07-22T14:39:07Z
AUTH-000239,TXN-000975,approved,,2026-06-06T19:40:53Z
AUTH-000240,TXN-001717,approved,,2026-06-30T19:47:10Z
AUTH-000241,TXN-001550,declined,suspected_fraud,2026-06-11T18:26:27Z
AUTH-000242,TXN-000345,approved,,2026-06-20T22:56:30Z
AUTH-000243,TXN-000626,approved,,2026-06-08T15:04:03Z
AUTH-000244,TXN-000595,approved,,2027-03-27T21:49:52Z
AUTH-000245,TXN-000005,approved,,2026-06-05T13:14:54Z
AUTH-000246,TXN-001181,approved,,2026-06-09T22:53:47Z
AUTH-000247,TXN-001309,approved,,2026-06-25T15:32:47Z
AUTH-000248,TXN-000755,declined,incorrect_pin,2026-06-14T21:40:46Z
AUTH-000249,TXN-001851,declined,expired_card,2026-06-10T12:08:27Z
AUTH-000250,TXN-001892,approved,,2026-06-19T23:25:37Z
AUTH-000251,TXN-001059,approved,,2026-06-14T22:03:27Z
AUTH-000252,TXN-001769,approved,,2026-06-14T09:43:19Z
AUTH-000253,TXN-001643,approved,,2026-07-03T18:18:04Z
AUTH-000254,TXN-000021,approved,,2026-07-09T00:38:17Z
AUTH-000255,TXN-001281,approved,,2026-07-01T06:21:58Z
AUTH-000256,TXN-000880,approved,,2026-06-20T18:50:28Z
AUTH-000257,TXN-001057,approved,,2026-06-16T17:22:06Z
AUTH-000258,TXN-000166,approved,,2026-06-15T09:51:01Z
AUTH-000259,TXN-000230,approved,,2026-06-14T06:39:00Z
AUTH-000260,TXN-000377,approved,,2026-06-26T22:08:14Z
AUTH-000261,TXN-001427,approved,,2026-06-27T12:00:42Z
AUTH-000262,TXN-000074,approved,,2026-06-25T22:05:36Z
AUTH-000263,TXN-000019,approved,,2026-07-04T07:19:52Z
AUTH-000264,TXN-001350,declined,insufficient_funds,2027-03-08T22:38:30Z
AUTH-000265,TXN-000703,approved,,2026-07-03T00:20:28Z
AUTH-000266,TXN-000853,approved,,2026-06-25T03:44:41Z
AUTH-000267,TXN-001497,approved,,2026-06-19T22:32:26Z
AUTH-000268,TXN-000810,approved,,2026-07-05T21:03:12Z
AUTH-000269,TXN-001877,approved,,2026-07-03T23:51:25Z
AUTH-000270,TXN-000935,declined,suspected_fraud,2026-06-26T01:10:37Z
AUTH-000271,TXN-001079,approved,,2026-06-28T01:06:49Z
AUTH-000272,TXN-001804,approved,,2026-06-25T20:55:15Z
AUTH-000273,TXN-001231,approved,,2026-07-20T06:07:03Z
AUTH-000274,TXN-001203,declined,expired_card,2026-06-15T09:40:09Z
AUTH-000275,TXN-001927,approved,,2026-06-29T10:32:55Z
AUTH-000276,TXN-000324,approved,,2026-06-07T08:39:55Z
AUTH-000277,TXN-000796,approved,,2026-07-03T07:54:25Z
AUTH-000278,TXN-001408,approved,,2026-06-28T18:25:52Z
AUTH-000279,TXN-001705,approved,,2026-06-23T06:29:04Z
AUTH-000280,TXN-000210,approved,,2026-07-02T23:20:22Z
AUTH-000281,TXN-000458,approved,,2026-06-23T08:23:06Z
AUTH-000282,TXN-000445,approved,,2026-06-16T15:13:59Z
AUTH-000283,TXN-000813,approved,,2026-06-15T13:01:37Z
AUTH-000284,TXN-000630,approved,,2026-06-17T16:31:00Z
AUTH-000285,TXN-000476,approved,,2026-07-31T13:26:38Z
AUTH-000286,TXN-000893,declined,expired_card,2026-06-21T10:00:19Z
AUTH-000287,TXN-000085,approved,,2026-07-04T03:11:25Z
AUTH-000288,TXN-001276,approved,,2026-06-30T06:00:55Z
AUTH-000289,TXN-001366,approved,,2026-06-20T22:33:48Z
AUTH-000290,TXN-000362,approved,,2026-06-08T05:14:27Z
AUTH-000291,TXN-000205,approved,,2026-07-04T07:37:59Z
AUTH-000292,TXN-001951,approved,,2026-06-08T17:03:11Z
AUTH-000293,TXN-001031,approved,,2026-06-22T21:47:56Z
AUTH-000294,TXN-001969,approved,,2026-06-27T19:04:27Z
AUTH-000295,TXN-000670,approved,,2026-06-19T14:48:53Z
AUTH-000296,TXN-000499,approved,,2026-06-15T10:44:44Z
AUTH-000297,TXN-001096,approved,,2026-06-19T16:16:25Z
AUTH-000298,TXN-000244,declined,expired_card,2026-06-08T01:52:43Z
AUTH-000299,TXN-001110,declined,insufficient_funds,2026-06-30T16:25:14Z
AUTH-000300,TXN-000342,approved,,2026-06-22T13:09:20Z
AUTH-000301,TXN-001660,approved,,2026-06-14T13:24:36Z
AUTH-000302,TXN-000195,approved,,2026-06-18T11:20:04Z
AUTH-000303,TXN-001669,approved,,2026-06-12T21:35:08Z
AUTH-000304,TXN-000007,approved,,2026-06-19T09:51:12Z
AUTH-000305,TXN-001741,declined,expired_card,2026-06-13T06:21:23Z
AUTH-000306,TXN-000690,approved,,2026-06-10T12:12:46Z
AUTH-000307,TXN-001804,approved,,2026-06-25T20:55:15Z
AUTH-000308,TXN-001635,approved,,2026-07-05T13:47:45Z
AUTH-000309,TXN-001661,approved,,2026-06-06T14:44:35Z
AUTH-000310,TXN-000190,approved,,2026-07-05T07:54:50Z
AUTH-000311,TXN-000740,approved,,2026-06-25T15:28:39Z
AUTH-000312,TXN-001140,approved,,2026-06-14T09:15:14Z
AUTH-000313,TXN-001859,approved,,2026-06-08T04:27:42Z
AUTH-000314,TXN-000514,approved,,2026-06-12T19:56:26Z
AUTH-000315,TXN-001661,approved,,2026-06-06T14:44:35Z
AUTH-000316,TXN-001848,declined,do_not_honour,2026-06-30T03:15:09Z
AUTH-000317,TXN-001311,declined,insufficient_funds,2027-01-30T18:52:24Z
AUTH-000318,TXN-000496,approved,,2026-06-22T05:14:00Z
AUTH-000319,TXN-000992,approved,,2026-07-01T17:02:11Z
AUTH-000320,TXN-000787,approved,,2026-06-28T12:45:17Z
AUTH-000321,TXN-001144,approved,,2026-06-10T06:08:15Z
AUTH-000322,TXN-000571,approved,,2026-07-04T12:36:16Z
AUTH-000323,TXN-000791,approved,,2026-06-14T13:35:55Z
AUTH-000324,TXN-000620,approved,,2026-06-12T21:34:02Z
AUTH-000325,TXN-999999,approved,,2026-07-07T12:46:58Z
AUTH-000326,TXN-001904,approved,,2026-06-09T16:16:50Z
AUTH-000327,TXN-001412,approved,,2026-06-30T09:28:17Z
AUTH-000328,TXN-001215,approved,,2026-06-30T07:46:15Z
AUTH-000329,TXN-999999,approved,,2026-06-17T00:53:10Z
AUTH-000330,TXN-001801,approved,,2026-06-21T23:49:02Z
AUTH-000331,TXN-001423,approved,,2026-06-11T04:03:01Z
AUTH-000332,TXN-001197,approved,,2026-07-04T03:25:08Z
AUTH-000333,TXN-000994,approved,,2026-06-29T23:01:13Z
AUTH-000334,TXN-000095,approved,,2026-06-27T13:17:00Z
AUTH-000335,TXN-001144,approved,,2026-06-10T06:08:15Z
AUTH-000336,TXN-000389,approved,,2026-06-19T07:37:44Z
AUTH-000337,TXN-000163,approved,,2026-08-03T19:54:33Z
AUTH-000338,TXN-001001,declined,expired_card,2026-07-03T03:12:17Z
AUTH-000339,TXN-000976,approved,,2026-06-09T20:50:49Z
AUTH-000340,TXN-000754,approved,,2026-06-17T15:07:29Z
AUTH-000341,TXN-000484,approved,,2026-07-02T01:46:27Z
AUTH-000342,TXN-001632,approved,,2026-09-04T04:54:57Z
AUTH-000343,TXN-999999,approved,,2026-06-23T07:21:31Z
AUTH-000344,TXN-000026,declined,do_not_honour,2026-06-09T00:25:51Z
AUTH-000345,TXN-001046,approved,,2026-06-26T04:24:22Z
AUTH-000346,TXN-001245,approved,,2026-07-02T22:50:37Z
AUTH-000347,TXN-001096,approved,,2026-06-19T16:16:25Z
AUTH-000348,TXN-000334,approved,,2026-06-15T22:47:24Z
AUTH-000349,TXN-999999,approved,,2026-06-25T14:02:12Z
AUTH-000350,TXN-999999,declined,do_not_honour,2026-06-13T19:36:12Z
AUTH-000351,TXN-000217,declined,insufficient_funds,2026-07-02T19:22:50Z
AUTH-000352,TXN-001831,approved,,2026-06-12T18:09:51Z
AUTH-000353,TXN-000297,approved,,2026-11-15T13:11:39Z
AUTH-000354,TXN-000070,approved,,2026-06-17T17:09:50Z
AUTH-000355,TXN-000053,approved,,2026-06-18T20:29:25Z
AUTH-000356,TXN-000200,approved,,2026-06-11T17:36:36Z
AUTH-000357,TXN-000946,approved,,2026-06-13T06:50:10Z
AUTH-000358,TXN-001444,approved,,2026-06-17T10:10:19Z
AUTH-000359,TXN-000593,approved,,2026-06-26T09:28:23Z
AUTH-000360,TXN-000406,approved,,2026-06-08T23:13:44Z
AUTH-000361,TXN-001527,approved,,2026-06-25T01:52:32Z
AUTH-000362,TXN-001846,approved,,2026-06-20T23:59:15Z
AUTH-000363,TXN-000433,declined,expired_card,2026-06-20T00:42:03Z
AUTH-000364,TXN-000166,approved,,2026-06-15T09:51:01Z
AUTH-000365,TXN-000735,approved,,2026-06-18T06:16:23Z
AUTH-000366,TXN-001165,approved,,2026-06-25T09:50:17Z
AUTH-000367,TXN-001622,approved,,2026-07-03T08:37:21Z
AUTH-000368,TXN-000801,approved,,2026-06-15T15:47:27Z
AUTH-000369,TXN-001181,approved,,2026-06-09T22:53:47Z
AUTH-000370,TXN-000286,declined,incorrect_pin,2026-06-28T07:21:49Z
AUTH-000371,TXN-000237,approved,,2026-11-04T17:38:50Z
AUTH-000372,TXN-000006,declined,do_not_honour,2026-06-28T22:43:42Z
AUTH-000373,TXN-001372,approved,,2026-06-10T08:15:50Z
AUTH-000374,TXN-000230,approved,,2026-06-14T06:39:00Z
AUTH-000375,TXN-000711,declined,expired_card,2026-06-21T10:46:53Z
AUTH-000376,TXN-001136,approved,,2026-06-06T01:20:16Z
AUTH-000377,TXN-000047,approved,,2026-06-20T18:34:23Z
AUTH-000378,TXN-001882,approved,,2026-07-26T13:19:04Z
AUTH-000379,TXN-000143,approved,,2026-06-16T06:33:40Z
AUTH-000380,TXN-001938,approved,,2026-06-14T17:47:30Z
AUTH-000381,TXN-000699,approved,,2026-06-23T18:07:55Z
AUTH-000382,TXN-001534,approved,,2026-06-12T07:17:46Z
AUTH-000383,TXN-000932,approved,,2026-06-23T02:32:12Z
AUTH-000384,TXN-001084,approved,,2026-06-19T22:49:44Z
AUTH-000385,TXN-000690,approved,,2026-06-10T12:12:46Z
AUTH-000386,TXN-000871,approved,,2026-06-28T12:41:29Z
AUTH-000387,TXN-001206,approved,,2026-06-16T14:40:07Z
AUTH-000388,TXN-000331,approved,,2026-06-22T05:27:18Z
AUTH-000389,TXN-000048,approved,,2026-06-23T02:26:23Z
AUTH-000390,TXN-001207,approved,,2026-06-26T11:40:01Z
AUTH-000391,TXN-001828,approved,,2026-06-24T11:19:25Z
AUTH-000392,TXN-000343,declined,incorrect_pin,2026-07-04T10:29:09Z
AUTH-000393,TXN-000405,approved,,2026-06-06T18:06:08Z
AUTH-000394,TXN-000237,approved,,2026-11-04T17:38:50Z
AUTH-000395,TXN-001963,approved,,2026-06-27T02:45:36Z
AUTH-000396,TXN-000151,approved,,2026-06-26T19:43:45Z
AUTH-000397,TXN-000385,approved,,2026-06-13T00:16:13Z
AUTH-000398,TXN-001158,approved,,2026-06-27T23:19:30Z
AUTH-000399,TXN-000111,declined,insufficient_funds,2026-06-23T19:12:04Z
AUTH-000400,TXN-001833,declined,insufficient_funds,2026-06-19T18:12:30Z
AUTH-000401,TXN-001614,approved,,2026-06-29T17:17:15Z
AUTH-000402,TXN-000310,approved,,2026-06-20T06:13:33Z
AUTH-000403,TXN-001997,approved,,2026-06-16T22:51:15Z
AUTH-000404,TXN-001325,declined,do_not_honour,2026-06-23T19:08:42Z
AUTH-000405,TXN-000988,approved,,2026-07-24T10:44:55Z
AUTH-000406,TXN-001707,approved,,2026-06-26T10:02:52Z
AUTH-000407,TXN-001282,approved,,2026-06-27T10:09:52Z
AUTH-000408,TXN-000298,approved,,2026-07-04T01:16:52Z
AUTH-000409,TXN-001072,approved,,2026-06-12T12:44:35Z
AUTH-000410,TXN-001287,approved,,2026-06-21T12:25:20Z
AUTH-000411,TXN-001358,approved,,2026-06-10T08:13:11Z
AUTH-000412,TXN-000638,approved,,2026-06-29T00:58:19Z
AUTH-000413,TXN-000158,approved,,2026-06-30T11:45:41Z
AUTH-000414,TXN-000179,approved,,2026-06-16T06:21:20Z
AUTH-000415,TXN-001958,approved,,2026-06-06T08:37:27Z
AUTH-000416,TXN-000214,approved,,2026-06-25T08:22:26Z
AUTH-000417,TXN-000259,approved,,2026-06-13T19:36:12Z
AUTH-000418,TXN-000849,approved,,2026-06-07T03:38:54Z
AUTH-000419,TXN-000166,approved,,2026-06-15T09:51:01Z
AUTH-000420,TXN-001698,approved,,2026-06-09T05:30:06Z
AUTH-000421,TXN-000446,approved,,2026-06-19T11:39:28Z
AUTH-000422,TXN-001345,approved,,2026-06-23T13:19:56Z
AUTH-000423,TXN-001699,approved,,2026-06-14T12:27:14Z
AUTH-000424,TXN-000168,approved,,2026-06-13T20:57:20Z
AUTH-000425,TXN-001982,approved,,2026-07-02T09:18:59Z
AUTH-000426,TXN-001998,approved,,2026-06-30T04:02:58Z
AUTH-000427,TXN-000292,declined,incorrect_pin,2026-07-01T22:46:26Z
AUTH-000428,TXN-000263,approved,,2026-06-09T15:49:16Z
AUTH-000429,TXN-000934,approved,,2026-06-23T14:03:50Z
AUTH-000430,TXN-000506,approved,,2026-07-02T10:03:14Z
AUTH-000431,TXN-000811,approved,,2026-07-03T05:02:56Z
AUTH-000432,TXN-999999,approved,,2026-06-15T09:40:09Z
AUTH-000433,TXN-001771,approved,,2026-07-04T19:16:13Z
AUTH-000434,TXN-001064,approved,,2026-07-18T12:43:44Z
AUTH-000435,TXN-999999,approved,,2026-06-12T11:04:22Z
AUTH-000436,TXN-000876,approved,,2026-06-16T22:38:19Z
AUTH-000437,TXN-001661,approved,,2026-06-06T14:44:35Z
AUTH-000438,TXN-001636,approved,,2026-06-27T03:30:15Z
AUTH-000439,TXN-000665,approved,,2026-06-18T21:16:05Z
AUTH-000440,TXN-000240,approved,,2026-06-22T13:57:49Z
AUTH-000441,TXN-001494,approved,,2026-06-07T20:24:17Z
AUTH-000442,TXN-001934,approved,,2026-06-18T15:37:39Z
AUTH-000443,TXN-000237,approved,,2026-11-04T17:38:50Z
AUTH-000444,TXN-000931,approved,,2026-06-12T08:22:35Z
AUTH-000445,TXN-000130,approved,,2026-06-13T16:10:37Z
AUTH-000446,TXN-001370,approved,,2026-06-05T11:00:48Z
AUTH-000447,TXN-000482,approved,,2026-06-10T17:35:04Z
AUTH-000448,TXN-001303,approved,,2026-06-12T05:17:57Z
AUTH-000449,TXN-000935,approved,,2026-06-26T01:10:37Z
AUTH-000450,TXN-000138,approved,,2026-06-13T15:25:47Z
AUTH-000451,TXN-001701,approved,,2026-06-27T00:43:57Z
AUTH-000452,TXN-001831,declined,expired_card,2026-07-16T15:40:39Z
AUTH-000453,TXN-001159,approved,,2026-06-23T17:20:17Z
AUTH-000454,TXN-001811,approved,,2026-10-28T19:45:50Z
AUTH-000455,TXN-000952,approved,,2026-06-06T01:57:30Z
AUTH-000456,TXN-000881,declined,suspected_fraud,2026-06-16T10:40:47Z
AUTH-000457,TXN-000632,approved,,2026-06-24T20:10:51Z
AUTH-000458,TXN-000209,approved,,2026-06-16T06:53:54Z
AUTH-000459,TXN-001018,approved,,2026-07-04T11:14:46Z
AUTH-000460,TXN-001495,approved,,2026-06-09T01:48:50Z
AUTH-000461,TXN-001887,approved,,2026-06-22T07:57:19Z
AUTH-000462,TXN-001940,approved,,2026-06-30T02:16:56Z
AUTH-000463,TXN-000697,approved,,2026-07-05T16:25:46Z
AUTH-000464,TXN-001862,approved,,2026-06-07T01:39:44Z
AUTH-000465,TXN-001746,approved,,2026-06-13T22:14:18Z
AUTH-000466,TXN-000173,approved,,2026-06-12T13:34:57Z
AUTH-000467,TXN-001725,approved,,2026-06-21T08:45:10Z
AUTH-000468,TXN-001670,declined,insufficient_funds,2026-06-26T09:50:28Z
AUTH-000469,TXN-000509,approved,,2026-06-21T05:26:46Z
AUTH-000470,TXN-001370,approved,,2026-06-05T11:00:48Z
AUTH-000471,TXN-001784,approved,,2026-07-03T15:14:25Z
AUTH-000472,TXN-000873,approved,,2026-06-16T09:37:10Z
AUTH-000473,TXN-001949,approved,,2026-06-07T22:11:33Z
AUTH-000474,TXN-999999,approved,,2026-06-28T00:48:02Z
AUTH-000475,TXN-000869,approved,,2026-06-14T01:10:25Z
AUTH-000476,TXN-001636,approved,,2026-06-27T03:30:15Z
AUTH-000477,TXN-001353,approved,,2026-06-30T06:26:02Z
AUTH-000478,TXN-001097,approved,,2026-06-11T07:48:15Z
AUTH-000479,TXN-000122,approved,,2026-06-13T18:29:26Z
AUTH-000480,TXN-001659,approved,,2026-06-21T20:48:32Z
AUTH-000481,TXN-001492,approved,,2026-06-05T10:32:30Z
AUTH-000482,TXN-000741,approved,,2026-06-22T15:14:54Z
AUTH-000483,TXN-000353,approved,,2026-07-03T00:03:37Z
AUTH-000484,TXN-000840,approved,,2026-06-30T00:07:00Z
AUTH-000485,TXN-000940,approved,,2026-06-25T08:02:22Z
AUTH-000486,TXN-001616,approved,,2026-06-23T08:36:40Z
AUTH-000487,TXN-001152,approved,,2026-06-08T11:59:41Z
AUTH-000488,TXN-001801,approved,,2026-06-21T23:49:02Z
AUTH-000489,TXN-000187,declined,incorrect_pin,2026-06-26T15:32:45Z
AUTH-000490,TXN-000303,approved,,2026-06-18T23:21:25Z
AUTH-000491,TXN-001953,approved,,2026-06-17T17:22:21Z
AUTH-000492,TXN-000084,approved,,2026-07-05T10:53:21Z
AUTH-000493,TXN-000554,approved,,2026-06-09T01:58:09Z
AUTH-000494,TXN-000358,approved,,2027-04-12T08:33:55Z
AUTH-000495,TXN-000208,approved,,2026-06-29T01:52:58Z
AUTH-000496,TXN-000565,approved,,2026-06-16T18:29:55Z
AUTH-000497,TXN-000541,approved,,2026-07-02T02:32:12Z
AUTH-000498,TXN-999999,approved,,2026-06-26T17:28:56Z
AUTH-000499,TXN-001389,declined,insufficient_funds,2026-06-27T11:16:50Z
AUTH-000500,TXN-000440,approved,,2026-06-10T05:43:13Z
AUTH-000501,TXN-001646,approved,,2026-08-03T10:11:07Z
AUTH-000502,TXN-000115,approved,,2026-06-17T08:31:31Z
AUTH-000503,TXN-000770,approved,,2026-06-25T04:15:17Z
AUTH-000504,TXN-001945,approved,,2026-06-15T06:54:19Z
AUTH-000505,TXN-000768,approved,,2026-06-19T21:49:53Z
AUTH-000506,TXN-001251,declined,suspected_fraud,2026-06-09T10:54:59Z
AUTH-000507,TXN-000437,approved,,2026-06-20T10:37:03Z
AUTH-000508,TXN-001133,approved,,2026-07-02T13:32:04Z
AUTH-000509,TXN-001311,approved,,2027-01-30T18:52:24Z
AUTH-000510,TXN-000220,approved,,2026-06-09T18:54:26Z
AUTH-000511,TXN-001552,approved,,2026-06-27T07:23:39Z
AUTH-000512,TXN-000665,declined,insufficient_funds,2026-06-18T21:16:05Z
AUTH-000513,TXN-999999,approved,,2026-06-20T18:15:30Z
AUTH-000514,TXN-999999,approved,,2026-07-02T23:02:41Z
AUTH-000515,TXN-000257,declined,incorrect_pin,2026-06-08T16:56:17Z
AUTH-000516,TXN-000761,approved,,2026-06-05T16:35:20Z
AUTH-000517,TXN-000472,approved,,2027-01-17T11:02:10Z
AUTH-000518,TXN-001812,declined,suspected_fraud,2026-06-20T04:19:07Z
AUTH-000519,TXN-000441,approved,,2026-07-05T01:44:41Z
AUTH-000520,TXN-000613,approved,,2026-06-08T05:36:33Z
AUTH-000521,TXN-000221,approved,,2026-06-09T07:37:13Z
AUTH-000522,TXN-001413,approved,,2026-06-22T19:37:55Z
AUTH-000523,TXN-001839,approved,,2026-07-04T15:34:40Z
AUTH-000524,TXN-001630,approved,,2026-06-14T15:44:58Z
AUTH-000525,TXN-001568,declined,do_not_honour,2026-06-11T15:35:34Z
AUTH-000526,TXN-000758,approved,,2026-06-20T07:43:00Z
AUTH-000527,TXN-999999,approved,,2026-06-16T17:22:06Z
AUTH-000528,TXN-000725,declined,expired_card,2026-06-18T19:33:42Z
AUTH-000529,TXN-000097,approved,,2026-06-06T21:25:41Z
AUTH-000530,TXN-001263,approved,,2027-04-03T21:49:23Z
AUTH-000531,TXN-001835,approved,,2026-06-25T14:28:11Z
AUTH-000532,TXN-001385,approved,,2026-06-10T12:39:47Z
AUTH-000533,TXN-000092,approved,,2026-07-26T09:40:30Z
AUTH-000534,TXN-000534,approved,,2026-07-05T06:26:16Z
AUTH-000535,TXN-000847,declined,insufficient_funds,2026-06-16T17:58:43Z
AUTH-000536,TXN-001764,approved,,2026-06-17T13:53:09Z
AUTH-000537,TXN-001068,approved,,2026-06-18T08:38:49Z
AUTH-000538,TXN-000031,approved,,2026-06-30T00:55:04Z
AUTH-000539,TXN-000016,approved,,2026-06-14T13:04:51Z
AUTH-000540,TXN-001113,approved,,2026-06-25T18:23:37Z
AUTH-000541,TXN-001742,approved,,2026-06-14T12:18:30Z
AUTH-000542,TXN-000722,approved,,2026-06-22T19:14:20Z
AUTH-000543,TXN-001869,approved,,2026-06-19T23:26:37Z
AUTH-000544,TXN-000207,approved,,2026-06-26T03:53:14Z
AUTH-000545,TXN-001231,approved,,2026-07-20T06:07:03Z
AUTH-000546,TXN-000983,declined,incorrect_pin,2026-06-28T13:16:51Z
AUTH-000547,TXN-001747,approved,,2026-06-14T12:46:27Z
AUTH-000548,TXN-001721,approved,,2026-06-24T13:53:42Z
AUTH-000549,TXN-000969,approved,,2026-06-18T09:31:50Z
AUTH-000550,TXN-000017,approved,,2026-06-25T16:58:28Z
AUTH-000551,TXN-000063,approved,,2026-06-27T16:49:16Z
AUTH-000552,TXN-001063,declined,expired_card,2026-07-26T09:13:06Z
AUTH-000553,TXN-001909,approved,,2026-06-05T11:48:26Z
AUTH-000554,TXN-000014,approved,,2026-06-12T13:33:39Z
AUTH-000555,TXN-000977,approved,,2026-06-15T12:19:31Z
AUTH-000556,TXN-000556,approved,,2026-06-10T21:28:01Z
AUTH-000557,TXN-001462,declined,expired_card,2026-06-07T04:33:41Z
AUTH-000558,TXN-001585,approved,,2026-06-23T14:59:56Z
AUTH-000559,TXN-000701,declined,expired_card,2026-07-16T06:31:48Z
AUTH-000560,TXN-000384,approved,,2026-06-16T20:34:56Z
AUTH-000561,TXN-999999,declined,suspected_fraud,2026-06-30T15:10:54Z
AUTH-000562,TXN-000401,approved,,2026-06-23T09:39:52Z
AUTH-000563,TXN-001910,approved,,2026-06-05T13:53:01Z
AUTH-000564,TXN-001304,approved,,2026-07-04T21:03:51Z
AUTH-000565,TXN-001639,approved,,2026-06-05T09:00:59Z
AUTH-000566,TXN-001102,approved,,2026-08-25T04:57:38Z
AUTH-000567,TXN-000364,approved,,2026-07-01T04:14:37Z
AUTH-000568,TXN-000325,declined,suspected_fraud,2026-06-29T13:21:17Z
AUTH-000569,TXN-001270,approved,,2026-06-07T10:49:18Z
AUTH-000570,TXN-000122,approved,,2026-06-13T18:29:26Z
AUTH-000571,TXN-001759,approved,,2027-06-03T22:47:28Z
AUTH-000572,TXN-000984,approved,,2026-08-02T09:50:00Z
AUTH-000573,TXN-000244,declined,suspected_fraud,2026-06-08T01:52:43Z
AUTH-000574,TXN-001364,approved,,2026-06-10T18:07:39Z
AUTH-000575,TXN-001318,approved,,2026-06-30T22:23:45Z
AUTH-000576,TXN-001702,approved,,2026-06-22T20:35:05Z
AUTH-000577,TXN-001821,approved,,2026-06-12T16:56:00Z
AUTH-000578,TXN-001426,approved,,2026-07-02T06:16:29Z
AUTH-000579,TXN-000007,approved,,2026-06-19T09:51:12Z
AUTH-000580,TXN-001616,approved,,2026-06-23T08:36:40Z
AUTH-000581,TXN-001708,approved,,2026-07-05T23:46:05Z
AUTH-000582,TXN-000012,approved,,2026-07-01T13:12:37Z
AUTH-000583,TXN-001849,approved,,2026-06-25T00:20:15Z
AUTH-000584,TXN-001645,approved,,2026-11-09T16:49:54Z
AUTH-000585,TXN-000216,declined,suspected_fraud,2026-07-12T16:21:54Z
AUTH-000586,TXN-000503,approved,,2026-07-25T05:33:39Z
AUTH-000587,TXN-999999,approved,,2026-06-09T12:38:16Z
AUTH-000588,TXN-000398,approved,,2026-06-14T14:04:26Z
AUTH-000589,TXN-000957,declined,insufficient_funds,2026-06-09T12:28:58Z
AUTH-000590,TXN-000669,approved,,2026-06-19T00:12:21Z
AUTH-000591,TXN-001702,approved,,2026-06-22T20:35:05Z
AUTH-000592,TXN-000582,declined,incorrect_pin,2026-06-27T01:05:03Z
AUTH-000593,TXN-001399,approved,,2026-07-01T19:43:41Z
AUTH-000594,TXN-000555,declined,do_not_honour,2026-06-12T03:53:41Z
AUTH-000595,TXN-000300,approved,,2026-06-23T10:22:22Z
AUTH-000596,TXN-001344,approved,,2026-07-20T11:07:39Z
AUTH-000597,TXN-001553,declined,suspected_fraud,2026-06-20T02:42:08Z
AUTH-000598,TXN-000834,approved,,2026-06-30T10:26:36Z
AUTH-000599,TXN-000384,approved,,2026-06-16T20:34:56Z
AUTH-000600,TXN-001718,approved,,2026-06-06T13:27:35Z
AUTH-000601,TXN-001191,approved,,2026-07-04T18:26:59Z
AUTH-000602,TXN-000142,approved,,2026-06-15T05:04:34Z
AUTH-000603,TXN-001596,approved,,2026-07-05T13:25:20Z
AUTH-000604,TXN-001477,approved,,2026-06-25T20:19:16Z
AUTH-000605,TXN-001760,approved,,2026-06-25T13:08:18Z
AUTH-000606,TXN-000228,declined,expired_card,2026-07-05T01:02:53Z
AUTH-000607,TXN-000879,approved,,2026-06-20T16:46:29Z
AUTH-000608,TXN-000130,approved,,2026-06-13T16:10:37Z
AUTH-000609,TXN-000484,approved,,2026-07-02T01:46:27Z
AUTH-000610,TXN-000791,approved,,2026-06-14T13:35:55Z
AUTH-000611,TXN-000060,approved,,2026-06-30T19:16:10Z
AUTH-000612,TXN-001763,approved,,2026-06-20T18:51:12Z
AUTH-000613,TXN-000793,approved,,2026-06-08T13:05:33Z
AUTH-000614,TXN-001216,approved,,2026-06-27T22:24:45Z
AUTH-000615,TXN-001804,declined,expired_card,2026-06-25T20:55:15Z
AUTH-000616,TXN-000022,approved,,2026-06-29T09:25:28Z
AUTH-000617,TXN-001085,approved,,2026-06-19T13:30:18Z
AUTH-000618,TXN-001119,approved,,2026-06-26T03:04:22Z
AUTH-000619,TXN-000872,approved,,2026-06-05T08:09:21Z
AUTH-000620,TXN-000241,approved,,2026-06-28T08:58:01Z
AUTH-000621,TXN-999999,approved,,2026-07-03T21:18:51Z
AUTH-000622,TXN-000526,approved,,2026-07-01T21:31:31Z
AUTH-000623,TXN-000458,approved,,2026-06-23T08:23:06Z
AUTH-000624,TXN-000222,approved,,2026-06-26T18:18:47Z
AUTH-000625,TXN-001393,approved,,2026-06-24T10:39:44Z
AUTH-000626,TXN-001581,approved,,2026-06-27T07:41:49Z
AUTH-000627,TXN-001215,approved,,2026-06-30T07:46:15Z
AUTH-000628,TXN-000124,approved,,2026-06-13T03:43:31Z
AUTH-000629,TXN-999999,approved,,2026-06-11T04:03:01Z
AUTH-000630,TXN-001059,declined,do_not_honour,2026-06-14T22:03:27Z
AUTH-000631,TXN-001300,approved,,2026-06-24T19:14:50Z
AUTH-000632,TXN-001340,approved,,2026-06-14T15:56:00Z
AUTH-000633,TXN-000154,approved,,2026-06-18T07:07:03Z
AUTH-000634,TXN-000421,approved,,2026-06-18T19:55:23Z
AUTH-000635,TXN-001506,approved,,2026-06-19T20:09:40Z
AUTH-000636,TXN-000171,declined,do_not_honour,2026-06-14T00:57:41Z
AUTH-000637,TXN-999999,approved,,2026-06-26T07:21:50Z
AUTH-000638,TXN-000689,approved,,2026-06-14T21:10:45Z
AUTH-000639,TXN-000412,approved,,2026-06-05T12:13:25Z
AUTH-000640,TXN-001494,approved,,2026-06-07T20:24:17Z
AUTH-000641,TXN-001292,approved,,2026-06-07T06:08:51Z
AUTH-000642,TXN-000424,approved,,2026-08-04T21:39:08Z
AUTH-000643,TXN-001168,declined,do_not_honour,2026-06-16T14:42:06Z
AUTH-000644,TXN-999999,approved,,2026-06-18T14:29:01Z
AUTH-000645,TXN-000761,approved,,2026-06-05T16:35:20Z
AUTH-000646,TXN-000344,approved,,2026-06-20T15:34:08Z
AUTH-000647,TXN-000709,approved,,2026-06-24T18:15:31Z
AUTH-000648,TXN-000350,approved,,2026-07-01T15:09:46Z
AUTH-000649,TXN-000998,approved,,2026-06-10T22:22:35Z
AUTH-000650,TXN-001658,approved,,2026-06-29T06:30:10Z
AUTH-000651,TXN-001042,approved,,2026-06-19T18:10:07Z
AUTH-000652,TXN-000373,approved,,2026-06-25T07:15:53Z
AUTH-000653,TXN-001422,approved,,2026-06-10T07:10:25Z
AUTH-000654,TXN-001899,approved,,2026-06-18T18:08:28Z
AUTH-000655,TXN-001452,approved,,2026-06-29T06:47:30Z
AUTH-000656,TXN-000495,approved,,2026-12-17T18:35:41Z
AUTH-000657,TXN-001348,approved,,2026-07-05T15:54:59Z
AUTH-000658,TXN-000478,declined,insufficient_funds,2026-07-02T05:43:46Z
AUTH-000659,TXN-000375,approved,,2026-06-10T18:22:29Z
AUTH-000660,TXN-000584,approved,,2026-06-24T08:39:38Z
AUTH-000661,TXN-001984,approved,,2026-06-18T03:22:40Z
AUTH-000662,TXN-000294,approved,,2026-06-27T15:25:42Z
AUTH-000663,TXN-000140,approved,,2026-09-19T02:20:40Z
AUTH-000664,TXN-000940,approved,,2026-06-25T08:02:22Z
AUTH-000665,TXN-001222,approved,,2026-06-26T17:28:56Z
AUTH-000666,TXN-000289,approved,,2026-07-05T10:25:49Z
AUTH-000667,TXN-001322,approved,,2026-07-02T21:39:09Z
AUTH-000668,TXN-001130,declined,suspected_fraud,2026-06-25T20:57:23Z
AUTH-000669,TXN-000786,declined,insufficient_funds,2026-06-26T01:29:45Z
AUTH-000670,TXN-000357,approved,,2026-06-15T04:13:25Z
AUTH-000671,TXN-001811,approved,,2026-10-28T19:45:50Z
AUTH-000672,TXN-001256,declined,expired_card,2026-06-13T15:12:56Z
AUTH-000673,TXN-001696,approved,,2026-06-06T13:18:33Z
AUTH-000674,TXN-000950,approved,,2026-08-01T23:24:36Z
AUTH-000675,TXN-000551,approved,,2026-06-05T05:30:45Z
AUTH-000676,TXN-000994,approved,,2026-06-29T23:01:13Z
AUTH-000677,TXN-001677,approved,,2026-06-23T02:09:53Z
AUTH-000678,TXN-001890,approved,,2026-12-22T17:23:01Z
AUTH-000679,TXN-000834,declined,incorrect_pin,2026-06-30T10:26:36Z
AUTH-000680,TXN-001740,approved,,2026-06-14T20:23:59Z
AUTH-000681,TXN-001303,approved,,2026-06-12T05:17:57Z
AUTH-000682,TXN-001436,approved,,2026-12-04T23:47:21Z
AUTH-000683,TXN-001849,approved,,2026-06-25T00:20:15Z
AUTH-000684,TXN-000054,approved,,2026-06-19T09:00:59Z
AUTH-000685,TXN-001784,approved,,2026-07-03T15:14:25Z
AUTH-000686,TXN-001912,approved,,2026-06-05T01:10:21Z
AUTH-000687,TXN-000127,declined,suspected_fraud,2026-06-25T08:57:16Z
AUTH-000688,TXN-000622,approved,,2026-06-11T03:50:22Z
AUTH-000689,TXN-001735,approved,,2026-06-25T23:29:54Z
AUTH-000690,TXN-000404,declined,insufficient_funds,2026-07-05T00:47:51Z
AUTH-000691,TXN-000434,approved,,2026-06-13T04:41:40Z
AUTH-000692,TXN-000079,approved,,2026-07-03T21:18:51Z
AUTH-000693,TXN-001876,approved,,2026-06-17T15:17:28Z
AUTH-000694,TXN-001882,approved,,2026-06-26T18:41:26Z
AUTH-000695,TXN-999999,approved,,2026-06-16T22:35:06Z
AUTH-000696,TXN-000567,approved,,2026-06-30T04:27:52Z
AUTH-000697,TXN-001088,approved,,2026-06-20T14:43:14Z
AUTH-000698,TXN-001651,approved,,2026-06-08T23:16:39Z
AUTH-000699,TXN-001257,approved,,2026-06-16T16:34:10Z
AUTH-000700,TXN-999999,approved,,2026-06-24T19:38:26Z
AUTH-000701,TXN-001094,approved,,2026-06-28T20:10:18Z
AUTH-000702,TXN-999999,approved,,2026-06-10T05:43:13Z
AUTH-000703,TXN-000223,approved,,2026-07-04T11:03:33Z
AUTH-000704,TXN-001000,approved,,2026-06-24T12:29:22Z
AUTH-000705,TXN-001297,approved,,2026-06-28T21:59:22Z
AUTH-000706,TXN-001892,approved,,2026-06-19T23:25:37Z
AUTH-000707,TXN-001620,approved,,2026-06-05T06:22:59Z
AUTH-000708,TXN-001317,approved,,2026-06-13T12:34:16Z
AUTH-000709,TXN-000713,declined,suspected_fraud,2026-06-11T18:55:05Z
AUTH-000710,TXN-000406,approved,,2026-06-08T23:13:44Z
AUTH-000711,TXN-001675,approved,,2026-06-25T13:49:16Z
AUTH-000712,TXN-001824,approved,,2026-06-20T13:09:50Z
AUTH-000713,TXN-000962,approved,,2026-06-15T02:44:56Z
AUTH-000714,TXN-000150,approved,,2026-06-26T22:35:43Z
AUTH-000715,TXN-000133,approved,,2026-06-15T09:06:37Z
AUTH-000716,TXN-000747,approved,,2026-06-13T17:32:38Z
AUTH-000717,TXN-000619,approved,,2026-06-08T08:45:11Z
AUTH-000718,TXN-000096,approved,,2026-07-03T04:03:16Z
AUTH-000719,TXN-000514,approved,,2026-06-12T19:56:26Z
AUTH-000720,TXN-000719,approved,,2026-07-03T04:59:24Z
AUTH-000721,TXN-999999,approved,,2026-07-02T16:28:14Z
AUTH-000722,TXN-000139,approved,,2026-06-21T13:39:55Z
AUTH-000723,TXN-000276,approved,,2026-06-10T09:03:41Z
AUTH-000724,TXN-000955,approved,,2026-06-27T13:31:40Z
AUTH-000725,TXN-000832,approved,,2026-06-06T01:26:15Z
AUTH-000726,TXN-001856,approved,,2026-06-29T19:19:39Z
AUTH-000727,TXN-001547,approved,,2026-06-13T19:50:52Z
AUTH-000728,TXN-000150,approved,,2026-06-26T22:35:43Z
AUTH-000729,TXN-000049,approved,,2026-06-29T22:27:50Z
AUTH-000730,TXN-001040,approved,,2026-06-16T17:55:51Z
AUTH-000731,TXN-000653,approved,,2026-06-18T06:54:34Z
AUTH-000732,TXN-001155,approved,,2026-06-28T04:54:32Z
AUTH-000733,TXN-000449,approved,,2026-06-13T21:02:31Z
AUTH-000734,TXN-000981,approved,,2026-06-23T00:41:33Z
AUTH-000735,TXN-001286,approved,,2026-06-30T16:00:49Z
AUTH-000736,TXN-000689,approved,,2026-06-14T21:10:45Z
AUTH-000737,TXN-000297,approved,,2026-11-15T13:11:39Z
AUTH-000738,TXN-000222,approved,,2026-06-26T18:18:47Z
AUTH-000739,TXN-001643,approved,,2026-07-03T18:18:04Z
AUTH-000740,TXN-000564,approved,,2026-06-07T08:43:43Z
AUTH-000741,TXN-000594,approved,,2026-06-23T21:10:19Z
AUTH-000742,TXN-000623,approved,,2026-06-09T20:00:55Z
AUTH-000743,TXN-999999,declined,incorrect_pin,2026-06-25T07:15:53Z
AUTH-000744,TXN-000221,approved,,2026-06-09T07:37:13Z
AUTH-000745,TXN-001457,approved,,2026-06-30T18:28:00Z
AUTH-000746,TXN-001002,approved,,2027-05-22T11:17:24Z
AUTH-000747,TXN-001339,declined,suspected_fraud,2026-06-07T17:36:12Z
AUTH-000748,TXN-000460,approved,,2026-06-12T10:14:25Z
AUTH-000749,TXN-001631,approved,,2026-06-30T20:29:54Z
AUTH-000750,TXN-001354,approved,,2026-06-08T11:41:43Z
AUTH-000751,TXN-000504,approved,,2026-06-22T21:30:42Z
AUTH-000752,TXN-001177,approved,,2027-05-03T18:05:43Z
AUTH-000753,TXN-000891,approved,,2026-07-02T12:05:20Z
AUTH-000754,TXN-000568,approved,,2026-07-04T10:48:18Z
AUTH-000755,TXN-000457,approved,,2026-06-24T02:43:12Z
AUTH-000756,TXN-001054,approved,,2026-06-23T18:15:15Z
AUTH-000757,TXN-000795,approved,,2027-06-18T21:32:48Z
AUTH-000758,TXN-001572,approved,,2026-07-28T07:40:03Z
AUTH-000759,TXN-001363,approved,,2026-06-07T06:22:58Z
AUTH-000760,TXN-001895,approved,,2026-06-05T10:34:42Z
AUTH-000761,TXN-001057,approved,,2026-06-16T17:22:06Z
AUTH-000762,TXN-000365,approved,,2026-06-21T08:28:35Z
AUTH-000763,TXN-000633,approved,,2026-06-18T06:50:44Z
AUTH-000764,TXN-000731,approved,,2026-06-26T15:00:52Z
AUTH-000765,TXN-001749,approved,,2026-06-28T08:48:37Z
AUTH-000766,TXN-001388,approved,,2026-07-03T10:20:07Z
AUTH-000767,TXN-001459,approved,,2027-02-20T00:27:53Z
AUTH-000768,TXN-001708,approved,,2026-07-05T23:46:05Z
AUTH-000769,TXN-001058,declined,do_not_honour,2026-06-21T09:10:16Z
AUTH-000770,TXN-001214,declined,suspected_fraud,2026-06-21T04:11:37Z
AUTH-000771,TXN-001188,approved,,2026-06-07T02:18:18Z
AUTH-000772,TXN-000348,approved,,2026-08-01T17:32:22Z
AUTH-000773,TXN-001372,approved,,2026-07-18T23:07:20Z
AUTH-000774,TXN-001488,declined,do_not_honour,2026-06-29T06:57:50Z
AUTH-000775,TXN-001780,approved,,2026-06-21T03:21:56Z
AUTH-000776,TXN-001989,approved,,2026-06-29T02:59:13Z
AUTH-000777,TXN-000156,approved,,2027-03-07T07:23:05Z
AUTH-000778,TXN-001785,approved,,2026-06-12T10:22:00Z
AUTH-000779,TXN-001632,approved,,2026-09-04T04:54:57Z
AUTH-000780,TXN-999999,approved,,2026-07-01T13:12:37Z
AUTH-000781,TXN-000391,approved,,2026-07-04T13:06:15Z
AUTH-000782,TXN-000032,approved,,2026-06-14T00:38:13Z
AUTH-000783,TXN-001277,approved,,2026-06-12T04:59:51Z
AUTH-000784,TXN-000059,approved,,2026-06-12T17:57:09Z
AUTH-000785,TXN-001653,approved,,2026-06-13T06:14:23Z
AUTH-000786,TXN-000551,approved,,2026-06-05T05:30:45Z
AUTH-000787,TXN-001765,declined,expired_card,2026-06-27T20:56:50Z
AUTH-000788,TXN-000783,approved,,2026-06-17T02:20:02Z
AUTH-000789,TXN-001063,approved,,2026-06-16T01:46:50Z
AUTH-000790,TXN-001742,approved,,2026-06-14T12:18:30Z
AUTH-000791,TXN-001117,approved,,2026-06-12T12:40:37Z
AUTH-000792,TXN-000147,approved,,2026-06-11T17:53:26Z
AUTH-000793,TXN-001902,approved,,2026-07-04T00:12:12Z
AUTH-000794,TXN-001499,approved,,2026-07-03T04:24:04Z
AUTH-000795,TXN-001268,approved,,2026-06-12T01:33:56Z
AUTH-000796,TXN-001957,approved,,2026-06-27T00:49:01Z
AUTH-000797,TXN-000559,approved,,2026-06-26T22:37:07Z
AUTH-000798,TXN-000897,declined,suspected_fraud,2026-06-27T04:47:01Z
AUTH-000799,TXN-000395,approved,,2026-06-27T01:44:02Z
AUTH-000800,TXN-001851,approved,,2026-06-10T12:08:27Z
AUTH-000801,TXN-001956,approved,,2026-07-05T13:03:32Z
AUTH-000802,TXN-000050,approved,,2026-06-17T12:05:45Z
AUTH-000803,TXN-000988,approved,,2026-06-26T15:25:05Z
AUTH-000804,TXN-000279,approved,,2026-06-16T20:35:57Z
AUTH-000805,TXN-000588,declined,insufficient_funds,2026-07-13T18:39:23Z
AUTH-000806,TXN-000208,approved,,2026-06-29T01:52:58Z
AUTH-000807,TXN-000374,approved,,2026-06-10T02:56:23Z
AUTH-000808,TXN-000782,approved,,2026-07-30T03:41:30Z
AUTH-000809,TXN-001399,declined,insufficient_funds,2026-07-01T19:43:41Z
AUTH-000810,TXN-000928,approved,,2026-07-02T02:40:51Z
AUTH-000811,TXN-001966,approved,,2026-07-01T17:29:14Z
AUTH-000812,TXN-000416,approved,,2026-07-03T03:26:13Z
AUTH-000813,TXN-000664,approved,,2026-11-18T11:55:25Z
AUTH-000814,TXN-001678,approved,,2026-06-05T17:06:11Z
AUTH-000815,TXN-000516,approved,,2026-06-15T04:45:00Z
AUTH-000816,TXN-001352,approved,,2026-08-05T12:10:43Z
AUTH-000817,TXN-999999,approved,,2026-07-05T22:29:33Z
AUTH-000818,TXN-001624,approved,,2026-07-22T21:14:50Z
AUTH-000819,TXN-000657,approved,,2026-06-08T10:16:41Z
AUTH-000820,TXN-999999,approved,,2026-06-29T08:58:32Z
AUTH-000821,TXN-001968,declined,insufficient_funds,2026-06-10T16:58:58Z
AUTH-000822,TXN-000726,approved,,2026-08-02T21:08:13Z
AUTH-000823,TXN-001043,declined,suspected_fraud,2026-06-07T17:27:13Z
AUTH-000824,TXN-001190,approved,,2026-06-15T23:07:47Z
AUTH-000825,TXN-001500,approved,,2026-06-28T03:51:29Z
AUTH-000826,TXN-001409,approved,,2026-06-07T22:31:00Z
AUTH-000827,TXN-001001,approved,,2026-07-03T03:12:17Z
AUTH-000828,TXN-001321,approved,,2026-06-22T23:26:28Z
AUTH-000829,TXN-000425,approved,,2026-06-14T07:53:27Z
AUTH-000830,TXN-001092,declined,do_not_honour,2026-06-10T15:56:18Z
AUTH-000831,TXN-001553,approved,,2026-06-20T02:42:08Z
AUTH-000832,TXN-000497,approved,,2026-06-12T12:18:05Z
AUTH-000833,TXN-001765,approved,,2026-06-27T20:56:50Z
AUTH-000834,TXN-001757,approved,,2026-06-10T17:02:52Z
AUTH-000835,TXN-000790,approved,,2026-06-11T17:48:17Z
AUTH-000836,TXN-001248,approved,,2026-07-02T21:19:55Z
AUTH-000837,TXN-001236,approved,,2026-06-08T12:34:02Z
AUTH-000838,TXN-000990,approved,,2026-06-07T00:10:33Z
AUTH-000839,TXN-000040,approved,,2026-06-17T13:50:31Z
AUTH-000840,TXN-001505,approved,,2027-04-11T01:53:45Z
AUTH-000841,TXN-001554,approved,,2026-06-13T09:45:12Z
AUTH-000842,TXN-999999,declined,insufficient_funds,2026-06-14T22:03:27Z
AUTH-000843,TXN-001944,approved,,2026-06-17T06:45:16Z
AUTH-000844,TXN-001902,approved,,2026-07-04T00:12:12Z
AUTH-000845,TXN-001886,approved,,2026-07-02T17:03:23Z
AUTH-000846,TXN-001711,approved,,2026-06-23T19:40:44Z
AUTH-000847,TXN-001225,declined,insufficient_funds,2026-06-30T15:25:35Z
AUTH-000848,TXN-001130,approved,,2026-06-25T20:57:23Z
AUTH-000849,TXN-001289,approved,,2026-06-18T21:50:08Z
AUTH-000850,TXN-000143,approved,,2026-06-16T06:33:40Z
AUTH-000851,TXN-000368,approved,,2026-06-23T19:09:35Z
AUTH-000852,TXN-000541,approved,,2026-07-02T02:32:12Z
AUTH-000853,TXN-001112,approved,,2026-06-22T01:02:33Z
AUTH-000854,TXN-001965,declined,incorrect_pin,2026-07-11T04:24:35Z
AUTH-000855,TXN-999999,approved,,2026-06-20T19:39:07Z
AUTH-000856,TXN-000115,approved,,2026-06-17T08:31:31Z
AUTH-000857,TXN-000759,approved,,2026-06-27T10:59:22Z
AUTH-000858,TXN-001682,declined,expired_card,2026-06-10T06:45:26Z
AUTH-000859,TXN-001150,approved,,2027-06-27T15:18:46Z
AUTH-000860,TXN-000249,approved,,2026-06-08T12:26:17Z
AUTH-000861,TXN-001338,approved,,2026-06-22T04:22:28Z
AUTH-000862,TXN-000194,approved,,2026-06-18T21:44:41Z
AUTH-000863,TXN-000372,approved,,2026-06-05T00:29:52Z
AUTH-000864,TXN-999999,declined,insufficient_funds,2026-06-25T20:57:23Z
AUTH-000865,TXN-000218,approved,,2026-06-25T17:33:14Z
AUTH-000866,TXN-001072,approved,,2026-06-12T12:44:35Z
AUTH-000867,TXN-999999,approved,,2026-06-20T22:59:59Z
AUTH-000868,TXN-000028,approved,,2026-07-05T23:14:37Z
AUTH-000869,TXN-001067,approved,,2026-06-28T21:23:20Z
AUTH-000870,TXN-001521,declined,incorrect_pin,2026-06-19T03:56:59Z
AUTH-000871,TXN-001051,approved,,2026-06-30T02:43:24Z
AUTH-000872,TXN-000269,approved,,2026-06-26T22:59:02Z
AUTH-000873,TXN-000781,approved,,2027-03-30T11:43:23Z
AUTH-000874,TXN-001217,approved,,2026-06-08T07:00:37Z
AUTH-000875,TXN-000419,approved,,2026-06-09T02:15:19Z
AUTH-000876,TXN-001264,approved,,2026-06-27T04:39:10Z
AUTH-000877,TXN-001942,approved,,2026-06-17T08:36:31Z
AUTH-000878,TXN-000471,approved,,2026-06-13T21:42:07Z
AUTH-000879,TXN-000873,approved,,2026-06-16T09:37:10Z
AUTH-000880,TXN-000959,approved,,2026-07-01T01:07:06Z
AUTH-000881,TXN-001647,approved,,2026-06-15T19:11:49Z
AUTH-000882,TXN-000817,approved,,2026-06-22T08:44:04Z
AUTH-000883,TXN-001477,approved,,2026-06-25T20:19:16Z
AUTH-000884,TXN-000855,approved,,2026-06-12T07:11:33Z
AUTH-000885,TXN-001739,declined,expired_card,2026-06-17T13:59:25Z
AUTH-000886,TXN-001408,approved,,2026-06-28T18:25:52Z
AUTH-000887,TXN-001965,declined,suspected_fraud,2026-06-17T14:03:35Z
AUTH-000888,TXN-000499,approved,,2026-06-15T10:44:44Z
AUTH-000889,TXN-000987,approved,,2026-06-16T03:21:37Z
AUTH-000890,TXN-000926,approved,,2026-06-11T22:14:05Z
AUTH-000891,TXN-001526,approved,,2026-06-28T22:40:14Z
AUTH-000892,TXN-001467,approved,,2026-06-08T20:54:04Z
AUTH-000893,TXN-001569,declined,insufficient_funds,2026-06-28T22:12:23Z
AUTH-000894,TXN-001856,approved,,2026-06-29T19:19:39Z
AUTH-000895,TXN-000570,approved,,2026-06-24T18:39:46Z
AUTH-000896,TXN-001598,approved,,2026-06-22T20:42:15Z
AUTH-000897,TXN-000426,approved,,2026-07-19T07:15:10Z
AUTH-000898,TXN-000563,approved,,2026-06-22T00:52:39Z
AUTH-000899,TXN-001515,approved,,2026-07-01T17:26:17Z
AUTH-000900,TXN-000347,approved,,2026-06-10T23:03:08Z
AUTH-000901,TXN-000883,approved,,2026-06-24T14:36:34Z
AUTH-000902,TXN-001396,approved,,2026-06-24T21:20:10Z
AUTH-000903,TXN-001426,approved,,2026-07-02T06:16:29Z
AUTH-000904,TXN-001077,approved,,2026-06-09T08:01:50Z
AUTH-000905,TXN-000936,declined,suspected_fraud,2026-07-02T09:56:34Z
AUTH-000906,TXN-000180,approved,,2026-06-28T12:19:46Z
AUTH-000907,TXN-001366,approved,,2026-07-22T03:42:33Z
AUTH-000908,TXN-001473,declined,insufficient_funds,2026-06-06T15:49:47Z
AUTH-000909,TXN-001761,approved,,2026-06-08T23:45:17Z
AUTH-000910,TXN-000163,approved,,2026-06-22T23:46:50Z
AUTH-000911,TXN-001033,approved,,2026-06-20T22:44:59Z
AUTH-000912,TXN-999999,approved,,2026-06-25T10:30:54Z
AUTH-000913,TXN-001682,declined,do_not_honour,2026-06-10T06:45:26Z
AUTH-000914,TXN-001907,approved,,2026-09-29T18:32:38Z
AUTH-000915,TXN-000009,declined,expired_card,2026-07-01T23:20:34Z
AUTH-000916,TXN-001712,approved,,2026-07-05T10:05:47Z
AUTH-000917,TXN-000236,approved,,2026-06-09T15:54:37Z
AUTH-000918,TXN-001001,declined,suspected_fraud,2026-07-03T03:12:17Z
AUTH-000919,TXN-001356,approved,,2026-07-03T17:11:34Z
AUTH-000920,TXN-001327,approved,,2026-06-22T02:00:37Z
AUTH-000921,TXN-001918,approved,,2026-07-08T12:45:40Z
AUTH-000922,TXN-001476,approved,,2026-06-26T01:22:57Z
AUTH-000923,TXN-000421,approved,,2026-06-18T19:55:23Z
AUTH-000924,TXN-999999,declined,do_not_honour,2026-06-07T03:43:28Z
AUTH-000925,TXN-001958,approved,,2026-06-06T08:37:27Z
AUTH-000926,TXN-001953,approved,,2026-06-17T17:22:21Z
AUTH-000927,TXN-001868,approved,,2026-06-17T02:56:01Z
AUTH-000928,TXN-000925,approved,,2026-06-08T04:34:02Z
AUTH-000929,TXN-000417,approved,,2026-06-11T05:48:58Z
AUTH-000930,TXN-000522,approved,,2026-07-04T13:43:13Z
AUTH-000931,TXN-000453,approved,,2026-07-04T04:04:44Z
AUTH-000932,TXN-000264,approved,,2026-07-02T03:55:25Z
AUTH-000933,TXN-001816,approved,,2026-07-05T11:24:33Z
AUTH-000934,TXN-000184,approved,,2026-06-13T22:56:30Z
AUTH-000935,TXN-001997,approved,,2026-06-16T22:51:15Z
AUTH-000936,TXN-001264,approved,,2026-06-27T04:39:10Z
AUTH-000937,TXN-000763,declined,do_not_honour,2026-06-25T06:30:27Z
AUTH-000938,TXN-000357,approved,,2026-06-15T04:13:25Z
AUTH-000939,TXN-001490,declined,expired_card,2026-06-15T01:09:02Z
AUTH-000940,TXN-001598,approved,,2026-06-22T20:42:15Z
AUTH-000941,TXN-001738,approved,,2026-06-16T18:59:12Z
AUTH-000942,TXN-000482,approved,,2026-06-10T17:35:04Z
AUTH-000943,TXN-001839,approved,,2026-07-04T15:34:40Z
AUTH-000944,TXN-000547,approved,,2026-06-06T04:29:04Z
AUTH-000945,TXN-001544,approved,,2027-05-08T04:49:09Z
AUTH-000946,TXN-001329,approved,,2026-06-05T20:37:40Z
AUTH-000947,TXN-001085,approved,,2026-06-19T13:30:18Z
AUTH-000948,TXN-001011,declined,incorrect_pin,2026-07-27T05:12:25Z
AUTH-000949,TXN-000947,declined,expired_card,2026-06-18T11:55:53Z
AUTH-000950,TXN-001256,approved,,2026-06-13T15:12:56Z
AUTH-000951,TXN-000638,approved,,2026-06-29T00:58:19Z
AUTH-000952,TXN-000526,approved,,2026-07-01T21:31:31Z
AUTH-000953,TXN-000150,approved,,2026-06-26T22:35:43Z
AUTH-000954,TXN-000377,approved,,2026-07-31T07:55:20Z
AUTH-000955,TXN-001858,approved,,2026-06-25T03:46:47Z
AUTH-000956,TXN-999999,approved,,2026-06-29T13:35:28Z
AUTH-000957,TXN-001963,approved,,2026-06-27T02:45:36Z
AUTH-000958,TXN-000508,approved,,2026-06-24T20:53:08Z
AUTH-000959,TXN-000054,approved,,2026-07-28T03:53:10Z
AUTH-000960,TXN-001636,approved,,2026-06-27T03:30:15Z
AUTH-000961,TXN-000141,approved,,2027-01-15T05:49:46Z
AUTH-000962,TXN-001821,approved,,2026-06-12T16:56:00Z
AUTH-000963,TXN-001643,approved,,2026-07-03T18:18:04Z
AUTH-000964,TXN-000042,approved,,2026-06-14T03:26:04Z
AUTH-000965,TXN-001065,approved,,2026-06-29T00:37:55Z
AUTH-000966,TXN-001503,approved,,2026-06-10T00:36:20Z
AUTH-000967,TXN-000454,approved,,2026-07-02T05:36:26Z
AUTH-000968,TXN-001397,approved,,2026-06-24T22:39:49Z
AUTH-000969,TXN-001397,approved,,2026-06-24T22:39:49Z
AUTH-000970,TXN-000365,approved,,2026-06-21T08:28:35Z
AUTH-000971,TXN-000927,approved,,2026-06-05T15:55:22Z
AUTH-000972,TXN-001515,declined,incorrect_pin,2026-07-01T17:26:17Z
AUTH-000973,TXN-001101,approved,,2026-06-07T09:20:51Z
AUTH-000974,TXN-000489,approved,,2026-07-01T05:43:39Z
AUTH-000975,TXN-000806,approved,,2026-06-16T11:22:18Z
AUTH-000976,TXN-001609,approved,,2027-04-02T16:18:27Z
AUTH-000977,TXN-000845,approved,,2027-05-12T20:12:43Z
AUTH-000978,TXN-001911,approved,,2026-06-27T06:49:11Z
AUTH-000979,TXN-001651,approved,,2026-06-08T23:16:39Z
AUTH-000980,TXN-000790,declined,insufficient_funds,2026-06-11T17:48:17Z
AUTH-000981,TXN-001234,approved,,2026-06-22T18:53:00Z
AUTH-000982,TXN-000647,approved,,2026-12-30T23:41:53Z
AUTH-000983,TXN-000447,approved,,2026-06-25T20:47:51Z
AUTH-000984,TXN-001504,approved,,2026-06-19T05:34:40Z
AUTH-000985,TXN-001046,approved,,2026-06-26T04:24:22Z
AUTH-000986,TXN-001013,approved,,2026-06-16T10:57:44Z
AUTH-000987,TXN-001835,approved,,2026-06-25T14:28:11Z
AUTH-000988,TXN-001801,approved,,2026-06-21T23:49:02Z
AUTH-000989,TXN-001898,approved,,2026-06-24T00:59:48Z
AUTH-000990,TXN-000800,approved,,2026-06-15T05:32:21Z
AUTH-000991,TXN-000679,declined,do_not_honour,2026-06-10T19:40:59Z
AUTH-000992,TXN-001582,approved,,2026-06-18T13:33:15Z
AUTH-000993,TXN-001505,declined,suspected_fraud,2027-04-11T01:53:45Z
AUTH-000994,TXN-001962,approved,,2026-06-26T18:59:44Z
AUTH-000995,TXN-000486,approved,,2026-06-06T16:18:26Z
AUTH-000996,TXN-000551,declined,insufficient_funds,2026-06-05T05:30:45Z
AUTH-000997,TXN-000806,approved,,2026-06-16T11:22:18Z
AUTH-000998,TXN-000026,approved,,2026-06-09T00:25:51Z
AUTH-000999,TXN-000583,declined,do_not_honour,2026-06-08T19:53:25Z
AUTH-001000,TXN-001691,approved,,2027-05-28T12:10:51Z
AUTH-001001,TXN-000752,approved,,2026-07-05T21:41:54Z
AUTH-001002,TXN-001838,approved,,2026-06-22T06:27:05Z
AUTH-001003,TXN-001852,approved,,2026-06-23T07:02:38Z
AUTH-001004,TXN-000089,approved,,2026-06-05T08:46:52Z
AUTH-001005,TXN-000052,approved,,2026-11-12T19:03:38Z
AUTH-001006,TXN-001945,approved,,2026-06-15T06:54:19Z
AUTH-001007,TXN-000015,declined,do_not_honour,2026-06-08T10:00:35Z
AUTH-001008,TXN-001796,approved,,2026-06-27T12:33:50Z
AUTH-001009,TXN-000833,approved,,2026-06-24T18:12:07Z
AUTH-001010,TXN-001485,approved,,2026-06-08T06:24:24Z
AUTH-001011,TXN-000779,approved,,2026-06-17T19:29:29Z
AUTH-001012,TXN-000937,approved,,2026-06-28T00:12:32Z
AUTH-001013,TXN-999999,declined,incorrect_pin,2026-06-27T07:41:49Z
AUTH-001014,TXN-001870,approved,,2026-06-20T18:11:28Z
AUTH-001015,TXN-000813,declined,insufficient_funds,2026-06-15T13:01:37Z
AUTH-001016,TXN-001543,approved,,2026-06-11T11:40:52Z
AUTH-001017,TXN-000958,approved,,2026-06-22T14:34:19Z
AUTH-001018,TXN-001700,approved,,2026-07-31T07:17:43Z
AUTH-001019,TXN-001146,declined,expired_card,2026-07-01T03:25:08Z
AUTH-001020,TXN-000692,approved,,2026-06-21T19:11:49Z
AUTH-001021,TXN-001532,approved,,2026-06-11T16:38:05Z
AUTH-001022,TXN-000666,approved,,2026-07-12T18:10:37Z
AUTH-001023,TXN-000856,approved,,2026-06-07T06:16:30Z
AUTH-001024,TXN-000192,approved,,2026-06-13T01:36:27Z
AUTH-001025,TXN-001346,approved,,2026-06-07T03:43:28Z
AUTH-001026,TXN-000049,declined,expired_card,2026-06-29T22:27:50Z
AUTH-001027,TXN-001217,approved,,2026-06-08T07:00:37Z
AUTH-001028,TXN-000587,approved,,2026-06-10T18:35:31Z
AUTH-001029,TXN-000111,approved,,2026-06-23T19:12:04Z
AUTH-001030,TXN-001251,approved,,2026-06-09T10:54:59Z
AUTH-001031,TXN-001945,approved,,2026-06-15T06:54:19Z
AUTH-001032,TXN-000568,approved,,2026-07-04T10:48:18Z
AUTH-001033,TXN-000315,approved,,2027-03-08T15:11:16Z
AUTH-001034,TXN-001947,approved,,2026-07-13T10:34:24Z
AUTH-001035,TXN-001858,declined,do_not_honour,2026-06-25T03:46:47Z
AUTH-001036,TXN-000666,approved,,2026-06-18T18:12:45Z
AUTH-001037,TXN-000875,approved,,2026-10-10T15:29:42Z
AUTH-001038,TXN-000763,approved,,2026-06-25T06:30:27Z
AUTH-001039,TXN-001271,approved,,2026-07-03T00:11:25Z
AUTH-001040,TXN-000505,approved,,2026-06-26T02:37:38Z
AUTH-001041,TXN-000315,approved,,2027-03-08T15:11:16Z
AUTH-001042,TXN-000923,approved,,2026-07-29T04:42:15Z
AUTH-001043,TXN-000959,approved,,2026-07-01T01:07:06Z
AUTH-001044,TXN-001654,approved,,2026-06-26T09:59:16Z
AUTH-001045,TXN-001927,approved,,2026-06-29T10:32:55Z
AUTH-001046,TXN-000333,approved,,2026-07-02T02:55:31Z
AUTH-001047,TXN-000739,approved,,2026-06-23T13:20:00Z
AUTH-001048,TXN-001249,declined,insufficient_funds,2026-06-07T23:04:45Z
AUTH-001049,TXN-000116,approved,,2026-06-19T11:53:13Z
AUTH-001050,TXN-000986,approved,,2026-06-11T19:37:52Z
AUTH-001051,TXN-000443,approved,,2026-06-21T19:45:37Z
AUTH-001052,TXN-000495,approved,,2026-12-17T18:35:41Z
AUTH-001053,TXN-000575,approved,,2026-06-13T11:30:33Z
AUTH-001054,TXN-001871,approved,,2026-06-09T05:18:21Z
AUTH-001055,TXN-001149,approved,,2026-06-18T15:00:27Z
AUTH-001056,TXN-000815,approved,,2026-06-21T03:31:59Z
AUTH-001057,TXN-001775,declined,do_not_honour,2026-06-28T06:17:57Z
AUTH-001058,TXN-000439,approved,,2026-06-15T18:51:32Z
AUTH-001059,TXN-001503,approved,,2026-06-10T00:36:20Z
AUTH-001060,TXN-000945,approved,,2026-07-22T16:27:11Z
AUTH-001061,TXN-000788,approved,,2027-07-05T15:02:04Z
AUTH-001062,TXN-000033,approved,,2026-06-12T18:59:57Z
AUTH-001063,TXN-000844,approved,,2026-07-02T12:07:08Z
AUTH-001064,TXN-000615,approved,,2026-06-11T11:34:35Z
AUTH-001065,TXN-001197,approved,,2026-07-04T03:25:08Z
AUTH-001066,TXN-001187,approved,,2026-06-21T06:48:31Z
AUTH-001067,TXN-001037,approved,,2027-01-15T22:46:55Z
AUTH-001068,TXN-000148,approved,,2026-06-13T04:12:37Z
AUTH-001069,TXN-001788,approved,,2026-06-06T08:55:29Z
AUTH-001070,TXN-001372,approved,,2026-06-10T08:15:50Z
AUTH-001071,TXN-001971,approved,,2026-06-19T13:10:53Z
AUTH-001072,TXN-001631,approved,,2026-06-30T20:29:54Z
AUTH-001073,TXN-001794,declined,insufficient_funds,2026-07-05T10:49:31Z
AUTH-001074,TXN-001142,approved,,2026-07-13T23:51:41Z
AUTH-001075,TXN-000013,declined,suspected_fraud,2026-06-05T21:52:30Z
AUTH-001076,TXN-001332,approved,,2026-06-20T17:20:09Z
AUTH-001077,TXN-000604,approved,,2026-07-18T00:24:25Z
AUTH-001078,TXN-000677,approved,,2026-07-02T19:47:11Z
AUTH-001079,TXN-000779,approved,,2026-06-17T19:29:29Z
AUTH-001080,TXN-000352,approved,,2026-06-09T17:40:32Z
AUTH-001081,TXN-001161,approved,,2026-12-16T02:11:15Z
AUTH-001082,TXN-001806,approved,,2026-06-17T04:48:40Z
AUTH-001083,TXN-000143,declined,incorrect_pin,2026-06-16T06:33:40Z
AUTH-001084,TXN-001801,approved,,2026-06-21T23:49:02Z
AUTH-001085,TXN-001343,approved,,2026-07-02T07:54:41Z
AUTH-001086,TXN-001006,approved,,2026-06-17T06:27:06Z
AUTH-001087,TXN-001861,declined,insufficient_funds,2026-06-11T12:03:20Z
AUTH-001088,TXN-000962,approved,,2026-06-15T02:44:56Z
AUTH-001089,TXN-000859,approved,,2026-06-26T17:01:22Z
AUTH-001090,TXN-001079,approved,,2026-06-28T01:06:49Z
AUTH-001091,TXN-001632,approved,,2026-09-04T04:54:57Z
AUTH-001092,TXN-000332,approved,,2026-06-22T15:16:26Z
AUTH-001093,TXN-000439,approved,,2026-06-15T18:51:32Z
AUTH-001094,TXN-001911,approved,,2026-06-27T06:49:11Z
AUTH-001095,TXN-000796,approved,,2026-07-03T07:54:25Z
AUTH-001096,TXN-001795,approved,,2026-06-20T10:55:45Z
AUTH-001097,TXN-000901,approved,,2026-06-29T06:57:28Z
AUTH-001098,TXN-000531,approved,,2026-06-18T06:25:55Z
AUTH-001099,TXN-001856,approved,,2026-06-29T19:19:39Z
AUTH-001100,TXN-000580,approved,,2026-06-28T23:25:20Z
AUTH-001101,TXN-001536,approved,,2026-07-04T15:56:17Z
AUTH-001102,TXN-001868,approved,,2026-06-17T02:56:01Z
AUTH-001103,TXN-001003,approved,,2026-07-01T12:57:46Z
AUTH-001104,TXN-001141,approved,,2026-07-03T04:56:38Z
AUTH-001105,TXN-999999,approved,,2026-06-13T11:14:07Z
AUTH-001106,TXN-001165,approved,,2026-06-25T09:50:17Z
AUTH-001107,TXN-001359,approved,,2026-06-09T19:43:41Z
AUTH-001108,TXN-001663,declined,do_not_honour,2026-11-17T01:14:12Z
AUTH-001109,TXN-001892,approved,,2026-06-19T23:25:37Z
AUTH-001110,TXN-000978,approved,,2026-07-02T04:14:38Z
AUTH-001111,TXN-000617,approved,,2026-06-27T22:28:25Z
AUTH-001112,TXN-000179,approved,,2026-06-16T06:21:20Z
AUTH-001113,TXN-001506,approved,,2026-06-19T20:09:40Z
AUTH-001114,TXN-000685,approved,,2026-06-12T01:22:28Z
AUTH-001115,TXN-000731,approved,,2026-06-26T15:00:52Z
AUTH-001116,TXN-001472,approved,,2026-06-08T01:16:29Z
AUTH-001117,TXN-000427,approved,,2026-06-29T19:47:32Z
AUTH-001118,TXN-000097,approved,,2026-06-06T21:25:41Z
AUTH-001119,TXN-001485,approved,,2026-06-08T06:24:24Z
AUTH-001120,TXN-000698,approved,,2026-06-24T03:49:24Z
AUTH-001121,TXN-001065,declined,do_not_honour,2026-06-29T00:37:55Z
AUTH-001122,TXN-000023,approved,,2026-06-06T16:46:26Z
AUTH-001123,TXN-001522,approved,,2026-06-18T04:28:04Z
AUTH-001124,TXN-001899,approved,,2026-06-18T18:08:28Z
AUTH-001125,TXN-001752,approved,,2026-06-19T05:32:19Z
AUTH-001126,TXN-001533,approved,,2026-06-06T00:47:51Z
AUTH-001127,TXN-000559,approved,,2026-06-26T22:37:07Z
AUTH-001128,TXN-001774,approved,,2026-06-09T23:50:48Z
AUTH-001129,TXN-001437,approved,,2026-07-02T00:25:36Z
AUTH-001130,TXN-001487,approved,,2026-06-28T03:33:29Z
AUTH-001131,TXN-000078,approved,,2026-06-30T23:37:35Z
AUTH-001132,TXN-000963,approved,,2026-06-10T08:28:06Z
AUTH-001133,TXN-001900,declined,incorrect_pin,2026-07-04T00:54:01Z
AUTH-001134,TXN-000538,declined,insufficient_funds,2026-06-19T09:14:33Z
AUTH-001135,TXN-001513,approved,,2026-06-27T19:18:39Z
AUTH-001136,TXN-000694,approved,,2026-06-17T10:56:34Z
AUTH-001137,TXN-000402,approved,,2026-07-04T02:24:31Z
AUTH-001138,TXN-999999,approved,,2026-06-13T16:07:46Z
AUTH-001139,TXN-000720,approved,,2026-07-22T17:27:55Z
AUTH-001140,TXN-000500,approved,,2026-07-23T15:33:54Z
AUTH-001141,TXN-000576,approved,,2026-06-25T12:37:51Z
AUTH-001142,TXN-000478,declined,insufficient_funds,2026-07-02T05:43:46Z
AUTH-001143,TXN-001175,approved,,2026-06-23T05:21:48Z
AUTH-001144,TXN-000408,declined,suspected_fraud,2026-07-05T22:01:20Z
AUTH-001145,TXN-001580,approved,,2026-06-22T23:55:17Z
AUTH-001146,TXN-000275,approved,,2026-06-05T01:49:03Z
AUTH-001147,TXN-001036,approved,,2026-06-06T01:48:27Z
AUTH-001148,TXN-000452,approved,,2026-06-21T02:17:26Z
AUTH-001149,TXN-000020,approved,,2026-06-10T22:02:52Z
AUTH-001150,TXN-001463,approved,,2026-06-16T13:46:21Z
AUTH-001151,TXN-001842,approved,,2026-06-16T06:59:07Z
AUTH-001152,TXN-001749,approved,,2026-06-28T08:48:37Z
AUTH-001153,TXN-001934,approved,,2026-06-18T15:37:39Z
AUTH-001154,TXN-001275,approved,,2026-06-10T07:39:23Z
AUTH-001155,TXN-999999,approved,,2026-07-25T20:21:11Z
AUTH-001156,TXN-001845,approved,,2026-07-04T18:44:24Z
AUTH-001157,TXN-001014,approved,,2026-06-17T06:19:13Z
AUTH-001158,TXN-001536,approved,,2026-07-04T15:56:17Z
AUTH-001159,TXN-001341,approved,,2026-06-14T19:56:29Z
AUTH-001160,TXN-001485,approved,,2026-06-08T06:24:24Z
AUTH-001161,TXN-001435,approved,,2026-06-05T18:57:22Z
AUTH-001162,TXN-000700,declined,do_not_honour,2026-08-16T16:02:30Z
AUTH-001163,TXN-000079,approved,,2026-07-03T21:18:51Z
AUTH-001164,TXN-000434,approved,,2026-06-13T04:41:40Z
AUTH-001165,TXN-000639,approved,,2026-06-27T23:48:42Z
AUTH-001166,TXN-000188,approved,,2026-06-22T11:26:05Z
AUTH-001167,TXN-000313,approved,,2026-06-19T19:04:12Z
AUTH-001168,TXN-999999,declined,expired_card,2026-07-05T13:25:20Z
AUTH-001169,TXN-001598,approved,,2026-06-22T20:42:15Z
AUTH-001170,TXN-000903,declined,do_not_honour,2026-06-08T07:56:09Z
AUTH-001171,TXN-001274,approved,,2026-06-12T11:05:40Z
AUTH-001172,TXN-001658,approved,,2026-06-29T06:30:10Z
AUTH-001173,TXN-000080,approved,,2026-06-26T07:18:40Z
AUTH-001174,TXN-001257,approved,,2026-06-16T16:34:10Z
AUTH-001175,TXN-001148,declined,do_not_honour,2026-06-27T20:34:48Z
AUTH-001176,TXN-001158,approved,,2026-06-27T23:19:30Z
AUTH-001177,TXN-000103,approved,,2026-06-11T06:59:53Z
AUTH-001178,TXN-001732,approved,,2026-07-05T01:46:42Z
AUTH-001179,TXN-001144,approved,,2026-06-10T06:08:15Z
AUTH-001180,TXN-001689,approved,,2026-07-29T15:49:01Z
AUTH-001181,TXN-000235,approved,,2026-06-07T15:09:49Z
AUTH-001182,TXN-000401,approved,,2026-06-23T09:39:52Z
AUTH-001183,TXN-000762,declined,incorrect_pin,2026-06-11T01:01:31Z
AUTH-001184,TXN-001718,approved,,2026-06-06T13:27:35Z
AUTH-001185,TXN-001864,approved,,2026-06-07T22:52:23Z
AUTH-001186,TXN-000791,approved,,2026-06-14T13:35:55Z
AUTH-001187,TXN-000657,approved,,2026-06-08T10:16:41Z
AUTH-001188,TXN-001262,approved,,2026-06-12T19:44:51Z
AUTH-001189,TXN-000800,approved,,2026-06-15T05:32:21Z
AUTH-001190,TXN-001740,approved,,2026-06-14T20:23:59Z
AUTH-001191,TXN-001619,approved,,2026-06-23T01:47:38Z
AUTH-001192,TXN-000656,approved,,2026-10-04T04:18:21Z
AUTH-001193,TXN-000251,approved,,2026-06-13T16:20:37Z
AUTH-001194,TXN-000727,approved,,2026-07-02T10:27:11Z
AUTH-001195,TXN-001989,approved,,2026-06-29T02:59:13Z
AUTH-001196,TXN-000136,approved,,2026-06-09T23:51:46Z
AUTH-001197,TXN-001985,approved,,2026-06-29T19:48:26Z
AUTH-001198,TXN-000535,approved,,2026-06-12T11:04:22Z
AUTH-001199,TXN-001049,approved,,2026-06-25T05:06:44Z
AUTH-001200,TXN-000897,approved,,2026-06-27T04:47:01Z
AUTH-001201,TXN-000377,declined,insufficient_funds,2026-06-26T22:08:14Z
AUTH-001202,TXN-001985,approved,,2026-06-29T19:48:26Z
AUTH-001203,TXN-001780,approved,,2026-06-21T03:21:56Z
AUTH-001204,TXN-000758,declined,suspected_fraud,2026-06-20T07:43:00Z
AUTH-001205,TXN-000473,approved,,2026-06-14T08:44:58Z
AUTH-001206,TXN-001366,approved,,2026-06-20T22:33:48Z
AUTH-001207,TXN-000098,approved,,2026-06-25T20:09:09Z
AUTH-001208,TXN-000639,approved,,2026-06-27T23:48:42Z
AUTH-001209,TXN-001591,declined,suspected_fraud,2026-06-27T21:03:45Z
AUTH-001210,TXN-000682,approved,,2026-06-27T17:54:22Z
AUTH-001211,TXN-001502,approved,,2026-06-20T23:47:20Z
AUTH-001212,TXN-000674,approved,,2026-06-14T11:14:40Z
AUTH-001213,TXN-000378,approved,,2026-07-02T23:02:41Z
AUTH-001214,TXN-001335,approved,,2026-06-22T21:08:50Z
AUTH-001215,TXN-000254,approved,,2026-06-14T22:30:47Z
AUTH-001216,TXN-000402,approved,,2026-07-04T02:24:31Z
AUTH-001217,TXN-000813,approved,,2026-06-15T13:01:37Z
AUTH-001218,TXN-001000,approved,,2026-06-24T12:29:22Z
AUTH-001219,TXN-000565,approved,,2026-06-16T18:29:55Z
AUTH-001220,TXN-001216,approved,,2026-06-27T22:24:45Z
AUTH-001221,TXN-000955,approved,,2026-06-27T13:31:40Z
AUTH-001222,TXN-001291,approved,,2026-07-03T00:53:00Z
AUTH-001223,TXN-001425,approved,,2026-07-03T17:06:25Z
AUTH-001224,TXN-000234,approved,,2026-07-30T08:03:07Z
AUTH-001225,TXN-001660,approved,,2026-06-14T13:24:36Z
AUTH-001226,TXN-001598,approved,,2026-06-22T20:42:15Z
AUTH-001227,TXN-001763,approved,,2026-06-20T18:51:12Z
AUTH-001228,TXN-001639,approved,,2026-06-05T09:00:59Z
AUTH-001229,TXN-000904,approved,,2026-06-20T00:06:51Z
AUTH-001230,TXN-999999,approved,,2026-06-09T00:25:51Z
AUTH-001231,TXN-000537,approved,,2026-06-20T19:13:44Z
AUTH-001232,TXN-001308,approved,,2026-06-06T06:11:51Z
AUTH-001233,TXN-000559,approved,,2026-06-26T22:37:07Z
AUTH-001234,TXN-000751,approved,,2027-06-24T11:00:34Z
AUTH-001235,TXN-000464,approved,,2026-06-27T17:36:28Z
AUTH-001236,TXN-000661,approved,,2026-06-26T06:12:42Z
AUTH-001237,TXN-000579,approved,,2026-07-03T03:50:11Z
AUTH-001238,TXN-000073,approved,,2026-06-28T20:48:55Z
AUTH-001239,TXN-001177,declined,expired_card,2027-05-03T18:05:43Z
AUTH-001240,TXN-001131,approved,,2026-06-18T09:49:49Z
AUTH-001241,TXN-001437,approved,,2026-07-02T00:25:36Z
AUTH-001242,TXN-000708,approved,,2026-06-26T00:20:30Z
AUTH-001243,TXN-001248,approved,,2026-07-02T21:19:55Z
AUTH-001244,TXN-000768,approved,,2026-06-19T21:49:53Z
AUTH-001245,TXN-000376,approved,,2026-06-27T18:19:59Z
AUTH-001246,TXN-001948,approved,,2026-06-28T17:44:20Z
AUTH-001247,TXN-000624,approved,,2026-06-13T15:36:32Z
AUTH-001248,TXN-000701,approved,,2026-06-14T18:12:26Z
AUTH-001249,TXN-001404,approved,,2026-06-10T03:31:03Z
AUTH-001250,TXN-001379,approved,,2026-07-03T14:19:57Z
AUTH-001251,TXN-000448,approved,,2026-07-26T10:42:59Z
AUTH-001252,TXN-000693,approved,,2026-07-01T21:00:38Z
AUTH-001253,TXN-000935,approved,,2026-06-26T01:10:37Z
AUTH-001254,TXN-000191,approved,,2026-06-10T21:46:15Z
AUTH-001255,TXN-001585,approved,,2026-06-23T14:59:56Z
AUTH-001256,TXN-000269,approved,,2026-06-26T22:59:02Z
AUTH-001257,TXN-000882,approved,,2026-06-24T17:01:07Z
AUTH-001258,TXN-000179,approved,,2026-06-16T06:21:20Z
AUTH-001259,TXN-000634,approved,,2026-06-30T19:20:15Z
AUTH-001260,TXN-000021,approved,,2026-06-30T21:40:03Z
AUTH-001261,TXN-001147,approved,,2026-06-22T17:26:13Z
AUTH-001262,TXN-000754,approved,,2026-06-17T15:07:29Z
AUTH-001263,TXN-000385,approved,,2026-06-13T00:16:13Z
AUTH-001264,TXN-001537,approved,,2026-06-28T16:03:47Z
AUTH-001265,TXN-000852,approved,,2026-07-01T16:24:06Z
AUTH-001266,TXN-000148,approved,,2026-06-13T04:12:37Z
AUTH-001267,TXN-001796,approved,,2026-06-27T12:33:50Z
AUTH-001268,TXN-001101,approved,,2026-06-07T09:20:51Z
AUTH-001269,TXN-000014,approved,,2026-06-12T13:33:39Z
AUTH-001270,TXN-000471,approved,,2026-06-13T21:42:07Z
AUTH-001271,TXN-001004,approved,,2026-06-14T16:49:58Z
AUTH-001272,TXN-999999,approved,,2026-07-02T07:32:47Z
AUTH-001273,TXN-000602,approved,,2026-06-22T06:46:10Z
AUTH-001274,TXN-001276,approved,,2026-06-30T06:00:55Z
AUTH-001275,TXN-000643,approved,,2026-06-20T03:26:48Z
AUTH-001276,TXN-000139,approved,,2026-06-21T13:39:55Z
AUTH-001277,TXN-001027,approved,,2026-06-24T22:40:11Z
AUTH-001278,TXN-000972,approved,,2026-06-19T17:28:52Z
AUTH-001279,TXN-000721,approved,,2026-07-01T17:40:03Z
AUTH-001280,TXN-001004,approved,,2026-06-14T16:49:58Z
AUTH-001281,TXN-001654,approved,,2026-06-26T09:59:16Z
AUTH-001282,TXN-001238,approved,,2026-06-12T10:25:13Z
AUTH-001283,TXN-000236,approved,,2026-06-09T15:54:37Z
AUTH-001284,TXN-000240,approved,,2026-06-22T13:57:49Z
AUTH-001285,TXN-000327,approved,,2027-06-06T23:06:35Z
AUTH-001286,TXN-999999,approved,,2026-06-10T12:12:46Z
AUTH-001287,TXN-001989,approved,,2026-06-29T02:59:13Z
AUTH-001288,TXN-000622,approved,,2026-06-11T03:50:22Z
AUTH-001289,TXN-001511,approved,,2026-06-15T09:16:54Z
AUTH-001290,TXN-000875,approved,,2026-10-10T15:29:42Z
AUTH-001291,TXN-000440,approved,,2026-06-10T05:43:13Z
AUTH-001292,TXN-000898,approved,,2026-06-27T15:40:24Z
AUTH-001293,TXN-000771,approved,,2026-06-20T22:59:59Z
AUTH-001294,TXN-999999,approved,,2026-06-06T01:58:40Z
AUTH-001295,TXN-001231,approved,,2026-07-20T06:07:03Z
AUTH-001296,TXN-001354,approved,,2026-06-08T11:41:43Z
AUTH-001297,TXN-000268,approved,,2026-06-29T21:21:55Z
AUTH-001298,TXN-001991,approved,,2026-06-08T20:03:54Z
AUTH-001299,TXN-999999,approved,,2026-06-28T11:52:01Z
AUTH-001300,TXN-001708,approved,,2026-07-05T23:46:05Z
AUTH-001301,TXN-001671,approved,,2026-06-27T04:51:53Z
AUTH-001302,TXN-000313,approved,,2026-06-19T19:04:12Z
AUTH-001303,TXN-001908,approved,,2026-06-28T16:12:31Z
AUTH-001304,TXN-000403,approved,,2026-06-18T15:44:21Z
AUTH-001305,TXN-000364,approved,,2026-07-01T04:14:37Z
AUTH-001306,TXN-000118,approved,,2026-06-24T04:41:13Z
AUTH-001307,TXN-001368,declined,insufficient_funds,2026-06-26T06:38:40Z
AUTH-001308,TXN-000192,approved,,2026-06-13T01:36:27Z
AUTH-001309,TXN-001168,approved,,2026-06-16T14:42:06Z
AUTH-001310,TXN-000499,approved,,2026-06-15T10:44:44Z
AUTH-001311,TXN-001620,approved,,2026-06-05T06:22:59Z
AUTH-001312,TXN-001935,approved,,2026-06-23T04:31:06Z
AUTH-001313,TXN-001653,approved,,2026-06-13T06:14:23Z
AUTH-001314,TXN-000324,approved,,2026-07-15T17:25:28Z
AUTH-001315,TXN-001935,approved,,2026-06-23T04:31:06Z
AUTH-001316,TXN-000916,declined,insufficient_funds,2026-06-28T10:09:30Z
AUTH-001317,TXN-001454,declined,suspected_fraud,2026-06-20T20:33:08Z
AUTH-001318,TXN-001069,approved,,2026-06-18T09:30:21Z
AUTH-001319,TXN-001029,approved,,2026-06-25T09:57:21Z
AUTH-001320,TXN-000979,approved,,2026-06-14T07:39:48Z
AUTH-001321,TXN-001968,declined,expired_card,2026-06-10T16:58:58Z
AUTH-001322,TXN-000681,approved,,2026-07-01T08:56:38Z
AUTH-001323,TXN-001544,approved,,2027-05-08T04:49:09Z
AUTH-001324,TXN-001004,approved,,2026-06-14T16:49:58Z
AUTH-001325,TXN-001150,approved,,2027-06-27T15:18:46Z
AUTH-001326,TXN-000640,approved,,2026-06-25T23:37:21Z
AUTH-001327,TXN-000770,approved,,2026-06-25T04:15:17Z
AUTH-001328,TXN-001048,approved,,2026-07-05T18:10:07Z
AUTH-001329,TXN-001804,approved,,2026-06-25T20:55:15Z
AUTH-001330,TXN-001570,approved,,2026-06-22T21:44:04Z
AUTH-001331,TXN-001104,approved,,2026-07-02T08:48:01Z
AUTH-001332,TXN-001294,approved,,2026-06-18T07:10:55Z
AUTH-001333,TXN-001464,approved,,2026-06-29T05:47:19Z
AUTH-001334,TXN-000861,approved,,2026-07-01T02:40:40Z
AUTH-001335,TXN-001302,approved,,2026-06-18T21:25:58Z
AUTH-001336,TXN-000162,approved,,2026-06-12T08:31:08Z
AUTH-001337,TXN-001921,approved,,2026-06-17T18:11:14Z
AUTH-001338,TXN-001940,declined,suspected_fraud,2026-06-30T02:16:56Z
AUTH-001339,TXN-001000,approved,,2026-06-24T12:29:22Z
AUTH-001340,TXN-000598,declined,do_not_honour,2026-06-24T13:33:07Z
AUTH-001341,TXN-001458,approved,,2026-06-20T22:18:17Z
AUTH-001342,TXN-001212,approved,,2026-07-05T02:44:22Z
AUTH-001343,TXN-001906,declined,incorrect_pin,2026-06-25T16:23:15Z
AUTH-001344,TXN-001948,approved,,2026-06-28T17:44:20Z
AUTH-001345,TXN-001115,approved,,2026-06-11T03:55:43Z
AUTH-001346,TXN-001670,approved,,2026-06-26T09:50:28Z
AUTH-001347,TXN-000200,approved,,2026-06-11T17:36:36Z
AUTH-001348,TXN-001948,approved,,2026-07-07T11:39:35Z
AUTH-001349,TXN-000624,approved,,2026-06-13T15:36:32Z
AUTH-001350,TXN-000603,approved,,2026-06-10T04:59:55Z
AUTH-001351,TXN-000854,declined,insufficient_funds,2026-06-23T07:21:31Z
AUTH-001352,TXN-000574,approved,,2026-06-14T19:16:31Z
AUTH-001353,TXN-001894,approved,,2026-06-22T10:03:19Z
AUTH-001354,TXN-001525,declined,insufficient_funds,2026-06-22T00:17:03Z
AUTH-001355,TXN-000941,approved,,2026-06-18T03:26:36Z
AUTH-001356,TXN-001229,approved,,2026-06-29T03:23:33Z
AUTH-001357,TXN-000033,approved,,2026-06-12T18:59:57Z
AUTH-001358,TXN-001750,approved,,2026-06-28T18:43:37Z
AUTH-001359,TXN-000515,approved,,2026-06-06T11:31:51Z
AUTH-001360,TXN-000151,declined,insufficient_funds,2026-06-26T19:43:45Z
AUTH-001361,TXN-001713,approved,,2026-06-13T02:37:49Z
AUTH-001362,TXN-000425,approved,,2026-06-14T07:53:27Z
AUTH-001363,TXN-000235,approved,,2026-06-07T15:09:49Z
AUTH-001364,TXN-000330,approved,,2026-06-16T20:17:47Z
AUTH-001365,TXN-000638,approved,,2026-06-29T00:58:19Z
AUTH-001366,TXN-000582,approved,,2026-06-27T01:05:03Z
AUTH-001367,TXN-001557,approved,,2026-07-14T10:14:05Z
AUTH-001368,TXN-000254,approved,,2026-06-14T22:30:47Z
AUTH-001369,TXN-000213,declined,insufficient_funds,2026-08-03T22:41:27Z
AUTH-001370,TXN-001827,approved,,2026-06-28T17:10:55Z
AUTH-001371,TXN-001730,approved,,2026-07-07T20:49:15Z
AUTH-001372,TXN-001871,approved,,2026-06-09T05:18:21Z
AUTH-001373,TXN-000067,approved,,2026-06-25T20:57:04Z
AUTH-001374,TXN-000829,declined,insufficient_funds,2026-07-03T02:41:04Z
AUTH-001375,TXN-000415,approved,,2026-06-06T10:42:29Z
AUTH-001376,TXN-000785,approved,,2026-06-17T11:11:01Z
AUTH-001377,TXN-000528,declined,insufficient_funds,2026-07-02T21:27:16Z
AUTH-001378,TXN-000316,approved,,2026-07-04T21:20:23Z
AUTH-001379,TXN-001536,approved,,2026-07-04T15:56:17Z
AUTH-001380,TXN-000946,approved,,2026-06-13T06:50:10Z
AUTH-001381,TXN-000280,approved,,2026-07-03T20:57:33Z
AUTH-001382,TXN-001135,approved,,2026-06-17T13:42:49Z
AUTH-001383,TXN-000632,approved,,2026-06-24T20:10:51Z
AUTH-001384,TXN-000001,approved,,2026-06-18T14:14:37Z
AUTH-001385,TXN-000924,declined,insufficient_funds,2026-06-19T05:30:23Z
AUTH-001386,TXN-000157,approved,,2026-10-19T19:02:18Z
AUTH-001387,TXN-001481,approved,,2026-06-26T00:50:11Z
AUTH-001388,TXN-000188,approved,,2026-06-22T11:26:05Z
AUTH-001389,TXN-001780,approved,,2026-06-21T03:21:56Z
AUTH-001390,TXN-001879,approved,,2026-06-27T16:37:35Z
AUTH-001391,TXN-000222,approved,,2026-06-26T18:18:47Z
AUTH-001392,TXN-000649,approved,,2026-06-13T22:46:23Z
AUTH-001393,TXN-001231,approved,,2026-07-20T06:07:03Z
AUTH-001394,TXN-001455,approved,,2027-06-26T17:55:00Z
AUTH-001395,TXN-001586,approved,,2026-06-20T01:28:47Z
AUTH-001396,TXN-001355,declined,suspected_fraud,2026-06-10T05:03:13Z
AUTH-001397,TXN-001864,approved,,2026-06-07T22:52:23Z
AUTH-001398,TXN-000821,declined,incorrect_pin,2026-06-16T22:35:06Z
AUTH-001399,TXN-001275,approved,,2026-06-10T07:39:23Z
AUTH-001400,TXN-001495,approved,,2026-06-09T01:48:50Z
AUTH-001401,TXN-001876,approved,,2026-06-17T15:17:28Z
AUTH-001402,TXN-999999,approved,,2026-06-12T04:48:11Z
AUTH-001403,TXN-001213,approved,,2026-06-30T22:15:14Z
AUTH-001404,TXN-001294,approved,,2026-06-18T07:10:55Z
AUTH-001405,TXN-001085,approved,,2026-06-19T13:30:18Z
AUTH-001406,TXN-999999,approved,,2026-06-24T05:09:12Z
AUTH-001407,TXN-001296,approved,,2026-06-29T22:44:54Z
AUTH-001408,TXN-001812,approved,,2026-06-20T04:19:07Z
AUTH-001409,TXN-001352,approved,,2026-06-19T14:32:45Z
AUTH-001410,TXN-000726,approved,,2026-08-02T21:08:13Z
AUTH-001411,TXN-000496,approved,,2026-07-26T21:35:09Z
AUTH-001412,TXN-999999,declined,insufficient_funds,2026-06-15T04:13:25Z
AUTH-001413,TXN-000570,approved,,2026-06-24T18:39:46Z
AUTH-001414,TXN-000647,approved,,2026-12-30T23:41:53Z
AUTH-001415,TXN-001243,approved,,2026-06-29T00:38:41Z
AUTH-001416,TXN-001627,approved,,2026-07-26T01:59:03Z
AUTH-001417,TXN-000432,approved,,2026-06-21T09:47:22Z
AUTH-001418,TXN-001433,approved,,2026-06-17T09:36:20Z
AUTH-001419,TXN-000718,approved,,2026-06-21T14:48:45Z
AUTH-001420,TXN-001141,approved,,2026-07-03T04:56:38Z
AUTH-001421,TXN-001039,approved,,2026-06-21T19:56:04Z
AUTH-001422,TXN-001080,declined,suspected_fraud,2026-06-20T11:31:27Z
AUTH-001423,TXN-001280,approved,,2026-06-26T22:58:06Z
AUTH-001424,TXN-000943,approved,,2026-06-14T11:34:00Z
AUTH-001425,TXN-001974,approved,,2026-06-18T01:25:23Z
AUTH-001426,TXN-001243,approved,,2026-06-29T00:38:41Z
AUTH-001427,TXN-001199,approved,,2026-06-13T18:39:26Z
AUTH-001428,TXN-000447,approved,,2026-06-25T20:47:51Z
AUTH-001429,TXN-001514,approved,,2026-06-25T08:58:54Z
AUTH-001430,TXN-001876,approved,,2026-06-17T15:17:28Z
AUTH-001431,TXN-000957,approved,,2026-06-09T12:28:58Z
AUTH-001432,TXN-000277,approved,,2026-06-07T14:17:54Z
AUTH-001433,TXN-000790,approved,,2026-06-11T17:48:17Z
AUTH-001434,TXN-001393,approved,,2026-06-24T10:39:44Z
AUTH-001435,TXN-001077,declined,expired_card,2026-06-09T08:01:50Z
AUTH-001436,TXN-001666,approved,,2026-07-21T06:39:34Z
AUTH-001437,TXN-001559,approved,,2026-06-06T14:26:27Z
AUTH-001438,TXN-001034,approved,,2026-09-18T17:42:06Z
AUTH-001439,TXN-000893,approved,,2026-06-21T10:00:19Z
AUTH-001440,TXN-001267,approved,,2026-06-30T13:46:30Z
AUTH-001441,TXN-001851,declined,suspected_fraud,2026-07-31T15:35:44Z
AUTH-001442,TXN-001018,declined,insufficient_funds,2026-07-04T11:14:46Z
AUTH-001443,TXN-001577,approved,,2026-06-07T11:04:20Z
AUTH-001444,TXN-000278,approved,,2026-06-28T00:06:05Z
AUTH-001445,TXN-000110,approved,,2026-06-07T17:41:51Z
AUTH-001446,TXN-000479,approved,,2027-02-26T06:35:10Z
AUTH-001447,TXN-000630,approved,,2026-06-17T16:31:00Z
AUTH-001448,TXN-000612,approved,,2026-06-18T03:47:09Z
AUTH-001449,TXN-000142,approved,,2026-06-15T05:04:34Z
AUTH-001450,TXN-000650,approved,,2026-06-30T10:06:21Z
AUTH-001451,TXN-001254,approved,,2026-07-01T23:41:51Z
AUTH-001452,TXN-000872,approved,,2026-06-05T08:09:21Z
AUTH-001453,TXN-000504,declined,expired_card,2026-06-22T21:30:42Z
AUTH-001454,TXN-999999,approved,,2026-06-09T15:23:07Z
AUTH-001455,TXN-001251,approved,,2026-06-09T10:54:59Z
AUTH-001456,TXN-000570,approved,,2026-06-24T18:39:46Z
AUTH-001457,TXN-001695,approved,,2026-06-07T19:30:40Z
AUTH-001458,TXN-001099,approved,,2026-06-11T04:10:27Z
AUTH-001459,TXN-001249,approved,,2026-06-07T23:04:45Z
AUTH-001460,TXN-001659,declined,expired_card,2026-06-21T20:48:32Z
AUTH-001461,TXN-000661,approved,,2026-06-26T06:12:42Z
AUTH-001462,TXN-000190,approved,,2026-07-05T07:54:50Z
AUTH-001463,TXN-000138,approved,,2026-06-13T15:25:47Z
AUTH-001464,TXN-001415,approved,,2026-06-08T21:03:40Z
AUTH-001465,TXN-001416,approved,,2026-06-05T19:33:48Z
AUTH-001466,TXN-001077,approved,,2026-06-09T08:01:50Z
AUTH-001467,TXN-000771,approved,,2026-06-20T22:59:59Z
AUTH-001468,TXN-001462,declined,incorrect_pin,2026-06-07T04:33:41Z
AUTH-001469,TXN-001703,approved,,2026-06-15T20:31:53Z
AUTH-001470,TXN-000543,approved,,2026-07-01T20:00:54Z
AUTH-001471,TXN-000895,approved,,2026-06-26T22:40:14Z
AUTH-001472,TXN-000125,approved,,2026-07-03T08:56:05Z
AUTH-001473,TXN-001619,approved,,2026-06-23T01:47:38Z
AUTH-001474,TXN-999999,approved,,2026-07-01T02:09:45Z
AUTH-001475,TXN-000368,approved,,2026-06-23T19:09:35Z
AUTH-001476,TXN-000117,approved,,2026-06-14T08:36:29Z
AUTH-001477,TXN-000150,declined,do_not_honour,2026-06-26T22:35:43Z
AUTH-001478,TXN-999999,approved,,2026-06-15T01:01:44Z
AUTH-001479,TXN-000580,approved,,2026-06-28T23:25:20Z
AUTH-001480,TXN-999999,approved,,2026-06-12T17:57:09Z
AUTH-001481,TXN-000032,approved,,2026-06-14T00:38:13Z
AUTH-001482,TXN-001512,approved,,2026-07-05T17:13:50Z
AUTH-001483,TXN-001863,approved,,2026-07-12T00:42:20Z
AUTH-001484,TXN-000827,declined,incorrect_pin,2026-07-05T15:19:32Z
AUTH-001485,TXN-001879,approved,,2026-06-27T16:37:35Z
AUTH-001486,TXN-001911,approved,,2026-06-27T06:49:11Z
AUTH-001487,TXN-999999,approved,,2026-07-05T07:32:12Z
AUTH-001488,TXN-001272,approved,,2026-06-14T21:00:03Z
AUTH-001489,TXN-001045,approved,,2026-07-02T12:59:18Z
AUTH-001490,TXN-001247,approved,,2026-06-07T23:43:39Z
AUTH-001491,TXN-000960,approved,,2026-07-30T07:00:11Z
AUTH-001492,TXN-001780,approved,,2026-06-21T03:21:56Z
AUTH-001493,TXN-001585,approved,,2026-06-23T14:59:56Z
AUTH-001494,TXN-000426,approved,,2026-06-26T11:49:58Z
AUTH-001495,TXN-001358,approved,,2026-06-10T08:13:11Z
AUTH-001496,TXN-000610,approved,,2027-03-16T01:19:14Z
AUTH-001497,TXN-001523,approved,,2026-06-11T11:10:34Z
AUTH-001498,TXN-000778,approved,,2026-06-13T15:27:37Z
AUTH-001499,TXN-001805,approved,,2026-06-18T18:56:19Z
AUTH-001500,TXN-001477,approved,,2026-06-25T20:19:16Z
AUTH-001501,TXN-001145,approved,,2026-06-09T15:11:39Z
AUTH-001502,TXN-001494,approved,,2026-06-07T20:24:17Z
AUTH-001503,TXN-001179,approved,,2026-06-30T11:13:07Z
AUTH-001504,TXN-001593,approved,,2026-06-24T18:22:12Z
AUTH-001505,TXN-001445,approved,,2026-06-26T14:04:29Z
AUTH-001506,TXN-000885,approved,,2026-06-15T08:58:17Z
AUTH-001507,TXN-001457,declined,do_not_honour,2026-06-30T18:28:00Z
AUTH-001508,TXN-000730,approved,,2027-04-16T09:25:26Z
AUTH-001509,TXN-999999,approved,,2026-06-16T22:35:06Z
AUTH-001510,TXN-000212,approved,,2026-06-13T20:31:57Z
AUTH-001511,TXN-000543,approved,,2026-07-01T20:00:54Z
AUTH-001512,TXN-001679,declined,suspected_fraud,2026-06-11T11:08:34Z
AUTH-001513,TXN-000548,approved,,2026-11-20T00:52:58Z
AUTH-001514,TXN-000066,approved,,2026-06-06T22:07:26Z
AUTH-001515,TXN-001118,declined,insufficient_funds,2026-06-12T12:14:55Z
AUTH-001516,TXN-000761,approved,,2026-06-05T16:35:20Z
AUTH-001517,TXN-000400,approved,,2026-06-21T18:13:27Z
AUTH-001518,TXN-001156,approved,,2026-06-29T19:47:59Z
AUTH-001519,TXN-000887,approved,,2026-06-25T17:44:02Z
AUTH-001520,TXN-001422,approved,,2026-06-10T07:10:25Z
AUTH-001521,TXN-000054,approved,,2026-06-19T09:00:59Z
AUTH-001522,TXN-001562,approved,,2026-06-14T11:30:38Z
AUTH-001523,TXN-001020,approved,,2026-06-09T10:12:42Z
AUTH-001524,TXN-000918,approved,,2026-06-21T19:04:37Z
AUTH-001525,TXN-000332,approved,,2026-06-22T15:16:26Z
AUTH-001526,TXN-000743,approved,,2026-06-19T05:22:57Z
AUTH-001527,TXN-000753,approved,,2026-06-29T22:13:18Z
AUTH-001528,TXN-001822,approved,,2026-06-24T14:28:05Z
AUTH-001529,TXN-001123,approved,,2026-06-22T16:04:09Z
AUTH-001530,TXN-001257,approved,,2026-07-09T08:23:19Z
AUTH-001531,TXN-001787,approved,,2026-06-19T06:37:41Z
AUTH-001532,TXN-000781,declined,do_not_honour,2027-03-30T11:43:23Z
AUTH-001533,TXN-001201,approved,,2026-06-18T18:44:43Z
AUTH-001534,TXN-001000,approved,,2026-06-24T12:29:22Z
AUTH-001535,TXN-000452,declined,insufficient_funds,2026-06-21T02:17:26Z
AUTH-001536,TXN-001868,approved,,2026-06-17T02:56:01Z
AUTH-001537,TXN-000826,approved,,2026-06-22T04:01:30Z
AUTH-001538,TXN-001530,approved,,2026-06-07T01:18:17Z
AUTH-001539,TXN-001019,approved,,2026-06-29T17:15:28Z
AUTH-001540,TXN-000252,approved,,2026-06-14T15:53:02Z
AUTH-001541,TXN-000398,approved,,2026-06-14T14:04:26Z
AUTH-001542,TXN-001522,approved,,2026-06-18T04:28:04Z
AUTH-001543,TXN-000552,declined,suspected_fraud,2026-06-06T21:32:09Z
AUTH-001544,TXN-001304,approved,,2026-07-25T06:00:48Z
AUTH-001545,TXN-001023,approved,,2026-06-29T23:21:07Z
AUTH-001546,TXN-001893,approved,,2026-07-03T09:35:53Z
AUTH-001547,TXN-001181,declined,incorrect_pin,2026-06-09T22:53:47Z
AUTH-001548,TXN-001608,approved,,2026-06-14T05:54:45Z
AUTH-001549,TXN-001734,approved,,2026-06-19T18:37:59Z
AUTH-001550,TXN-999999,approved,,2026-07-07T15:20:59Z
AUTH-001551,TXN-000261,approved,,2026-06-08T13:13:00Z
AUTH-001552,TXN-001110,approved,,2026-06-30T16:25:14Z
AUTH-001553,TXN-000951,approved,,2026-06-06T15:33:45Z
AUTH-001554,TXN-001821,approved,,2026-06-12T16:56:00Z
AUTH-001555,TXN-999999,approved,,2026-07-03T23:11:52Z
AUTH-001556,TXN-000646,approved,,2026-06-18T10:29:47Z
AUTH-001557,TXN-001373,approved,,2026-06-30T06:57:57Z
AUTH-001558,TXN-001333,approved,,2026-07-12T07:55:47Z
AUTH-001559,TXN-001152,approved,,2026-06-08T11:59:41Z
AUTH-001560,TXN-001678,approved,,2026-06-05T17:06:11Z
AUTH-001561,TXN-000773,approved,,2026-06-17T03:59:42Z
AUTH-001562,TXN-000156,approved,,2027-03-07T07:23:05Z
AUTH-001563,TXN-001278,approved,,2026-06-24T04:42:04Z
AUTH-001564,TXN-000747,approved,,2026-06-13T17:32:38Z
AUTH-001565,TXN-001093,declined,incorrect_pin,2026-06-15T06:38:26Z
AUTH-001566,TXN-001471,approved,,2026-06-30T17:26:23Z
AUTH-001567,TXN-001536,approved,,2026-07-04T15:56:17Z
AUTH-001568,TXN-001114,approved,,2026-07-03T18:59:13Z
AUTH-001569,TXN-000509,approved,,2026-06-21T05:26:46Z
AUTH-001570,TXN-000568,declined,incorrect_pin,2026-07-04T10:48:18Z
AUTH-001571,TXN-000192,approved,,2026-06-13T01:36:27Z
AUTH-001572,TXN-001138,approved,,2026-06-12T14:40:29Z
AUTH-001573,TXN-001653,approved,,2026-06-13T06:14:23Z
AUTH-001574,TXN-001312,approved,,2026-06-08T23:31:27Z
AUTH-001575,TXN-000432,approved,,2026-06-21T09:47:22Z
AUTH-001576,TXN-000670,approved,,2026-06-19T14:48:53Z
AUTH-001577,TXN-001188,approved,,2026-06-07T02:18:18Z
AUTH-001578,TXN-001357,approved,,2026-06-10T08:02:24Z
AUTH-001579,TXN-000818,approved,,2026-06-16T06:56:18Z
AUTH-001580,TXN-001913,approved,,2026-06-30T01:48:49Z
AUTH-001581,TXN-001704,approved,,2026-07-01T05:23:05Z
AUTH-001582,TXN-001239,approved,,2026-06-21T03:32:15Z
AUTH-001583,TXN-001010,approved,,2026-07-01T10:12:42Z
AUTH-001584,TXN-001466,approved,,2026-06-06T00:13:20Z
AUTH-001585,TXN-001929,approved,,2026-06-14T14:36:44Z
AUTH-001586,TXN-000140,approved,,2026-08-03T03:10:40Z
AUTH-001587,TXN-000778,approved,,2026-06-13T15:27:37Z
AUTH-001588,TXN-001044,approved,,2026-06-23T18:05:56Z
AUTH-001589,TXN-001022,approved,,2026-06-05T02:01:28Z
AUTH-001590,TXN-001417,approved,,2026-07-19T02:26:43Z
AUTH-001591,TXN-000065,approved,,2026-07-01T17:55:59Z
AUTH-001592,TXN-999999,approved,,2026-07-09T02:03:04Z
AUTH-001593,TXN-001532,approved,,2026-06-11T16:38:05Z
AUTH-001594,TXN-001050,approved,,2026-09-18T03:25:14Z
AUTH-001595,TXN-000522,approved,,2026-07-04T13:43:13Z
AUTH-001596,TXN-000730,approved,,2027-04-16T09:25:26Z
AUTH-001597,TXN-001522,approved,,2026-06-18T04:28:04Z
AUTH-001598,TXN-000009,approved,,2026-07-01T23:20:34Z
AUTH-001599,TXN-000153,approved,,2026-06-21T21:19:25Z
AUTH-001600,TXN-000714,approved,,2026-06-28T20:03:23Z
AUTH-001601,TXN-001345,approved,,2026-06-23T13:19:56Z
AUTH-001602,TXN-000159,approved,,2026-06-10T16:05:41Z
AUTH-001603,TXN-000612,approved,,2026-06-18T03:47:09Z
AUTH-001604,TXN-000172,declined,expired_card,2026-06-24T11:15:33Z
AUTH-001605,TXN-001595,declined,incorrect_pin,2026-07-02T14:57:18Z
AUTH-001606,TXN-000319,approved,,2026-06-26T10:15:55Z
AUTH-001607,TXN-000237,approved,,2026-07-20T07:46:26Z
AUTH-001608,TXN-001011,approved,,2026-07-27T05:12:25Z
AUTH-001609,TXN-001543,approved,,2026-06-11T11:40:52Z
AUTH-001610,TXN-001587,approved,,2026-06-19T03:52:15Z
AUTH-001611,TXN-001656,approved,,2026-06-12T21:03:33Z
AUTH-001612,TXN-999999,declined,insufficient_funds,2026-07-03T04:05:44Z
AUTH-001613,TXN-000492,approved,,2026-06-18T15:22:12Z
AUTH-001614,TXN-000441,approved,,2026-07-05T01:44:41Z
AUTH-001615,TXN-001459,approved,,2027-02-20T00:27:53Z
AUTH-001616,TXN-001265,approved,,2026-07-11T16:57:21Z
AUTH-001617,TXN-000539,approved,,2026-06-13T11:21:53Z
AUTH-001618,TXN-000893,approved,,2026-06-21T10:00:19Z
AUTH-001619,TXN-999999,approved,,2026-07-05T15:19:32Z
AUTH-001620,TXN-001765,declined,suspected_fraud,2026-06-27T20:56:50Z
AUTH-001621,TXN-001231,approved,,2026-07-20T06:07:03Z
AUTH-001622,TXN-001167,approved,,2026-06-24T12:55:47Z
AUTH-001623,TXN-001538,approved,,2026-06-28T08:14:47Z
AUTH-001624,TXN-000290,approved,,2026-07-02T07:32:47Z
AUTH-001625,TXN-001476,approved,,2026-06-26T01:22:57Z
AUTH-001626,TXN-000767,approved,,2026-06-29T02:10:05Z
AUTH-001627,TXN-000910,approved,,2026-07-04T02:44:05Z
AUTH-001628,TXN-000481,approved,,2026-06-10T22:27:46Z
AUTH-001629,TXN-001479,approved,,2026-06-09T23:11:34Z
AUTH-001630,TXN-001220,approved,,2026-06-15T01:17:02Z
AUTH-001631,TXN-000552,approved,,2026-06-06T21:32:09Z
AUTH-001632,TXN-000913,approved,,2027-06-04T04:40:06Z
AUTH-001633,TXN-000561,approved,,2026-06-05T20:20:31Z
AUTH-001634,TXN-001609,approved,,2027-04-02T16:18:27Z
AUTH-001635,TXN-001562,approved,,2026-06-14T11:30:38Z
AUTH-001636,TXN-001097,approved,,2026-06-11T07:48:15Z
AUTH-001637,TXN-000153,approved,,2026-06-21T21:19:25Z
AUTH-001638,TXN-000058,approved,,2026-07-01T05:57:42Z
AUTH-001639,TXN-000555,approved,,2026-06-12T03:53:41Z
AUTH-001640,TXN-001031,approved,,2026-06-22T21:47:56Z
AUTH-001641,TXN-001247,approved,,2026-06-07T23:43:39Z
AUTH-001642,TXN-001696,approved,,2026-07-17T07:38:32Z
AUTH-001643,TXN-000318,approved,,2026-07-01T09:58:43Z
AUTH-001644,TXN-000155,approved,,2026-06-05T00:24:13Z
AUTH-001645,TXN-000715,approved,,2027-07-06T01:43:55Z
AUTH-001646,TXN-001094,approved,,2026-06-28T20:10:18Z
AUTH-001647,TXN-000998,approved,,2026-06-10T22:22:35Z
AUTH-001648,TXN-001812,approved,,2026-06-20T04:19:07Z
AUTH-001649,TXN-001654,approved,,2026-06-26T09:59:16Z
AUTH-001650,TXN-999999,approved,,2026-06-17T17:22:21Z
AUTH-001651,TXN-001242,approved,,2026-06-29T15:12:45Z
AUTH-001652,TXN-000918,approved,,2026-06-21T19:04:37Z
AUTH-001653,TXN-001905,approved,,2026-06-22T16:41:18Z
AUTH-001654,TXN-000395,approved,,2026-06-27T01:44:02Z
AUTH-001655,TXN-000285,approved,,2026-06-13T02:36:34Z
AUTH-001656,TXN-000164,approved,,2026-06-10T07:15:19Z
AUTH-001657,TXN-000400,approved,,2026-06-21T18:13:27Z
AUTH-001658,TXN-000392,declined,suspected_fraud,2026-06-23T19:49:49Z
AUTH-001659,TXN-000731,approved,,2026-06-26T15:00:52Z
AUTH-001660,TXN-001808,approved,,2026-08-04T23:11:56Z
AUTH-001661,TXN-001226,approved,,2026-06-11T21:48:40Z
AUTH-001662,TXN-000759,approved,,2026-06-27T10:59:22Z
AUTH-001663,TXN-001730,approved,,2026-06-25T08:39:37Z
AUTH-001664,TXN-001900,approved,,2026-07-04T00:54:01Z
AUTH-001665,TXN-000127,approved,,2026-06-25T08:57:16Z
AUTH-001666,TXN-000664,approved,,2026-11-18T11:55:25Z
AUTH-001667,TXN-000068,approved,,2026-06-15T14:34:08Z
AUTH-001668,TXN-001245,approved,,2026-07-02T22:50:37Z
AUTH-001669,TXN-001484,approved,,2026-06-28T01:52:39Z
AUTH-001670,TXN-000896,approved,,2026-06-25T22:25:01Z
AUTH-001671,TXN-999999,approved,,2027-03-30T11:43:23Z
AUTH-001672,TXN-999999,approved,,2026-07-10T15:43:22Z
AUTH-001673,TXN-000555,approved,,2026-06-12T03:53:41Z
AUTH-001674,TXN-001960,approved,,2026-06-05T04:48:55Z
AUTH-001675,TXN-000463,approved,,2026-06-18T16:14:15Z
AUTH-001676,TXN-000347,approved,,2026-06-10T23:03:08Z
AUTH-001677,TXN-000961,approved,,2026-06-29T10:13:03Z
AUTH-001678,TXN-001874,approved,,2026-06-20T20:28:33Z
AUTH-001679,TXN-001343,approved,,2026-07-02T07:54:41Z
AUTH-001680,TXN-000761,approved,,2026-06-05T16:35:20Z
AUTH-001681,TXN-001340,approved,,2026-06-14T15:56:00Z
AUTH-001682,TXN-000884,declined,do_not_honour,2026-07-01T00:12:41Z
AUTH-001683,TXN-001958,approved,,2026-06-06T08:37:27Z
AUTH-001684,TXN-000618,approved,,2026-06-26T19:47:44Z
AUTH-001685,TXN-001353,approved,,2026-06-30T06:26:02Z
AUTH-001686,TXN-001324,approved,,2026-06-23T10:35:08Z
AUTH-001687,TXN-000011,approved,,2026-06-11T09:06:24Z
AUTH-001688,TXN-001877,approved,,2026-07-03T23:51:25Z
AUTH-001689,TXN-000050,approved,,2026-06-17T12:05:45Z
AUTH-001690,TXN-000220,approved,,2026-07-26T03:43:33Z
AUTH-001691,TXN-001565,approved,,2026-06-07T04:10:11Z
AUTH-001692,TXN-000476,approved,,2026-06-12T22:27:33Z
AUTH-001693,TXN-000038,approved,,2026-06-16T22:48:26Z
AUTH-001694,TXN-000578,approved,,2026-06-30T07:13:58Z
AUTH-001695,TXN-001356,approved,,2026-07-03T17:11:34Z
AUTH-001696,TXN-001915,approved,,2026-06-25T08:36:22Z
AUTH-001697,TXN-000065,approved,,2026-07-01T17:55:59Z
AUTH-001698,TXN-001774,declined,incorrect_pin,2026-06-09T23:50:48Z
AUTH-001699,TXN-001361,approved,,2026-06-23T03:28:27Z
AUTH-001700,TXN-000184,declined,expired_card,2026-06-13T22:56:30Z
AUTH-001701,TXN-000320,approved,,2026-06-25T13:26:00Z
AUTH-001702,TXN-001355,approved,,2026-06-10T05:03:13Z
AUTH-001703,TXN-000736,declined,suspected_fraud,2026-07-04T05:26:40Z
AUTH-001704,TXN-000702,approved,,2026-07-02T10:55:44Z
AUTH-001705,TXN-000830,approved,,2026-06-05T10:26:57Z
AUTH-001706,TXN-000972,approved,,2026-06-19T17:28:52Z
AUTH-001707,TXN-001792,approved,,2026-06-10T16:52:13Z
AUTH-001708,TXN-001450,approved,,2026-06-07T09:49:34Z
AUTH-001709,TXN-000636,approved,,2026-07-02T14:11:13Z
AUTH-001710,TXN-000254,approved,,2026-06-14T22:30:47Z
AUTH-001711,TXN-001652,approved,,2026-06-19T06:35:29Z
AUTH-001712,TXN-001768,approved,,2026-06-19T19:34:01Z
AUTH-001713,TXN-001309,declined,expired_card,2026-06-25T15:32:47Z
AUTH-001714,TXN-000519,approved,,2026-06-14T06:25:43Z
AUTH-001715,TXN-001864,declined,expired_card,2026-06-07T22:52:23Z
AUTH-001716,TXN-000556,approved,,2026-06-10T21:28:01Z
AUTH-001717,TXN-000876,approved,,2026-07-21T09:51:39Z
AUTH-001718,TXN-001438,approved,,2026-06-11T00:51:44Z
AUTH-001719,TXN-001992,approved,,2026-06-08T02:13:29Z
AUTH-001720,TXN-001371,approved,,2026-06-05T12:28:03Z
AUTH-001721,TXN-001797,approved,,2026-06-17T23:18:48Z
AUTH-001722,TXN-001485,approved,,2026-06-08T06:24:24Z
AUTH-001723,TXN-000150,approved,,2026-06-26T22:35:43Z
AUTH-001724,TXN-000636,approved,,2026-07-02T14:11:13Z
AUTH-001725,TXN-001681,approved,,2026-07-05T17:24:39Z
AUTH-001726,TXN-001080,declined,expired_card,2026-06-20T11:31:27Z
AUTH-001727,TXN-001402,approved,,2026-06-07T04:00:07Z
AUTH-001728,TXN-000640,approved,,2026-06-25T23:37:21Z
AUTH-001729,TXN-000030,approved,,2026-06-07T09:36:49Z
AUTH-001730,TXN-001479,declined,insufficient_funds,2026-06-09T23:11:34Z
AUTH-001731,TXN-001413,approved,,2026-06-22T19:37:55Z
AUTH-001732,TXN-001308,approved,,2026-06-06T06:11:51Z
AUTH-001733,TXN-000112,approved,,2026-06-08T17:42:58Z
AUTH-001734,TXN-000356,approved,,2026-06-26T00:17:37Z
AUTH-001735,TXN-999999,approved,,2026-06-15T06:38:26Z
AUTH-001736,TXN-001830,approved,,2026-07-28T03:38:49Z
AUTH-001737,TXN-001664,approved,,2026-06-28T00:48:02Z
AUTH-001738,TXN-000488,approved,,2026-06-26T07:28:39Z
AUTH-001739,TXN-001468,approved,,2026-06-14T15:16:59Z
AUTH-001740,TXN-000787,approved,,2026-06-28T12:45:17Z
AUTH-001741,TXN-000834,approved,,2026-06-30T10:26:36Z
AUTH-001742,TXN-001981,approved,,2026-06-14T13:34:14Z
AUTH-001743,TXN-001173,declined,incorrect_pin,2026-06-15T12:50:39Z
AUTH-001744,TXN-000302,approved,,2026-06-27T12:32:45Z
AUTH-001745,TXN-000561,approved,,2026-06-05T20:20:31Z
AUTH-001746,TXN-001856,approved,,2026-06-29T19:19:39Z
AUTH-001747,TXN-000439,approved,,2026-06-15T18:51:32Z
AUTH-001748,TXN-001153,declined,incorrect_pin,2026-07-03T22:07:27Z
AUTH-001749,TXN-001006,approved,,2026-06-17T06:27:06Z
AUTH-001750,TXN-001493,approved,,2026-06-15T01:21:51Z
AUTH-001751,TXN-001540,approved,,2026-06-08T10:27:49Z
AUTH-001752,TXN-000972,approved,,2026-06-19T17:28:52Z
AUTH-001753,TXN-000574,approved,,2026-06-14T19:16:31Z
AUTH-001754,TXN-000752,approved,,2026-07-05T21:41:54Z
AUTH-001755,TXN-001443,approved,,2026-06-25T10:30:54Z
AUTH-001756,TXN-000999,approved,,2026-07-01T12:08:05Z
AUTH-001757,TXN-001424,approved,,2026-06-30T04:06:21Z
AUTH-001758,TXN-000531,approved,,2026-06-18T06:25:55Z
AUTH-001759,TXN-999999,declined,expired_card,2026-06-27T17:36:28Z
AUTH-001760,TXN-001343,approved,,2026-07-02T07:54:41Z
AUTH-001761,TXN-001943,approved,,2026-07-02T15:42:01Z
AUTH-001762,TXN-000360,approved,,2026-06-15T12:03:25Z
AUTH-001763,TXN-000816,approved,,2026-06-30T17:46:56Z
AUTH-001764,TXN-000937,approved,,2026-06-28T00:12:32Z
AUTH-001765,TXN-001869,approved,,2026-06-19T23:26:37Z
AUTH-001766,TXN-001298,approved,,2026-07-04T19:29:38Z
AUTH-001767,TXN-000057,approved,,2026-07-04T12:56:07Z
AUTH-001768,TXN-001333,approved,,2026-06-25T12:43:40Z
AUTH-001769,TXN-000727,declined,expired_card,2026-07-02T10:27:11Z
AUTH-001770,TXN-000689,approved,,2026-08-02T15:17:55Z
AUTH-001771,TXN-001131,approved,,2026-06-18T09:49:49Z
AUTH-001772,TXN-001229,approved,,2026-06-29T03:23:33Z
AUTH-001773,TXN-000901,approved,,2026-06-29T06:57:28Z
AUTH-001774,TXN-000517,declined,suspected_fraud,2026-06-10T23:15:37Z
AUTH-001775,TXN-001023,approved,,2026-06-29T23:21:07Z
AUTH-001776,TXN-001253,approved,,2026-06-30T10:39:10Z
AUTH-001777,TXN-000691,approved,,2026-07-18T10:45:40Z
AUTH-001778,TXN-000523,approved,,2026-07-01T02:09:45Z
AUTH-001779,TXN-001474,approved,,2026-07-04T19:42:12Z
AUTH-001780,TXN-000985,declined,incorrect_pin,2026-06-19T08:00:24Z
AUTH-001781,TXN-001594,approved,,2026-07-03T11:06:09Z
AUTH-001782,TXN-001417,approved,,2026-06-30T05:32:55Z
AUTH-001783,TXN-001693,declined,expired_card,2026-06-29T18:17:59Z
AUTH-001784,TXN-000342,approved,,2026-06-22T13:09:20Z
AUTH-001785,TXN-000229,approved,,2026-06-22T00:56:17Z
AUTH-001786,TXN-001209,declined,expired_card,2026-06-09T20:40:51Z
AUTH-001787,TXN-000859,approved,,2026-06-26T17:01:22Z
AUTH-001788,TXN-001684,approved,,2026-06-08T00:25:07Z
AUTH-001789,TXN-001037,approved,,2027-01-15T22:46:55Z
AUTH-001790,TXN-000596,approved,,2026-06-15T10:18:36Z
AUTH-001791,TXN-000177,approved,,2026-06-27T10:55:56Z
AUTH-001792,TXN-001232,approved,,2026-06-08T18:18:08Z
AUTH-001793,TXN-001025,approved,,2026-06-18T20:16:41Z
AUTH-001794,TXN-000599,approved,,2026-06-14T13:26:25Z
AUTH-001795,TXN-000029,approved,,2026-06-28T23:52:48Z
AUTH-001796,TXN-001770,declined,do_not_honour,2026-06-07T08:09:41Z
AUTH-001797,TXN-000504,approved,,2026-06-22T21:30:42Z
AUTH-001798,TXN-000090,approved,,2026-06-08T12:07:53Z
AUTH-001799,TXN-001516,approved,,2026-06-06T19:39:49Z
AUTH-001800,TXN-001133,approved,,2026-07-02T13:32:04Z
AUTH-001801,TXN-001095,declined,suspected_fraud,2026-07-04T21:24:17Z
AUTH-001802,TXN-000199,approved,,2026-06-26T17:19:36Z
AUTH-001803,TXN-001399,declined,suspected_fraud,2026-07-01T19:43:41Z
AUTH-001804,TXN-001646,approved,,2026-08-03T10:11:07Z
AUTH-001805,TXN-000958,approved,,2026-06-22T14:34:19Z
AUTH-001806,TXN-000836,approved,,2026-06-23T03:33:41Z
AUTH-001807,TXN-001981,approved,,2026-06-14T13:34:14Z
AUTH-001808,TXN-000452,approved,,2026-06-21T02:17:26Z
AUTH-001809,TXN-000362,approved,,2026-06-08T05:14:27Z
AUTH-001810,TXN-001254,approved,,2026-07-01T23:41:51Z
AUTH-001811,TXN-001492,declined,do_not_honour,2026-06-05T10:32:30Z
AUTH-001812,TXN-001011,approved,,2026-07-27T05:12:25Z
AUTH-001813,TXN-001471,approved,,2026-06-30T17:26:23Z
AUTH-001814,TXN-001776,approved,,2026-06-12T21:28:46Z
AUTH-001815,TXN-001304,approved,,2026-07-04T21:03:51Z
AUTH-001816,TXN-001014,approved,,2026-06-17T06:19:13Z
AUTH-001817,TXN-001644,approved,,2026-06-07T13:24:36Z
AUTH-001818,TXN-001107,approved,,2026-06-26T22:01:07Z
AUTH-001819,TXN-001107,approved,,2026-06-26T22:01:07Z
AUTH-001820,TXN-001068,approved,,2026-06-18T08:38:49Z
AUTH-001821,TXN-000663,approved,,2026-07-05T18:26:36Z
AUTH-001822,TXN-000839,approved,,2026-06-17T15:52:55Z
AUTH-001823,TXN-999999,approved,,2026-06-18T15:44:21Z
AUTH-001824,TXN-001302,approved,,2026-06-18T21:25:58Z
AUTH-001825,TXN-000380,approved,,2026-06-06T12:59:38Z
AUTH-001826,TXN-000191,approved,,2026-06-10T21:46:15Z
AUTH-001827,TXN-000686,approved,,2026-06-21T20:31:21Z
AUTH-001828,TXN-001583,approved,,2026-07-03T01:18:02Z
AUTH-001829,TXN-000912,approved,,2026-07-04T06:59:45Z
AUTH-001830,TXN-000437,approved,,2026-06-20T10:37:03Z
AUTH-001831,TXN-000551,approved,,2026-06-05T05:30:45Z
AUTH-001832,TXN-000942,approved,,2026-06-27T00:54:32Z
AUTH-001833,TXN-001307,approved,,2026-06-15T10:33:45Z
AUTH-001834,TXN-001721,approved,,2026-06-24T13:53:42Z
AUTH-001835,TXN-000229,approved,,2026-06-22T00:56:17Z
AUTH-001836,TXN-001663,approved,,2026-11-17T01:14:12Z
AUTH-001837,TXN-001434,declined,insufficient_funds,2026-06-22T15:29:19Z
AUTH-001838,TXN-999999,approved,,2026-06-26T22:35:43Z
AUTH-001839,TXN-999999,approved,,2026-06-13T17:32:38Z
AUTH-001840,TXN-001181,declined,do_not_honour,2026-06-09T22:53:47Z
AUTH-001841,TXN-000783,declined,do_not_honour,2026-06-17T02:20:02Z
AUTH-001842,TXN-001409,approved,,2026-06-07T22:31:00Z
AUTH-001843,TXN-000020,declined,suspected_fraud,2026-06-10T22:02:52Z
AUTH-001844,TXN-000133,approved,,2026-06-15T09:06:37Z
AUTH-001845,TXN-000694,approved,,2026-06-17T10:56:34Z
AUTH-001846,TXN-001726,approved,,2026-06-05T12:37:21Z
AUTH-001847,TXN-001658,declined,incorrect_pin,2026-06-29T06:30:10Z
AUTH-001848,TXN-001192,approved,,2026-06-19T17:03:58Z
AUTH-001849,TXN-000317,approved,,2026-06-05T13:14:20Z
AUTH-001850,TXN-000368,approved,,2026-06-23T19:09:35Z
AUTH-001851,TXN-001747,approved,,2026-07-16T18:01:15Z
AUTH-001852,TXN-000922,declined,suspected_fraud,2026-06-18T12:11:44Z
AUTH-001853,TXN-000633,declined,incorrect_pin,2026-06-18T06:50:44Z
AUTH-001854,TXN-000202,declined,do_not_honour,2026-06-28T01:34:21Z
AUTH-001855,TXN-001961,approved,,2026-07-31T01:04:47Z
AUTH-001856,TXN-001879,approved,,2026-06-27T16:37:35Z
AUTH-001857,TXN-000164,approved,,2026-06-10T07:15:19Z
AUTH-001858,TXN-001047,approved,,2026-06-15T01:32:11Z
AUTH-001859,TXN-000165,approved,,2026-06-18T02:39:53Z
AUTH-001860,TXN-001965,approved,,2026-06-17T14:03:35Z
AUTH-001861,TXN-001641,approved,,2026-06-09T16:27:47Z
AUTH-001862,TXN-000740,approved,,2026-06-25T15:28:39Z
AUTH-001863,TXN-000893,approved,,2026-06-21T10:00:19Z
AUTH-001864,TXN-000696,approved,,2026-07-03T06:38:53Z
AUTH-001865,TXN-001270,approved,,2026-06-07T10:49:18Z
AUTH-001866,TXN-000112,approved,,2026-06-08T17:42:58Z
AUTH-001867,TXN-001449,approved,,2026-06-11T12:30:31Z
AUTH-001868,TXN-001434,approved,,2026-06-22T15:29:19Z
AUTH-001869,TXN-000460,approved,,2026-06-12T10:14:25Z
AUTH-001870,TXN-000044,approved,,2026-06-05T18:48:36Z
AUTH-001871,TXN-000870,approved,,2026-08-04T19:24:49Z
AUTH-001872,TXN-001841,approved,,2026-06-25T21:32:18Z
AUTH-001873,TXN-001159,approved,,2026-06-23T17:20:17Z
AUTH-001874,TXN-000991,approved,,2026-06-30T02:00:42Z
AUTH-001875,TXN-000634,approved,,2026-06-30T19:20:15Z
AUTH-001876,TXN-001010,declined,do_not_honour,2026-07-01T10:12:42Z
AUTH-001877,TXN-001573,approved,,2026-06-12T23:27:31Z
AUTH-001878,TXN-001993,declined,expired_card,2026-06-22T22:41:50Z
AUTH-001879,TXN-001323,approved,,2026-06-24T23:04:51Z
AUTH-001880,TXN-000874,approved,,2026-06-27T08:49:17Z
AUTH-001881,TXN-001122,declined,suspected_fraud,2026-06-14T12:40:10Z
AUTH-001882,TXN-000279,approved,,2026-06-16T20:35:57Z
AUTH-001883,TXN-001315,approved,,2026-06-05T06:34:46Z
AUTH-001884,TXN-001899,declined,expired_card,2026-06-18T18:08:28Z
AUTH-001885,TXN-001586,approved,,2026-06-20T01:28:47Z
AUTH-001886,TXN-000633,approved,,2026-06-18T06:50:44Z
AUTH-001887,TXN-000253,approved,,2026-06-21T10:45:33Z
AUTH-001888,TXN-999999,approved,,2026-06-23T11:44:21Z
AUTH-001889,TXN-001936,approved,,2026-07-01T14:10:16Z
AUTH-001890,TXN-001714,approved,,2026-06-12T15:29:39Z
AUTH-001891,TXN-000980,approved,,2026-06-28T08:57:59Z
AUTH-001892,TXN-000696,approved,,2026-07-03T06:38:53Z
AUTH-001893,TXN-000381,approved,,2026-06-17T06:58:46Z
AUTH-001894,TXN-000444,approved,,2026-07-05T15:45:32Z
AUTH-001895,TXN-001759,approved,,2027-06-03T22:47:28Z
AUTH-001896,TXN-001745,approved,,2026-06-18T18:14:55Z
AUTH-001897,TXN-000496,approved,,2026-06-22T05:14:00Z
AUTH-001898,TXN-001056,approved,,2026-06-27T12:38:41Z
AUTH-001899,TXN-000681,approved,,2026-07-01T08:56:38Z
AUTH-001900,TXN-001478,approved,,2026-07-01T13:33:56Z
AUTH-001901,TXN-001570,approved,,2026-06-22T21:44:04Z
AUTH-001902,TXN-000053,approved,,2026-06-18T20:29:25Z
AUTH-001903,TXN-000684,declined,incorrect_pin,2026-06-08T11:03:06Z
AUTH-001904,TXN-001435,approved,,2026-06-05T18:57:22Z
AUTH-001905,TXN-001214,approved,,2026-07-09T01:45:12Z
AUTH-001906,TXN-001266,declined,insufficient_funds,2026-06-07T07:52:53Z
AUTH-001907,TXN-999999,approved,,2026-07-01T01:07:06Z
AUTH-001908,TXN-001805,approved,,2026-06-18T18:56:19Z
AUTH-001909,TXN-000261,declined,do_not_honour,2026-06-08T13:13:00Z
AUTH-001910,TXN-001708,approved,,2026-07-05T23:46:05Z
AUTH-001911,TXN-001951,declined,incorrect_pin,2026-06-08T17:03:11Z
AUTH-001912,TXN-001901,approved,,2026-06-26T04:28:33Z
AUTH-001913,TXN-000370,approved,,2026-07-01T00:41:59Z
AUTH-001914,TXN-001234,approved,,2026-06-22T18:53:00Z
AUTH-001915,TXN-001050,approved,,2026-09-18T03:25:14Z
AUTH-001916,TXN-001199,approved,,2026-06-13T18:39:26Z
AUTH-001917,TXN-000858,declined,do_not_honour,2026-06-09T22:45:44Z
AUTH-001918,TXN-001982,approved,,2026-07-09T09:41:08Z
AUTH-001919,TXN-000560,approved,,2026-06-28T19:04:07Z
AUTH-001920,TXN-000751,approved,,2027-06-24T11:00:34Z
AUTH-001921,TXN-999999,approved,,2026-06-15T06:38:26Z
AUTH-001922,TXN-001172,approved,,2027-06-24T13:10:18Z
AUTH-001923,TXN-001388,approved,,2026-07-03T10:20:07Z
AUTH-001924,TXN-001197,approved,,2026-07-04T03:25:08Z
AUTH-001925,TXN-001794,approved,,2026-07-05T10:49:31Z
AUTH-001926,TXN-000934,declined,insufficient_funds,2026-06-23T14:03:50Z
AUTH-001927,TXN-001313,approved,,2026-06-23T20:31:23Z
AUTH-001928,TXN-000336,approved,,2026-06-17T19:36:24Z
AUTH-001929,TXN-001642,approved,,2026-06-26T13:16:28Z
AUTH-001930,TXN-999999,approved,,2026-06-24T19:21:21Z
AUTH-001931,TXN-000754,approved,,2026-06-17T15:07:29Z
AUTH-001932,TXN-001132,approved,,2026-07-30T07:37:32Z
AUTH-001933,TXN-001819,approved,,2026-06-12T15:11:01Z
AUTH-001934,TXN-001354,approved,,2026-06-08T11:41:43Z
AUTH-001935,TXN-000219,approved,,2026-07-10T06:13:52Z
AUTH-001936,TXN-001350,approved,,2027-03-08T22:38:30Z
AUTH-001937,TXN-001692,approved,,2026-06-13T09:00:34Z
AUTH-001938,TXN-001341,approved,,2026-06-14T19:56:29Z
AUTH-001939,TXN-001440,approved,,2026-06-15T01:14:50Z
AUTH-001940,TXN-000781,approved,,2027-03-30T11:43:23Z
AUTH-001941,TXN-001358,approved,,2026-06-10T08:13:11Z
AUTH-001942,TXN-000861,approved,,2026-07-01T02:40:40Z
AUTH-001943,TXN-001969,approved,,2026-06-27T19:04:27Z
AUTH-001944,TXN-000506,approved,,2026-07-02T10:03:14Z
AUTH-001945,TXN-000908,approved,,2026-06-16T16:28:06Z
AUTH-001946,TXN-000516,approved,,2026-06-15T04:45:00Z
AUTH-001947,TXN-001812,approved,,2026-06-20T04:19:07Z
AUTH-001948,TXN-001966,approved,,2026-07-01T17:29:14Z
AUTH-001949,TXN-000033,approved,,2026-06-12T18:59:57Z
AUTH-001950,TXN-000289,approved,,2026-07-05T10:25:49Z
AUTH-001951,TXN-000830,approved,,2026-06-05T10:26:57Z
AUTH-001952,TXN-001643,approved,,2026-07-03T18:18:04Z
AUTH-001953,TXN-001263,approved,,2027-04-03T21:49:23Z
AUTH-001954,TXN-001179,approved,,2026-06-30T11:13:07Z
AUTH-001955,TXN-001061,approved,,2026-06-27T17:30:00Z
AUTH-001956,TXN-001586,approved,,2026-06-20T01:28:47Z
AUTH-001957,TXN-000285,approved,,2026-06-13T02:36:34Z
AUTH-001958,TXN-001062,approved,,2026-07-05T13:17:27Z
AUTH-001959,TXN-000366,approved,,2026-06-19T12:53:43Z
AUTH-001960,TXN-000439,approved,,2026-06-15T18:51:32Z
AUTH-001961,TXN-999999,approved,,2026-06-15T01:21:51Z
AUTH-001962,TXN-001789,approved,,2026-06-11T21:36:54Z
AUTH-001963,TXN-001208,approved,,2026-06-24T18:54:47Z
AUTH-001964,TXN-000298,approved,,2026-07-04T01:16:52Z
AUTH-001965,TXN-000718,approved,,2026-06-21T14:48:45Z
AUTH-001966,TXN-001899,approved,,2026-06-18T18:08:28Z
AUTH-001967,TXN-001049,approved,,2026-06-25T05:06:44Z
AUTH-001968,TXN-000824,approved,,2026-07-22T03:31:41Z
AUTH-001969,TXN-000043,approved,,2026-07-03T21:19:11Z
AUTH-001970,TXN-000720,declined,suspected_fraud,2026-06-24T05:32:06Z
AUTH-001971,TXN-001219,approved,,2026-06-06T11:58:06Z
AUTH-001972,TXN-999999,approved,,2026-06-29T06:30:10Z
AUTH-001973,TXN-001923,approved,,2026-06-26T05:14:48Z
AUTH-001974,TXN-000183,approved,,2026-06-06T14:28:07Z
AUTH-001975,TXN-000122,approved,,2026-06-13T18:29:26Z
AUTH-001976,TXN-000486,approved,,2026-06-06T16:18:26Z
AUTH-001977,TXN-000718,approved,,2026-06-21T14:48:45Z
AUTH-001978,TXN-000899,approved,,2026-06-15T17:07:46Z
AUTH-001979,TXN-001198,declined,expired_card,2026-06-19T04:10:47Z
AUTH-001980,TXN-000801,approved,,2026-06-15T15:47:27Z
AUTH-001981,TXN-001894,approved,,2026-06-22T10:03:19Z
AUTH-001982,TXN-999999,approved,,2026-06-05T05:41:44Z
AUTH-001983,TXN-000915,approved,,2026-06-22T14:45:00Z
AUTH-001984,TXN-001489,approved,,2026-06-23T05:37:32Z
AUTH-001985,TXN-001462,approved,,2026-06-07T04:33:41Z
AUTH-001986,TXN-001417,approved,,2026-06-30T05:32:55Z
AUTH-001987,TXN-000976,approved,,2026-06-09T20:50:49Z
AUTH-001988,TXN-001507,declined,incorrect_pin,2026-06-14T03:04:26Z
AUTH-001989,TXN-999999,declined,expired_card,2026-06-27T12:32:45Z
AUTH-001990,TXN-001231,approved,,2026-07-20T06:07:03Z
AUTH-001991,TXN-001708,approved,,2026-07-05T23:46:05Z
AUTH-001992,TXN-000491,approved,,2026-07-03T05:40:20Z
AUTH-001993,TXN-000656,approved,,2026-10-04T04:18:21Z
AUTH-001994,TXN-001535,approved,,2026-06-17T03:25:57Z
AUTH-001995,TXN-000700,approved,,2026-08-16T16:02:30Z
AUTH-001996,TXN-000500,approved,,2026-06-27T03:05:16Z
AUTH-001997,TXN-001646,approved,,2026-08-03T10:11:07Z
AUTH-001998,TXN-000183,approved,,2026-06-06T14:28:07Z
AUTH-001999,TXN-001479,approved,,2026-06-09T23:11:34Z
AUTH-002000,TXN-000868,approved,,2026-06-25T23:45:04Z
AUTH-002001,TXN-001006,approved,,2026-06-17T06:27:06Z
AUTH-002002,TXN-000316,approved,,2026-07-04T21:20:23Z
AUTH-002003,TXN-000319,approved,,2026-06-26T10:15:55Z
AUTH-002004,TXN-001676,approved,,2026-06-28T16:13:37Z
AUTH-002005,TXN-001615,approved,,2026-06-29T00:58:03Z
AUTH-002006,TXN-000206,approved,,2026-07-05T17:09:43Z
AUTH-002007,TXN-000096,declined,do_not_honour,2026-07-03T04:03:16Z
AUTH-002008,TXN-000487,approved,,2026-06-26T16:17:16Z
AUTH-002009,TXN-000655,approved,,2026-07-04T08:22:44Z
AUTH-002010,TXN-001280,approved,,2026-06-26T22:58:06Z
AUTH-002011,TXN-001820,approved,,2026-07-24T08:16:47Z
AUTH-002012,TXN-000236,approved,,2026-06-09T15:54:37Z
AUTH-002013,TXN-001025,approved,,2026-06-18T20:16:41Z
AUTH-002014,TXN-001740,approved,,2026-06-14T20:23:59Z
AUTH-002015,TXN-001877,declined,insufficient_funds,2026-07-03T23:51:25Z
AUTH-002016,TXN-001979,approved,,2026-06-08T07:09:47Z
AUTH-002017,TXN-001673,approved,,2026-06-13T01:13:18Z
AUTH-002018,TXN-999999,declined,expired_card,2026-07-05T01:46:42Z
AUTH-002019,TXN-001476,approved,,2026-06-26T01:22:57Z
AUTH-002020,TXN-999999,declined,insufficient_funds,2026-06-30T16:00:49Z
AUTH-002021,TXN-001001,approved,,2026-07-03T03:12:17Z
AUTH-002022,TXN-000447,declined,insufficient_funds,2026-06-25T20:47:51Z
AUTH-002023,TXN-000227,approved,,2026-06-16T17:02:28Z
AUTH-002024,TXN-000979,approved,,2026-06-14T07:39:48Z
AUTH-002025,TXN-001483,approved,,2026-06-15T16:21:29Z
AUTH-002026,TXN-000653,approved,,2026-06-18T06:54:34Z
AUTH-002027,TXN-000938,approved,,2026-06-24T00:44:15Z
AUTH-002028,TXN-001731,approved,,2026-06-05T00:13:44Z
AUTH-002029,TXN-001666,approved,,2026-06-19T07:27:59Z
AUTH-002030,TXN-999999,approved,,2026-06-05T13:33:39Z
AUTH-002031,TXN-001606,approved,,2026-06-12T00:29:46Z
AUTH-002032,TXN-001576,approved,,2026-07-31T02:36:17Z
AUTH-002033,TXN-001662,declined,expired_card,2026-07-04T13:33:04Z
AUTH-002034,TXN-001712,approved,,2026-07-05T10:05:47Z
AUTH-002035,TXN-001880,approved,,2026-06-26T20:35:12Z
AUTH-002036,TXN-001544,approved,,2027-05-08T04:49:09Z
AUTH-002037,TXN-999999,approved,,2026-06-27T10:21:02Z
AUTH-002038,TXN-999999,approved,,2026-06-18T18:14:55Z
AUTH-002039,TXN-001817,approved,,2026-06-15T14:10:19Z
AUTH-002040,TXN-001005,approved,,2026-06-15T15:40:51Z
AUTH-002041,TXN-000335,approved,,2026-06-24T13:51:09Z
AUTH-002042,TXN-001354,approved,,2026-06-08T11:41:43Z
AUTH-002043,TXN-001403,approved,,2026-07-05T19:04:56Z
AUTH-002044,TXN-000911,approved,,2026-11-26T18:48:43Z
AUTH-002045,TXN-001676,approved,,2026-07-24T06:04:29Z
AUTH-002046,TXN-001517,approved,,2026-06-09T07:38:28Z
AUTH-002047,TXN-000571,approved,,2026-07-04T12:36:16Z
AUTH-002048,TXN-001731,approved,,2026-06-05T00:13:44Z
AUTH-002049,TXN-000562,approved,,2026-07-01T15:45:56Z
AUTH-002050,TXN-001414,declined,do_not_honour,2026-07-04T13:27:14Z
AUTH-002051,TXN-000234,approved,,2026-06-16T08:17:58Z
AUTH-002052,TXN-001485,approved,,2026-06-08T06:24:24Z
AUTH-002053,TXN-001600,declined,suspected_fraud,2026-06-06T08:13:32Z
AUTH-002054,TXN-001359,approved,,2026-06-09T19:43:41Z
AUTH-002055,TXN-000873,approved,,2026-06-16T09:37:10Z
AUTH-002056,TXN-000263,approved,,2026-06-09T15:49:16Z
AUTH-002057,TXN-001531,approved,,2026-06-09T04:22:00Z
AUTH-002058,TXN-001585,declined,expired_card,2026-06-23T14:59:56Z
AUTH-002059,TXN-000450,approved,,2026-06-26T11:08:17Z
AUTH-002060,TXN-000255,approved,,2026-06-09T07:12:35Z
AUTH-002061,TXN-000265,approved,,2026-06-24T19:21:21Z
AUTH-002062,TXN-001343,approved,,2026-07-15T13:38:17Z
AUTH-002063,TXN-000098,approved,,2026-06-25T20:09:09Z
AUTH-002064,TXN-000804,approved,,2027-01-17T07:28:12Z
AUTH-002065,TXN-001683,approved,,2026-06-14T01:10:01Z
AUTH-002066,TXN-000783,declined,suspected_fraud,2026-06-17T02:20:02Z
AUTH-002067,TXN-001761,approved,,2026-06-08T23:45:17Z
AUTH-002068,TXN-000583,approved,,2026-06-08T19:53:25Z
AUTH-002069,TXN-000574,approved,,2026-06-14T19:16:31Z
AUTH-002070,TXN-001328,approved,,2026-06-27T13:16:18Z
AUTH-002071,TXN-001350,approved,,2027-03-08T22:38:30Z
AUTH-002072,TXN-001825,approved,,2026-06-17T00:10:35Z
AUTH-002073,TXN-000140,approved,,2026-09-19T02:20:40Z
AUTH-002074,TXN-000556,approved,,2026-06-10T21:28:01Z
AUTH-002075,TXN-000312,approved,,2026-06-10T14:04:30Z
AUTH-002076,TXN-000668,approved,,2026-07-05T11:39:40Z
AUTH-002077,TXN-001394,approved,,2026-07-21T08:43:30Z
AUTH-002078,TXN-000124,approved,,2026-06-13T03:43:31Z
AUTH-002079,TXN-000678,approved,,2026-07-01T04:30:31Z
AUTH-002080,TXN-000431,declined,insufficient_funds,2026-07-05T07:32:12Z
AUTH-002081,TXN-001888,approved,,2026-11-17T17:20:01Z
AUTH-002082,TXN-001156,declined,expired_card,2026-06-29T19:47:59Z
AUTH-002083,TXN-000983,approved,,2026-06-28T13:16:51Z
AUTH-002084,TXN-000634,approved,,2026-06-30T19:20:15Z
AUTH-002085,TXN-001386,approved,,2026-08-01T01:00:05Z
AUTH-002086,TXN-999999,approved,,2026-06-14T09:15:14Z
AUTH-002087,TXN-001454,declined,incorrect_pin,2026-06-20T20:33:08Z
AUTH-002088,TXN-000095,declined,suspected_fraud,2026-06-27T13:17:00Z
AUTH-002089,TXN-001687,approved,,2026-07-05T18:43:29Z
AUTH-002090,TXN-000043,approved,,2026-07-03T21:19:11Z
AUTH-002091,TXN-000621,approved,,2026-06-07T10:47:06Z
AUTH-002092,TXN-001665,approved,,2026-06-07T22:38:40Z
AUTH-002093,TXN-000490,approved,,2026-06-23T09:09:00Z
AUTH-002094,TXN-000151,approved,,2026-06-26T19:43:45Z
AUTH-002095,TXN-001445,approved,,2026-06-26T14:04:29Z
AUTH-002096,TXN-999999,approved,,2026-07-03T15:29:54Z
AUTH-002097,TXN-001638,approved,,2026-06-20T08:11:53Z
AUTH-002098,TXN-001303,approved,,2026-06-12T05:17:57Z
AUTH-002099,TXN-001849,approved,,2026-06-25T00:20:15Z
AUTH-002100,TXN-001865,approved,,2026-06-14T15:19:33Z
AUTH-002101,TXN-000012,approved,,2026-07-18T11:18:06Z
AUTH-002102,TXN-001328,declined,do_not_honour,2026-06-27T13:16:18Z
AUTH-002103,TXN-000798,approved,,2026-06-15T01:01:44Z
AUTH-002104,TXN-000816,approved,,2026-06-30T17:46:56Z
AUTH-002105,TXN-000919,approved,,2026-07-03T16:07:20Z
AUTH-002106,TXN-001628,approved,,2026-06-24T00:44:23Z
AUTH-002107,TXN-000085,approved,,2026-07-04T03:11:25Z
AUTH-002108,TXN-000488,approved,,2026-06-26T07:28:39Z
AUTH-002109,TXN-000129,declined,suspected_fraud,2027-02-01T03:12:09Z
AUTH-002110,TXN-001459,approved,,2027-02-20T00:27:53Z
AUTH-002111,TXN-001404,approved,,2026-06-10T03:31:03Z
AUTH-002112,TXN-000277,approved,,2026-06-07T14:17:54Z
AUTH-002113,TXN-000477,approved,,2026-06-27T06:58:33Z
AUTH-002114,TXN-001067,approved,,2026-06-28T21:23:20Z
AUTH-002115,TXN-000710,approved,,2026-06-26T07:21:50Z
AUTH-002116,TXN-001402,approved,,2026-06-07T04:00:07Z
AUTH-002117,TXN-001358,approved,,2026-06-10T08:13:11Z
AUTH-002118,TXN-001867,approved,,2026-06-10T20:54:47Z
AUTH-002119,TXN-001402,approved,,2026-06-07T04:00:07Z
AUTH-002120,TXN-001179,approved,,2026-06-30T11:13:07Z
AUTH-002121,TXN-001305,declined,insufficient_funds,2026-06-10T09:55:32Z
AUTH-002122,TXN-001573,declined,expired_card,2026-06-12T23:27:31Z
AUTH-002123,TXN-000919,approved,,2026-07-03T16:07:20Z
AUTH-002124,TXN-001695,approved,,2026-06-07T19:30:40Z
AUTH-002125,TXN-000763,approved,,2026-06-25T06:30:27Z
AUTH-002126,TXN-000557,approved,,2026-06-17T14:59:10Z
AUTH-002127,TXN-001934,approved,,2026-06-18T15:37:39Z
AUTH-002128,TXN-001361,approved,,2026-06-23T03:28:27Z
AUTH-002129,TXN-001876,approved,,2026-06-17T15:17:28Z
AUTH-002130,TXN-000511,approved,,2026-06-14T05:29:23Z
AUTH-002131,TXN-000472,approved,,2027-01-17T11:02:10Z
AUTH-002132,TXN-001146,approved,,2026-07-01T03:25:08Z
AUTH-002133,TXN-000579,approved,,2026-07-03T03:50:11Z
AUTH-002134,TXN-000672,approved,,2026-06-10T09:59:43Z
AUTH-002135,TXN-000796,declined,incorrect_pin,2026-07-03T07:54:25Z
AUTH-002136,TXN-001707,approved,,2026-07-27T10:07:28Z
AUTH-002137,TXN-000822,approved,,2026-06-23T01:09:08Z
AUTH-002138,TXN-999999,declined,incorrect_pin,2026-06-30T10:26:36Z
AUTH-002139,TXN-001429,approved,,2026-06-05T14:57:27Z
AUTH-002140,TXN-000259,approved,,2026-06-13T19:36:12Z
AUTH-002141,TXN-001369,approved,,2026-06-07T06:14:25Z
AUTH-002142,TXN-001578,approved,,2026-06-27T10:07:22Z
AUTH-002143,TXN-999999,approved,,2026-06-29T06:57:28Z
AUTH-002144,TXN-001862,approved,,2026-06-07T01:39:44Z
AUTH-002145,TXN-000864,approved,,2026-07-05T00:35:13Z
AUTH-002146,TXN-001817,approved,,2026-06-15T14:10:19Z
AUTH-002147,TXN-000749,approved,,2026-06-28T01:10:06Z
AUTH-002148,TXN-001905,approved,,2026-06-22T16:41:18Z
AUTH-002149,TXN-000730,approved,,2027-04-16T09:25:26Z
AUTH-002150,TXN-001993,approved,,2026-06-22T22:41:50Z
AUTH-002151,TXN-001262,approved,,2026-06-12T19:44:51Z
AUTH-002152,TXN-000081,approved,,2026-06-07T14:12:42Z
AUTH-002153,TXN-000786,approved,,2026-06-26T01:29:45Z
AUTH-002154,TXN-001447,approved,,2026-06-09T07:43:51Z
AUTH-002155,TXN-001345,approved,,2026-06-23T13:19:56Z
AUTH-002156,TXN-000405,approved,,2026-06-06T18:06:08Z
AUTH-002157,TXN-001567,approved,,2026-06-18T15:53:42Z
AUTH-002158,TXN-000589,approved,,2026-06-17T07:54:14Z
AUTH-002159,TXN-001214,declined,suspected_fraud,2026-06-21T04:11:37Z
AUTH-002160,TXN-000400,declined,expired_card,2026-08-01T18:50:25Z
AUTH-002161,TXN-001291,declined,do_not_honour,2026-07-03T00:53:00Z
AUTH-002162,TXN-000233,approved,,2026-06-25T15:34:35Z
AUTH-002163,TXN-001114,approved,,2026-07-03T18:59:13Z
AUTH-002164,TXN-001997,approved,,2026-07-20T03:40:33Z
AUTH-002165,TXN-000058,approved,,2026-07-01T05:57:42Z
AUTH-002166,TXN-001193,declined,suspected_fraud,2026-07-01T22:45:24Z
AUTH-002167,TXN-001568,approved,,2026-06-11T15:35:34Z
AUTH-002168,TXN-000080,approved,,2026-06-26T07:18:40Z
AUTH-002169,TXN-000117,approved,,2026-06-14T08:36:29Z
AUTH-002170,TXN-000041,approved,,2026-06-30T20:49:17Z
AUTH-002171,TXN-001167,declined,insufficient_funds,2026-06-24T12:55:47Z
AUTH-002172,TXN-001749,approved,,2026-06-28T08:48:37Z
AUTH-002173,TXN-001065,approved,,2026-06-29T00:37:55Z
AUTH-002174,TXN-000994,declined,do_not_honour,2026-06-29T23:01:13Z
AUTH-002175,TXN-000883,approved,,2026-06-24T14:36:34Z
AUTH-002176,TXN-999999,approved,,2026-06-07T02:52:46Z
AUTH-002177,TXN-001328,approved,,2026-06-27T13:16:18Z
AUTH-002178,TXN-000055,approved,,2026-06-17T16:58:57Z
AUTH-002179,TXN-001217,approved,,2026-06-08T07:00:37Z
AUTH-002180,TXN-001262,approved,,2026-06-12T19:44:51Z
AUTH-002181,TXN-000128,approved,,2026-07-05T07:54:04Z
AUTH-002182,TXN-000151,approved,,2026-06-26T19:43:45Z
AUTH-002183,TXN-000125,approved,,2026-07-03T08:56:05Z
AUTH-002184,TXN-001983,approved,,2026-06-23T05:08:08Z
AUTH-002185,TXN-001998,approved,,2026-08-01T22:39:33Z
AUTH-002186,TXN-000179,approved,,2026-06-16T06:21:20Z
AUTH-002187,TXN-001414,approved,,2026-07-04T13:27:14Z
AUTH-002188,TXN-001101,approved,,2026-06-07T09:20:51Z
AUTH-002189,TXN-000662,approved,,2026-06-06T14:58:38Z
AUTH-002190,TXN-000305,approved,,2026-07-05T20:03:58Z
AUTH-002191,TXN-001850,approved,,2026-06-08T17:23:28Z
AUTH-002192,TXN-999999,approved,,2026-12-22T17:23:01Z
AUTH-002193,TXN-001253,approved,,2026-06-30T10:39:10Z
AUTH-002194,TXN-000751,approved,,2027-06-24T11:00:34Z
AUTH-002195,TXN-999999,approved,,2026-06-10T13:07:39Z
AUTH-002196,TXN-999999,approved,,2026-08-02T19:32:59Z
AUTH-002197,TXN-000088,approved,,2026-06-09T20:24:04Z
AUTH-002198,TXN-000607,declined,do_not_honour,2026-06-28T19:09:09Z
AUTH-002199,TXN-001319,approved,,2026-06-08T07:25:28Z
AUTH-002200,TXN-001628,approved,,2026-06-24T00:44:23Z
AUTH-002201,TXN-001731,declined,suspected_fraud,2026-06-05T00:13:44Z
AUTH-002202,TXN-001277,approved,,2026-06-12T04:59:51Z
AUTH-002203,TXN-001004,approved,,2026-06-14T16:49:58Z
AUTH-002204,TXN-001084,approved,,2026-06-19T22:49:44Z
AUTH-002205,TXN-999999,approved,,2026-06-08T20:54:04Z
AUTH-002206,TXN-001264,approved,,2026-06-27T04:39:10Z
AUTH-002207,TXN-000371,approved,,2026-06-24T13:11:25Z
AUTH-002208,TXN-000599,approved,,2026-06-14T13:26:25Z
AUTH-002209,TXN-000704,approved,,2026-07-01T13:18:36Z
AUTH-002210,TXN-999999,approved,,2026-07-04T15:56:17Z
AUTH-002211,TXN-000129,approved,,2027-02-01T03:12:09Z
AUTH-002212,TXN-000079,approved,,2026-07-03T21:18:51Z
AUTH-002213,TXN-001528,approved,,2026-07-08T02:47:27Z
AUTH-002214,TXN-001721,approved,,2026-06-24T13:53:42Z
AUTH-002215,TXN-000165,approved,,2026-06-18T02:39:53Z
AUTH-002216,TXN-000849,approved,,2026-06-07T03:38:54Z
AUTH-002217,TXN-001882,approved,,2026-06-26T18:41:26Z
AUTH-002218,TXN-001846,declined,incorrect_pin,2026-06-20T23:59:15Z
AUTH-002219,TXN-001252,approved,,2026-06-05T05:41:44Z
AUTH-002220,TXN-000751,approved,,2027-06-24T11:00:34Z
AUTH-002221,TXN-000402,approved,,2026-07-04T02:24:31Z
AUTH-002222,TXN-001772,approved,,2026-06-21T11:29:07Z
AUTH-002223,TXN-000599,approved,,2026-06-14T13:26:25Z
AUTH-002224,TXN-001843,declined,incorrect_pin,2026-06-25T18:05:11Z
AUTH-002225,TXN-000669,approved,,2026-06-19T00:12:21Z
AUTH-002226,TXN-000813,approved,,2026-06-15T13:01:37Z
AUTH-002227,TXN-000389,declined,incorrect_pin,2026-07-30T22:33:17Z
AUTH-002228,TXN-000420,approved,,2026-07-01T10:30:42Z
AUTH-002229,TXN-000689,approved,,2026-06-14T21:10:45Z
AUTH-002230,TXN-000820,declined,do_not_honour,2026-07-04T07:30:24Z
AUTH-002231,TXN-001396,approved,,2026-06-24T21:20:10Z
AUTH-002232,TXN-001749,approved,,2026-06-28T08:48:37Z
AUTH-002233,TXN-000440,approved,,2026-06-10T05:43:13Z
AUTH-002234,TXN-000909,approved,,2026-10-26T08:54:05Z
AUTH-002235,TXN-000632,approved,,2026-07-25T23:26:53Z
AUTH-002236,TXN-001391,approved,,2026-06-11T14:07:27Z
AUTH-002237,TXN-000731,approved,,2026-06-26T15:00:52Z
AUTH-002238,TXN-000220,approved,,2026-06-09T18:54:26Z
AUTH-002239,TXN-000444,approved,,2026-07-05T15:45:32Z
AUTH-002240,TXN-000531,approved,,2026-06-18T06:25:55Z
AUTH-002241,TXN-000394,approved,,2026-06-25T06:28:19Z
AUTH-002242,TXN-999999,approved,,2026-06-30T21:35:56Z
AUTH-002243,TXN-001714,approved,,2026-06-12T15:29:39Z
AUTH-002244,TXN-001440,approved,,2026-06-15T01:14:50Z
AUTH-002245,TXN-000827,approved,,2026-07-05T15:19:32Z
AUTH-002246,TXN-001883,approved,,2027-01-29T11:02:05Z
AUTH-002247,TXN-001409,approved,,2026-06-07T22:31:00Z
AUTH-002248,TXN-000664,approved,,2026-11-18T11:55:25Z
AUTH-002249,TXN-000997,approved,,2026-06-23T22:05:04Z
AUTH-002250,TXN-000023,approved,,2026-06-06T16:46:26Z
AUTH-002251,TXN-001291,approved,,2026-07-03T00:53:00Z
AUTH-002252,TXN-001334,approved,,2026-06-24T05:55:51Z
AUTH-002253,TXN-000787,declined,suspected_fraud,2026-06-28T12:45:17Z
AUTH-002254,TXN-001615,declined,expired_card,2026-06-29T00:58:03Z
AUTH-002255,TXN-001951,approved,,2026-06-08T17:03:11Z
AUTH-002256,TXN-000348,approved,,2026-08-04T07:00:35Z
AUTH-002257,TXN-001016,approved,,2026-06-28T11:52:01Z
AUTH-002258,TXN-001556,approved,,2026-06-24T10:30:18Z
AUTH-002259,TXN-001381,approved,,2026-06-24T04:45:26Z
AUTH-002260,TXN-000542,approved,,2026-06-16T09:56:59Z
AUTH-002261,TXN-001244,approved,,2026-06-10T15:15:45Z
AUTH-002262,TXN-000156,approved,,2027-03-07T07:23:05Z
AUTH-002263,TXN-002000,approved,,2026-07-02T19:03:49Z
AUTH-002264,TXN-001217,approved,,2026-06-08T07:00:37Z
AUTH-002265,TXN-001203,approved,,2026-06-15T09:40:09Z
AUTH-002266,TXN-000144,approved,,2026-06-29T16:00:53Z
AUTH-002267,TXN-000858,approved,,2026-06-09T22:45:44Z
AUTH-002268,TXN-001218,approved,,2027-05-12T10:57:33Z
AUTH-002269,TXN-999999,declined,incorrect_pin,2026-06-27T16:04:35Z
AUTH-002270,TXN-000921,approved,,2026-08-01T20:44:37Z
AUTH-002271,TXN-001590,approved,,2026-06-12T16:21:12Z
AUTH-002272,TXN-001014,declined,incorrect_pin,2026-06-17T06:19:13Z
AUTH-002273,TXN-000624,approved,,2026-06-13T15:36:32Z
AUTH-002274,TXN-000172,approved,,2026-06-24T11:15:33Z
AUTH-002275,TXN-000392,declined,insufficient_funds,2026-06-23T19:49:49Z
AUTH-002276,TXN-000597,approved,,2026-06-07T11:48:50Z
AUTH-002277,TXN-001077,approved,,2026-06-09T08:01:50Z
AUTH-002278,TXN-000111,approved,,2026-06-23T19:12:04Z
AUTH-002279,TXN-001088,approved,,2026-06-20T14:43:14Z
AUTH-002280,TXN-001320,approved,,2026-06-19T10:00:47Z
AUTH-002281,TXN-001612,approved,,2026-06-27T13:01:05Z
AUTH-002282,TXN-000170,declined,suspected_fraud,2026-06-30T21:53:44Z
AUTH-002283,TXN-999999,declined,do_not_honour,2026-06-23T05:21:48Z
AUTH-002284,TXN-001550,approved,,2026-06-11T18:26:27Z
AUTH-002285,TXN-001982,approved,,2026-07-02T09:18:59Z
AUTH-002286,TXN-001772,approved,,2026-06-21T11:29:07Z
AUTH-002287,TXN-001234,approved,,2026-06-22T18:53:00Z
AUTH-002288,TXN-001046,approved,,2026-06-26T04:24:22Z
AUTH-002289,TXN-001411,approved,,2026-06-12T05:42:28Z
AUTH-002290,TXN-999999,approved,,2026-06-21T09:10:16Z
AUTH-002291,TXN-001729,approved,,2026-07-05T17:27:25Z
AUTH-002292,TXN-001904,approved,,2026-06-09T16:16:50Z
AUTH-002293,TXN-001062,approved,,2026-07-05T13:17:27Z
AUTH-002294,TXN-000805,approved,,2026-07-04T18:12:28Z
AUTH-002295,TXN-001052,approved,,2026-06-25T09:34:42Z
AUTH-002296,TXN-000079,approved,,2026-07-03T21:18:51Z
AUTH-002297,TXN-000563,approved,,2026-06-22T00:52:39Z
AUTH-002298,TXN-001773,approved,,2026-07-12T09:16:26Z
AUTH-002299,TXN-001012,approved,,2026-06-22T11:12:10Z
AUTH-002300,TXN-000375,approved,,2026-06-10T18:22:29Z
AUTH-002301,TXN-001967,approved,,2026-06-09T18:30:51Z
AUTH-002302,TXN-000739,declined,insufficient_funds,2026-06-23T13:20:00Z
AUTH-002303,TXN-000432,declined,do_not_honour,2026-06-21T09:47:22Z
AUTH-002304,TXN-001049,approved,,2026-06-25T05:06:44Z
AUTH-002305,TXN-001532,approved,,2026-06-11T16:38:05Z
AUTH-002306,TXN-001477,declined,incorrect_pin,2026-06-25T20:19:16Z
AUTH-002307,TXN-000653,approved,,2026-06-18T06:54:34Z
AUTH-002308,TXN-001015,approved,,2026-07-03T08:02:43Z
AUTH-002309,TXN-000384,approved,,2026-06-16T20:34:56Z
AUTH-002310,TXN-000790,approved,,2026-06-11T17:48:17Z
AUTH-002311,TXN-000351,approved,,2026-06-17T14:29:13Z
AUTH-002312,TXN-001471,approved,,2026-06-30T17:26:23Z
AUTH-002313,TXN-000995,approved,,2026-06-12T04:48:11Z
AUTH-002314,TXN-999999,approved,,2026-06-06T21:25:41Z
AUTH-002315,TXN-001110,approved,,2026-06-30T16:25:14Z
AUTH-002316,TXN-001386,declined,do_not_honour,2026-06-16T09:37:54Z
AUTH-002317,TXN-001361,approved,,2026-06-23T03:28:27Z
AUTH-002318,TXN-000947,approved,,2026-06-18T11:55:53Z
AUTH-002319,TXN-000413,declined,insufficient_funds,2026-07-05T08:34:57Z
AUTH-002320,TXN-001927,approved,,2026-06-29T10:32:55Z
AUTH-002321,TXN-001199,approved,,2026-06-13T18:39:26Z
AUTH-002322,TXN-000264,approved,,2026-07-02T03:55:25Z
AUTH-002323,TXN-000053,approved,,2026-06-18T20:29:25Z
AUTH-002324,TXN-001050,approved,,2026-09-18T03:25:14Z
AUTH-002325,TXN-001247,approved,,2026-06-07T23:43:39Z
AUTH-002326,TXN-001166,approved,,2026-06-21T21:21:37Z
AUTH-002327,TXN-000001,approved,,2026-06-18T14:14:37Z
AUTH-002328,TXN-001049,approved,,2026-06-25T05:06:44Z
AUTH-002329,TXN-001356,approved,,2026-07-03T17:11:34Z
AUTH-002330,TXN-000174,approved,,2026-06-14T23:25:11Z
AUTH-002331,TXN-000457,approved,,2026-07-18T03:32:09Z
AUTH-002332,TXN-000129,approved,,2027-02-01T03:12:09Z
AUTH-002333,TXN-001418,approved,,2026-07-02T13:15:37Z
AUTH-002334,TXN-000526,declined,insufficient_funds,2026-07-01T21:31:31Z
AUTH-002335,TXN-001051,approved,,2026-06-30T02:43:24Z
AUTH-002336,TXN-000636,approved,,2026-07-02T14:11:13Z
AUTH-002337,TXN-001686,approved,,2026-06-07T21:41:51Z
AUTH-002338,TXN-000237,declined,expired_card,2026-11-04T17:38:50Z
AUTH-002339,TXN-001830,approved,,2026-06-05T02:42:03Z
AUTH-002340,TXN-000131,approved,,2026-06-28T02:57:54Z
AUTH-002341,TXN-001559,approved,,2026-06-06T14:26:27Z
AUTH-002342,TXN-000965,approved,,2026-06-13T17:55:05Z
AUTH-002343,TXN-000017,approved,,2026-06-25T16:58:28Z
AUTH-002344,TXN-001783,approved,,2026-06-20T12:06:10Z
AUTH-002345,TXN-999999,approved,,2026-06-15T11:16:52Z
AUTH-002346,TXN-000439,approved,,2026-06-15T18:51:32Z
AUTH-002347,TXN-000815,declined,expired_card,2026-06-21T03:31:59Z
AUTH-002348,TXN-001160,approved,,2026-07-03T17:53:21Z
AUTH-002349,TXN-001919,approved,,2026-06-10T02:47:32Z
AUTH-002350,TXN-000946,approved,,2026-06-13T06:50:10Z
AUTH-002351,TXN-000252,approved,,2026-06-14T15:53:02Z
AUTH-002352,TXN-000779,approved,,2026-06-17T19:29:29Z
AUTH-002353,TXN-001305,approved,,2026-06-10T09:55:32Z
AUTH-002354,TXN-001873,approved,,2026-06-19T03:34:32Z
AUTH-002355,TXN-001312,approved,,2026-06-08T23:31:27Z
AUTH-002356,TXN-001527,approved,,2026-06-25T01:52:32Z
AUTH-002357,TXN-000528,approved,,2026-07-02T21:27:16Z
AUTH-002358,TXN-000438,approved,,2026-06-13T12:52:43Z
AUTH-002359,TXN-001458,approved,,2026-06-20T22:18:17Z
AUTH-002360,TXN-000803,approved,,2026-07-27T05:01:32Z
AUTH-002361,TXN-000037,approved,,2026-06-15T02:08:18Z
AUTH-002362,TXN-000225,approved,,2026-06-10T05:14:42Z
AUTH-002363,TXN-999999,approved,,2026-07-01T13:12:37Z
AUTH-002364,TXN-001964,approved,,2026-06-17T10:56:33Z
AUTH-002365,TXN-001240,approved,,2026-07-20T08:02:20Z
AUTH-002366,TXN-000530,approved,,2026-06-28T15:16:04Z
AUTH-002367,TXN-001340,approved,,2026-06-14T15:56:00Z
AUTH-002368,TXN-001815,approved,,2026-06-20T13:04:14Z
AUTH-002369,TXN-001250,approved,,2026-07-05T04:07:15Z
AUTH-002370,TXN-001873,declined,insufficient_funds,2026-07-07T07:22:59Z
AUTH-002371,TXN-001518,approved,,2026-07-04T13:30:05Z
AUTH-002372,TXN-000077,approved,,2026-06-20T02:42:24Z
AUTH-002373,TXN-000812,approved,,2026-06-19T07:35:33Z
AUTH-002374,TXN-000279,approved,,2026-06-16T20:35:57Z
AUTH-002375,TXN-001148,approved,,2026-06-27T20:34:48Z
AUTH-002376,TXN-000648,approved,,2026-06-27T19:03:02Z
AUTH-002377,TXN-001154,approved,,2026-06-06T01:44:58Z
AUTH-002378,TXN-001915,approved,,2026-06-25T08:36:22Z
AUTH-002379,TXN-000483,approved,,2026-07-18T13:39:37Z
AUTH-002380,TXN-000503,approved,,2026-07-25T05:33:39Z
AUTH-002381,TXN-001254,approved,,2026-07-01T23:41:51Z
AUTH-002382,TXN-001057,approved,,2026-06-16T17:22:06Z
AUTH-002383,TXN-000358,approved,,2027-04-12T08:33:55Z
AUTH-002384,TXN-000014,approved,,2026-06-12T13:33:39Z
AUTH-002385,TXN-001054,declined,do_not_honour,2026-06-23T18:15:15Z
AUTH-002386,TXN-000999,approved,,2026-07-01T12:08:05Z
AUTH-002387,TXN-000992,approved,,2026-07-01T17:02:11Z
AUTH-002388,TXN-001633,approved,,2026-06-07T07:09:37Z
AUTH-002389,TXN-000520,approved,,2026-06-29T08:56:32Z
AUTH-002390,TXN-000628,approved,,2026-06-13T11:31:10Z
AUTH-002391,TXN-001482,approved,,2026-06-07T02:31:39Z
AUTH-002392,TXN-001615,approved,,2026-06-29T00:58:03Z
AUTH-002393,TXN-001496,declined,incorrect_pin,2026-06-16T02:26:44Z
AUTH-002394,TXN-000605,approved,,2026-06-17T03:32:36Z
AUTH-002395,TXN-999999,approved,,2026-06-24T00:44:15Z
AUTH-002396,TXN-000412,declined,incorrect_pin,2026-06-05T12:13:25Z
AUTH-002397,TXN-000298,approved,,2026-07-04T01:16:52Z
AUTH-002398,TXN-000843,approved,,2026-06-30T03:33:23Z
AUTH-002399,TXN-000906,declined,expired_card,2026-06-13T05:21:21Z
AUTH-002400,TXN-000062,approved,,2027-05-21T16:45:33Z
