transaction_id,account_id,card_id,merchant_id,channel,amount,currency,txn_ts,status
TXN-000001,ACC-0210,CARD-0123,MCH-0064,mobile,363.38,AUD,2026-06-18T14:14:37Z,authorized
TXN-000002,ACC-9999,CARD-9999,MCH-0073,pos,23.91,AUD,2026-06-06T15:13:31Z,declined
TXN-000003,ACC-0159,CARD-0245,MCH-0064,pos,219.83,AUD,2026-07-04T11:28:10Z,settled
TXN-000004,ACC-0044,CARD-0094,MCH-0081,pos,-266.59,AUD,2026-06-22T09:17:45Z,settled
TXN-000005,ACC-0127,CARD-0170,MCH-0110,online,355.09,AUD,2026-06-05T13:14:54Z,settled
TXN-000006,ACC-0209,CARD-0134,MCH-0159,mobile,132.23,AUD,2026-06-28T22:43:42Z,settled
TXN-000007,ACC-0145,CARD-0049,MCH-0146,online,28.10,AUD,2026-06-19T09:51:12Z,settled
TXN-000008,ACC-0152,CARD-0032,MCH-0167,atm,130.79,AUD,2026-10-05T10:01:27Z,settled
TXN-000009,ACC-0013,CARD-0052,MCH-0090,online,261.25,AUD,2026-07-01T23:20:34Z,settled
TXN-000010,ACC-0066,CARD-0154,MCH-0074,mobile,67.33,AUD,2026-06-29T13:35:28Z,settled
TXN-000011,ACC-0137,CARD-0003,MCH-0072,mobile,134.10,AUD,2026-06-11T09:06:24Z,settled
TXN-000012,ACC-0117,CARD-0115,MCH-0117,mobile,296.33,AUD,2026-07-01T13:12:37Z,settled
TXN-000013,ACC-0124,CARD-0052,MCH-0167,pos,282.30,AUD,2026-06-05T21:52:30Z,settled
TXN-000014,ACC-0178,CARD-0175,MCH-0051,pos,450.28,GBP,2026-06-12T13:33:39Z,settled
TXN-000015,ACC-0034,CARD-0212,MCH-0055,atm,133.97,AUD,2026-06-08T10:00:35Z,settled
TXN-000016,ACC-0178,CARD-0262,MCH-0050,pos,7.59,AUD,2026-06-14T13:04:51Z,settled
TXN-000017,ACC-9999,CARD-9999,MCH-0045,mobile,440.26,AUD,2026-06-25T16:58:28Z,settled
TXN-000018,ACC-0208,CARD-0075,MCH-0185,online,59.88,AUD,2026-06-30T10:35:24Z,settled
TXN-000019,ACC-0067,CARD-0206,MCH-0130,mobile,200.43,AUD,2026-07-04T07:19:52Z,settled
TXN-000020,ACC-0176,CARD-0260,MCH-0123,online,220.93,AUD,2026-06-10T22:02:52Z,settled
TXN-000021,ACC-0221,CARD-0008,MCH-0034,online,322.05,AUD,2026-06-30T21:40:03Z,settled
TXN-000022,ACC-0003,CARD-0147,MCH-0118,mobile,273.29,USD,2026-06-29T09:25:28Z,settled
TXN-000023,ACC-0027,CARD-0207,MCH-0114,atm,325.01,AUD,2026-06-06T16:46:26Z,settled
TXN-000024,ACC-0163,CARD-0204,MCH-0075,atm,199.12,GBP,2026-06-06T16:42:47Z,settled
TXN-000025,ACC-0104,CARD-0215,,atm,38.81,AUD,2026-06-28T02:47:16Z,settled
TXN-000026,ACC-0203,CARD-0042,MCH-0107,mobile,244.27,AUD,2026-06-09T00:25:51Z,settled
TXN-000027,ACC-0194,CARD-0262,MCH-0098,online,425.48,USD,2026-06-24T19:31:15Z,settled
TXN-000028,ACC-0072,CARD-0154,MCH-0042,pos,444.20,AUD,2026-07-05T23:14:37Z,authorized
TXN-000029,ACC-0208,CARD-0083,MCH-0029,pos,133.90,AUD,2026-06-28T23:52:48Z,reversed
TXN-000030,ACC-0139,CARD-0270,MCH-0132,online,66.35,AUD,2026-06-07T09:36:49Z,settled
TXN-000031,ACC-0187,CARD-0096,MCH-0155,pos,470.22,AUD,2026-06-30T00:55:04Z,settled
TXN-000032,ACC-0096,CARD-0096,MCH-0161,pos,36.96,AUD,2026-06-14T00:38:13Z,settled
TXN-000033,ACC-0108,CARD-0008,MCH-0142,mobile,317.97,AUD,2026-06-12T18:59:57Z,settled
TXN-000034,ACC-0002,CARD-0205,MCH-0044,online,499.05,AUD,2026-06-09T20:50:26Z,settled
TXN-000035,ACC-0040,CARD-0180,MCH-0193,mobile,396.75,AUD,2026-06-09T00:17:36Z,settled
TXN-000036,ACC-0126,CARD-0003,MCH-0035,mobile,9.18,AUD,2026-06-22T04:54:43Z,settled
TXN-000015,ACC-0034,CARD-0212,MCH-0055,atm,133.97,AUD,2026-06-08T10:00:35Z,settled
TXN-000037,ACC-0030,CARD-0035,MCH-0175,pos,308.69,AUD,2026-06-15T02:08:18Z,settled
TXN-000012,ACC-0117,CARD-0115,MCH-0117,mobile,296.33,AUD,2026-07-01T13:12:37Z,settled
TXN-000038,ACC-0103,CARD-0018,MCH-0140,pos,34.33,AUD,2026-06-16T22:48:26Z,settled
TXN-000039,ACC-0018,CARD-0259,MCH-0011,mobile,28.73,AUD,2026-06-16T21:01:30Z,settled
TXN-000040,ACC-0151,CARD-0055,MCH-0045,online,82.54,AUD,2026-06-17T13:50:31Z,settled
TXN-000041,ACC-0122,CARD-0077,MCH-0090,atm,351.99,AUD,2026-06-30T20:49:17Z,settled
TXN-000042,ACC-9999,CARD-9999,MCH-0025,atm,45.31,AUD,2026-06-14T03:26:04Z,authorized
TXN-000043,ACC-0164,CARD-0101,MCH-0040,mobile,25.80,AUD,2026-07-03T21:19:11Z,authorized
TXN-000044,ACC-0173,CARD-0160,MCH-0176,pos,249.30,USD,2026-06-05T18:48:36Z,settled
TXN-000007,ACC-0145,CARD-0049,MCH-0146,online,28.10,AUD,2026-06-19T09:51:12Z,settled
TXN-000045,ACC-0097,CARD-0229,MCH-0114,pos,83.17,AUD,2026-06-23T07:43:21Z,authorized
TXN-000046,ACC-0111,CARD-0081,MCH-0127,mobile,-100.58,AUD,2026-06-20T15:21:29Z,declined
TXN-000009,ACC-0013,CARD-0052,MCH-0090,online,261.25,AUD,2026-07-01T23:20:34Z,settled
TXN-000047,ACC-9999,CARD-9999,,atm,370.59,AUD,2026-06-20T18:34:23Z,settled
TXN-000048,ACC-0208,CARD-0111,MCH-0073,mobile,258.05,USD,2026-06-23T02:26:23Z,settled
TXN-000049,ACC-0206,CARD-0111,MCH-0070,mobile,249.04,AUD,2026-06-29T22:27:50Z,settled
TXN-000050,ACC-0007,CARD-0267,MCH-0143,pos,177.45,AUD,2026-06-17T12:05:45Z,authorized
TXN-000051,ACC-0016,CARD-0014,MCH-0077,online,425.81,AUD,2026-06-07T04:49:35Z,settled
TXN-000052,ACC-0036,CARD-0201,,pos,371.56,SGD,2026-11-12T19:03:38Z,settled
TXN-000053,ACC-0169,CARD-0179,,online,31.71,AUD,2026-06-18T20:29:25Z,settled
TXN-000054,ACC-0008,CARD-0033,MCH-0093,mobile,-241.02,NZD,2026-06-19T09:00:59Z,authorized
TXN-000055,ACC-0201,CARD-0059,MCH-0006,mobile,487.42,NZD,2026-06-17T16:58:57Z,settled
TXN-000056,ACC-0202,CARD-0171,MCH-0013,online,158.91,AUD,2026-07-03T08:25:10Z,settled
TXN-000057,ACC-0193,CARD-0120,MCH-0033,pos,273.80,AUD,2026-07-04T12:56:07Z,settled
TXN-000058,ACC-0099,CARD-0165,MCH-0036,atm,75.01,AUD,2026-07-01T05:57:42Z,settled
TXN-000059,ACC-0222,CARD-0123,MCH-0189,mobile,-185.60,AUD,2026-06-12T17:57:09Z,settled
TXN-000060,ACC-0120,CARD-0033,MCH-0197,pos,87.19,SGD,2026-06-30T19:16:10Z,settled
TXN-000061,ACC-0136,CARD-0132,MCH-0066,pos,437.36,AUD,2026-06-16T23:42:19Z,authorized
TXN-000062,ACC-0211,CARD-0141,MCH-0054,pos,-405.36,AUD,2027-05-21T16:45:33Z,settled
TXN-000063,ACC-0205,CARD-0094,MCH-0017,mobile,147.54,USD,2026-06-27T16:49:16Z,settled
TXN-000016,ACC-0178,CARD-0262,MCH-0050,pos,7.59,AUD,2026-06-14T13:04:51Z,settled
TXN-000064,ACC-0128,CARD-0181,MCH-0182,pos,37.89,AUD,2026-06-05T08:14:40Z,settled
TXN-000065,ACC-0177,CARD-0230,MCH-0137,mobile,-88.48,AUD,2026-07-01T17:55:59Z,settled
TXN-000066,ACC-0097,CARD-0029,MCH-0103,online,-385.86,AUD,2026-06-06T22:07:26Z,settled
TXN-000067,ACC-0211,CARD-0094,,online,367.98,AUD,2026-06-25T20:57:04Z,settled
TXN-000001,ACC-0210,CARD-0123,MCH-0064,mobile,363.38,AUD,2026-06-18T14:14:37Z,authorized
TXN-000068,ACC-0162,CARD-0246,MCH-0032,atm,-333.99,AUD,2026-06-15T14:34:08Z,authorized
TXN-000024,ACC-0163,CARD-0204,MCH-0075,atm,199.12,GBP,2026-06-06T16:42:47Z,settled
TXN-000069,ACC-0060,CARD-0088,MCH-0069,mobile,243.44,GBP,2026-06-24T01:06:08Z,settled
TXN-000070,ACC-0053,CARD-0101,MCH-0155,mobile,333.20,AUD,2026-06-17T17:09:50Z,authorized
TXN-000071,ACC-0049,CARD-0222,MCH-0133,online,301.75,AUD,2026-06-08T12:05:20Z,settled
TXN-000072,ACC-0138,CARD-0205,MCH-0100,pos,162.77,AUD,2026-06-18T09:37:51Z,settled
TXN-000073,ACC-0027,CARD-0059,MCH-0013,atm,183.15,AUD,2026-06-28T20:48:55Z,settled
TXN-000074,ACC-0105,CARD-0264,MCH-0098,online,42.43,AUD,2026-06-25T22:05:36Z,settled
TXN-000075,ACC-0204,CARD-0219,MCH-0081,mobile,224.65,USD,2026-06-15T19:59:44Z,declined
TXN-000076,ACC-9999,CARD-9999,MCH-0190,pos,489.58,AUD,2026-06-06T13:09:57Z,settled
TXN-000077,ACC-0034,CARD-0172,MCH-0101,online,231.77,AUD,2026-06-20T02:42:24Z,declined
TXN-000078,ACC-0079,CARD-0260,MCH-0111,atm,153.99,AUD,2026-06-30T23:37:35Z,settled
TXN-000079,ACC-0176,CARD-0097,MCH-0012,atm,386.18,AUD,2026-07-03T21:18:51Z,settled
TXN-000080,ACC-9999,CARD-9999,MCH-0063,mobile,485.49,AUD,2026-06-26T07:18:40Z,settled
TXN-000081,ACC-9999,CARD-9999,MCH-0126,atm,185.81,AUD,2026-06-07T14:12:42Z,declined
TXN-000082,ACC-0067,CARD-0224,MCH-0123,pos,466.60,AUD,2027-02-03T11:43:33Z,settled
TXN-000083,ACC-0019,CARD-0140,MCH-0103,pos,418.88,AUD,2026-06-24T10:34:33Z,settled
TXN-000084,ACC-0028,CARD-0211,MCH-0123,atm,329.59,NZD,2026-07-05T10:53:21Z,settled
TXN-000085,ACC-0090,CARD-0071,MCH-0029,online,441.52,AUD,2026-07-04T03:11:25Z,authorized
TXN-000086,ACC-0129,CARD-0165,,atm,390.14,AUD,2026-07-01T14:01:49Z,reversed
TXN-000087,ACC-0175,CARD-0004,MCH-0191,pos,132.93,AUD,2026-06-26T09:59:32Z,settled
TXN-000088,ACC-0106,CARD-0167,,online,481.92,AUD,2026-06-09T20:24:04Z,settled
TXN-000089,ACC-0215,CARD-0227,MCH-0071,atm,394.99,AUD,2026-06-05T08:46:52Z,settled
TXN-000090,ACC-0114,CARD-0083,MCH-0091,pos,327.98,AUD,2026-06-08T12:07:53Z,declined
TXN-000091,ACC-0120,CARD-0194,MCH-0061,atm,395.34,AUD,2026-06-13T22:39:42Z,settled
TXN-000092,ACC-0115,CARD-0002,MCH-0157,mobile,255.29,NZD,2026-06-12T07:58:45Z,settled
TXN-000093,ACC-9999,CARD-9999,MCH-0066,mobile,120.02,AUD,2026-06-10T15:34:07Z,settled
TXN-000094,ACC-9999,CARD-9999,MCH-0094,mobile,176.34,AUD,2026-06-10T08:44:49Z,settled
TXN-000095,ACC-0196,CARD-0263,MCH-0009,pos,439.68,AUD,2026-06-27T13:17:00Z,settled
TXN-000096,ACC-0224,CARD-0009,MCH-0128,mobile,433.07,AUD,2026-07-03T04:03:16Z,reversed
TXN-000097,ACC-0042,CARD-0189,MCH-0067,atm,-108.66,AUD,2026-06-06T21:25:41Z,settled
TXN-000098,ACC-0164,CARD-0155,MCH-0111,pos,228.88,AUD,2026-06-25T20:09:09Z,authorized
TXN-000099,ACC-0208,CARD-0010,MCH-0104,mobile,168.14,AUD,2026-06-05T08:06:06Z,settled
TXN-000100,ACC-0105,CARD-0170,MCH-0159,atm,166.72,AUD,2026-06-12T19:27:36Z,settled
TXN-000101,ACC-0045,CARD-0235,MCH-0021,pos,106.75,AUD,2026-06-20T05:30:20Z,settled
TXN-000102,ACC-0085,CARD-0207,MCH-0058,mobile,-250.92,AUD,2026-06-19T04:18:26Z,settled
TXN-000103,ACC-0202,CARD-0083,MCH-0081,atm,458.54,AUD,2026-06-11T06:59:53Z,reversed
TXN-000104,ACC-0150,CARD-0197,MCH-0103,atm,-244.43,AUD,2026-06-07T08:00:39Z,settled
TXN-000105,ACC-0036,CARD-0105,MCH-0146,mobile,43.68,AUD,2026-06-30T17:06:42Z,settled
TXN-000106,ACC-9999,CARD-9999,MCH-0055,online,180.02,AUD,2026-06-13T20:05:23Z,settled
TXN-000107,ACC-0072,CARD-0029,MCH-0019,pos,332.39,AUD,2026-06-12T13:04:56Z,settled
TXN-000108,ACC-0130,CARD-0054,MCH-0122,pos,151.73,AUD,2026-11-02T18:56:23Z,settled
TXN-000109,ACC-0038,CARD-0096,MCH-0105,atm,173.50,AUD,2026-06-14T12:45:26Z,authorized
TXN-000110,ACC-0202,CARD-0122,MCH-0107,pos,395.82,AUD,2026-06-07T17:41:51Z,settled
TXN-000111,ACC-0103,CARD-0184,MCH-0055,pos,213.10,AUD,2026-06-23T19:12:04Z,declined
TXN-000112,ACC-0101,CARD-0180,MCH-0065,online,50.96,AUD,2026-06-08T17:42:58Z,settled
TXN-000113,ACC-0172,CARD-0185,MCH-0062,pos,341.90,GBP,2026-06-24T21:55:37Z,reversed
TXN-000114,ACC-0071,CARD-0154,MCH-0040,pos,479.27,AUD,2026-06-13T10:34:25Z,settled
TXN-000115,ACC-9999,CARD-9999,MCH-0172,mobile,470.62,AUD,2026-06-17T08:31:31Z,settled
TXN-000116,ACC-0036,CARD-0060,MCH-0107,pos,124.22,AUD,2026-06-19T11:53:13Z,settled
TXN-000117,ACC-0032,CARD-0181,MCH-0102,pos,456.78,AUD,2026-06-14T08:36:29Z,settled
TXN-000118,ACC-0052,CARD-0081,,pos,213.65,AUD,2026-06-24T04:41:13Z,settled
TXN-000119,ACC-0207,CARD-0033,MCH-0061,online,11.36,AUD,2026-06-12T04:09:20Z,settled
TXN-000120,ACC-0140,CARD-0011,MCH-0144,atm,19.38,AUD,2026-06-20T04:06:23Z,settled
TXN-000121,ACC-0180,CARD-0138,MCH-0063,atm,299.58,AUD,2026-09-10T03:04:58Z,settled
TXN-000122,ACC-0039,CARD-0052,MCH-0048,mobile,133.90,AUD,2026-06-13T18:29:26Z,settled
TXN-000123,ACC-0180,CARD-0250,MCH-0152,mobile,353.47,AUD,2026-07-04T18:41:55Z,settled
TXN-000124,ACC-0030,CARD-0059,MCH-0067,mobile,384.25,AUD,2026-06-13T03:43:31Z,settled
TXN-000125,ACC-0123,CARD-0104,MCH-0106,pos,148.11,AUD,2026-07-03T08:56:05Z,settled
TXN-000126,ACC-0020,CARD-0028,MCH-0134,atm,141.36,AUD,2026-06-24T00:21:40Z,reversed
TXN-000127,ACC-0082,CARD-0165,MCH-0187,mobile,139.73,AUD,2026-06-25T08:57:16Z,declined
TXN-000128,ACC-9999,CARD-9999,MCH-0166,online,343.28,USD,2026-07-05T07:54:04Z,settled
TXN-000129,ACC-0038,CARD-0222,,mobile,398.98,AUD,2027-02-01T03:12:09Z,settled
TXN-000130,ACC-0189,CARD-0222,MCH-0146,online,88.34,AUD,2026-06-13T16:10:37Z,declined
TXN-000131,ACC-0086,CARD-0001,MCH-0186,atm,281.25,USD,2026-06-28T02:57:54Z,settled
TXN-000132,ACC-0013,CARD-0165,MCH-0046,pos,18.69,AUD,2026-06-25T13:30:17Z,settled
TXN-000133,ACC-0031,CARD-0070,MCH-0167,pos,302.14,USD,2026-06-15T09:06:37Z,settled
TXN-000134,ACC-0043,CARD-0002,MCH-0135,atm,482.92,NZD,2026-07-05T04:51:13Z,settled
TXN-000135,ACC-0190,CARD-0164,MCH-0160,pos,232.08,AUD,2026-06-05T05:16:58Z,settled
TXN-000096,ACC-0224,CARD-0009,MCH-0128,mobile,433.07,AUD,2026-07-03T04:03:16Z,reversed
TXN-000136,ACC-0213,CARD-0254,MCH-0020,mobile,490.63,AUD,2026-06-09T23:51:46Z,settled
TXN-000137,ACC-0013,CARD-0164,MCH-0078,mobile,234.90,AUD,2026-06-12T08:11:46Z,settled
TXN-000138,ACC-9999,CARD-9999,MCH-0190,atm,370.21,SGD,2026-06-13T15:25:47Z,authorized
TXN-000139,ACC-0106,CARD-0235,MCH-0015,mobile,381.02,AUD,2026-06-21T13:39:55Z,settled
TXN-000140,ACC-9999,CARD-9999,MCH-0106,atm,28.46,AUD,2026-09-19T02:20:40Z,settled
TXN-000141,ACC-0174,CARD-0262,,atm,-377.20,AUD,2027-01-15T05:49:46Z,settled
TXN-000142,ACC-0181,CARD-0118,MCH-0189,atm,406.23,AUD,2026-06-15T05:04:34Z,settled
TXN-000143,ACC-0094,CARD-0140,MCH-0038,atm,472.84,AUD,2026-06-16T06:33:40Z,settled
TXN-000144,ACC-0044,CARD-0043,MCH-0089,mobile,193.72,AUD,2026-06-29T16:00:53Z,settled
TXN-000145,ACC-0005,CARD-0170,MCH-0158,mobile,59.33,AUD,2026-06-28T15:56:30Z,settled
TXN-000146,ACC-0015,CARD-0095,MCH-0061,pos,295.18,AUD,2026-06-06T20:15:06Z,settled
TXN-000147,ACC-0002,CARD-0013,MCH-0194,online,261.48,AUD,2026-06-11T17:53:26Z,settled
TXN-000148,ACC-0010,CARD-0112,MCH-0176,pos,127.39,AUD,2026-06-13T04:12:37Z,settled
TXN-000149,ACC-0072,CARD-0118,MCH-0119,online,-138.75,AUD,2026-06-13T21:34:51Z,settled
TXN-000150,ACC-0119,CARD-0177,,atm,18.16,AUD,2026-06-26T22:35:43Z,settled
TXN-000151,ACC-0214,CARD-0016,MCH-0063,atm,83.04,AUD,2026-06-26T19:43:45Z,settled
TXN-000152,ACC-0126,CARD-0219,MCH-0081,atm,-40.85,AUD,2026-06-23T02:04:29Z,settled
TXN-000153,ACC-0060,CARD-0115,MCH-0145,mobile,177.86,AUD,2026-06-21T21:19:25Z,settled
TXN-000154,ACC-0153,CARD-0159,MCH-0007,online,88.27,AUD,2026-06-18T07:07:03Z,settled
TXN-000155,ACC-0126,CARD-0185,MCH-0054,online,172.27,NZD,2026-06-05T00:24:13Z,settled
TXN-000156,ACC-0219,CARD-0133,MCH-0168,online,430.15,AUD,2027-03-07T07:23:05Z,settled
TXN-000057,ACC-0193,CARD-0120,MCH-0033,pos,273.80,AUD,2026-07-04T12:56:07Z,settled
TXN-000157,ACC-0132,CARD-0154,MCH-0016,atm,131.22,AUD,2026-10-19T19:02:18Z,authorized
TXN-000158,ACC-0089,CARD-0265,MCH-0097,mobile,460.51,AUD,2026-06-30T11:45:41Z,settled
TXN-000159,ACC-0045,CARD-0266,MCH-0131,online,-254.43,AUD,2026-06-10T16:05:41Z,settled
TXN-000160,ACC-0169,CARD-0145,MCH-0193,pos,377.63,AUD,2026-06-27T05:20:27Z,settled
TXN-000161,ACC-9999,CARD-9999,MCH-0037,atm,307.56,AUD,2026-06-26T07:45:59Z,settled
TXN-000162,ACC-0019,CARD-0102,MCH-0146,atm,-193.03,AUD,2026-06-12T08:31:08Z,settled
TXN-000163,ACC-0198,CARD-0072,MCH-0112,atm,441.51,NZD,2026-06-22T23:46:50Z,settled
TXN-000049,ACC-0206,CARD-0111,MCH-0070,mobile,249.04,AUD,2026-06-29T22:27:50Z,settled
TXN-000164,ACC-0077,CARD-0106,MCH-0156,online,7.19,AUD,2026-06-10T07:15:19Z,settled
TXN-000165,ACC-0143,CARD-0224,MCH-0035,mobile,-118.17,SGD,2026-06-18T02:39:53Z,reversed
TXN-000166,ACC-0121,CARD-0245,MCH-0087,pos,436.56,AUD,2026-06-15T09:51:01Z,declined
TXN-000167,ACC-0123,CARD-0098,MCH-0183,atm,278.59,AUD,2026-06-20T06:52:30Z,settled
TXN-000168,ACC-0184,CARD-0241,MCH-0180,atm,233.24,GBP,2026-06-13T20:57:20Z,settled
TXN-000169,ACC-0119,CARD-0187,MCH-0151,online,204.48,AUD,2026-06-28T01:29:00Z,settled
TXN-000170,ACC-0123,CARD-0041,MCH-0146,online,315.42,AUD,2026-06-30T21:53:44Z,settled
TXN-000171,ACC-0128,CARD-0227,MCH-0001,pos,444.28,AUD,2026-06-14T00:57:41Z,settled
TXN-000172,ACC-0206,CARD-0179,MCH-0038,atm,477.41,USD,2026-06-24T11:15:33Z,settled
TXN-000173,ACC-0143,CARD-0210,MCH-0053,online,483.26,AUD,2026-06-12T13:34:57Z,settled
TXN-000174,ACC-0164,CARD-0028,MCH-0184,online,380.41,AUD,2026-06-14T23:25:11Z,settled
TXN-000175,ACC-0031,CARD-0038,MCH-0034,mobile,345.30,AUD,2026-07-01T10:24:27Z,settled
TXN-000176,ACC-0021,CARD-0036,,online,458.30,AUD,2026-06-11T06:35:43Z,settled
TXN-000177,ACC-0197,CARD-0240,MCH-0179,pos,188.18,AUD,2026-06-27T10:55:56Z,settled
TXN-000178,ACC-0135,CARD-0025,MCH-0085,online,466.44,AUD,2026-06-09T04:35:35Z,declined
TXN-000179,ACC-0164,CARD-0269,MCH-0027,atm,-276.51,AUD,2026-06-16T06:21:20Z,declined
TXN-000180,ACC-0217,CARD-0176,MCH-0111,pos,21.91,AUD,2026-06-28T12:19:46Z,reversed
TXN-000181,ACC-0157,CARD-0235,MCH-0010,atm,25.56,AUD,2026-07-01T07:14:15Z,settled
TXN-000182,ACC-0137,CARD-0253,MCH-0128,mobile,310.74,AUD,2026-07-03T23:52:25Z,settled
TXN-000183,ACC-0043,CARD-0136,MCH-0148,pos,149.53,AUD,2026-06-06T14:28:07Z,settled
TXN-000184,ACC-0041,CARD-0068,MCH-0133,mobile,90.08,AUD,2026-06-13T22:56:30Z,settled
TXN-000185,ACC-0208,CARD-0090,MCH-0104,pos,450.98,AUD,2026-06-15T18:33:13Z,settled
TXN-000181,ACC-0157,CARD-0235,MCH-0010,atm,25.56,AUD,2026-07-01T07:14:15Z,settled
TXN-000186,ACC-0077,CARD-0098,MCH-0171,online,349.58,GBP,2026-06-24T19:14:04Z,settled
TXN-000187,ACC-0086,CARD-0142,MCH-0039,atm,206.16,AUD,2026-06-26T15:32:45Z,settled
TXN-000188,ACC-0100,CARD-0210,MCH-0161,pos,11.96,AUD,2026-06-22T11:26:05Z,settled
TXN-000189,ACC-0191,CARD-0100,MCH-0069,atm,82.96,AUD,2026-06-15T06:13:37Z,settled
TXN-000190,ACC-0152,CARD-0044,MCH-0008,atm,219.91,AUD,2026-07-05T07:54:50Z,settled
TXN-000191,ACC-0015,CARD-0052,MCH-0139,mobile,319.36,NZD,2026-06-10T21:46:15Z,settled
TXN-000192,ACC-0118,CARD-0137,MCH-0005,atm,150.19,AUD,2026-06-13T01:36:27Z,settled
TXN-000193,ACC-0068,CARD-0209,MCH-0184,pos,395.17,AUD,2026-06-30T14:52:45Z,settled
TXN-000194,ACC-0178,CARD-0170,MCH-0086,pos,173.34,GBP,2026-06-18T21:44:41Z,settled
TXN-000195,ACC-0123,CARD-0243,MCH-0085,online,434.25,AUD,2026-06-18T11:20:04Z,settled
TXN-000196,ACC-0141,CARD-0202,MCH-0024,pos,294.20,AUD,2026-06-26T18:35:39Z,settled
TXN-000197,ACC-0095,CARD-0015,MCH-0189,mobile,202.08,AUD,2026-06-07T04:57:37Z,settled
TXN-000198,ACC-0019,CARD-0082,MCH-0027,pos,-397.79,USD,2026-06-08T05:25:10Z,settled
TXN-000199,ACC-0004,CARD-0023,MCH-0081,atm,32.79,AUD,2026-06-26T17:19:36Z,settled
TXN-000200,ACC-0108,CARD-0260,MCH-0119,online,223.71,AUD,2026-06-11T17:36:36Z,settled
TXN-000201,ACC-0014,CARD-0170,,pos,133.76,AUD,2026-06-16T08:11:10Z,settled
TXN-000202,ACC-0189,CARD-0261,MCH-0103,pos,81.30,AUD,2026-06-28T01:34:21Z,settled
TXN-000203,ACC-0120,CARD-0052,MCH-0026,pos,367.03,AUD,2026-07-01T14:30:06Z,settled
TXN-000204,ACC-0097,CARD-0246,MCH-0127,pos,316.64,AUD,2026-06-13T11:14:07Z,settled
TXN-000205,ACC-0176,CARD-0115,MCH-0009,pos,18.00,AUD,2026-07-04T07:37:59Z,settled
TXN-000206,ACC-0050,CARD-0068,MCH-0027,mobile,204.62,AUD,2026-07-05T17:09:43Z,authorized
TXN-000207,ACC-0158,CARD-0097,MCH-0091,mobile,265.15,AUD,2026-06-26T03:53:14Z,declined
TXN-000208,ACC-0115,CARD-0159,MCH-0122,atm,377.30,AUD,2026-06-29T01:52:58Z,settled
TXN-000209,ACC-9999,CARD-9999,MCH-0035,mobile,179.54,AUD,2026-06-16T06:53:54Z,refunded
TXN-000210,ACC-0145,CARD-0060,MCH-0061,online,263.86,AUD,2026-07-02T23:20:22Z,settled
TXN-000211,ACC-0223,CARD-0092,MCH-0059,mobile,494.84,AUD,2026-06-27T23:22:11Z,refunded
TXN-000212,ACC-0091,CARD-0164,,online,27.64,AUD,2026-06-13T20:31:57Z,settled
TXN-000213,ACC-0166,CARD-0249,MCH-0199,pos,323.30,AUD,2026-07-04T08:13:33Z,settled
TXN-000214,ACC-0109,CARD-0181,MCH-0172,atm,120.97,AUD,2026-06-25T08:22:26Z,declined
TXN-000215,ACC-0196,CARD-0094,MCH-0020,online,230.36,AUD,2026-07-02T22:40:43Z,authorized
TXN-000216,ACC-0031,CARD-0063,MCH-0071,pos,254.12,SGD,2026-06-20T19:47:17Z,settled
TXN-000217,ACC-0066,CARD-0269,MCH-0181,mobile,63.02,AUD,2026-07-02T19:22:50Z,settled
TXN-000218,ACC-0055,CARD-0096,,mobile,497.32,AUD,2026-06-25T17:33:14Z,settled
TXN-000219,ACC-0106,CARD-0073,MCH-0067,online,-487.94,AUD,2026-06-07T18:27:40Z,settled
TXN-000220,ACC-0111,CARD-0144,MCH-0183,online,415.62,AUD,2026-06-09T18:54:26Z,authorized
TXN-000221,ACC-0173,CARD-0206,MCH-0153,online,-217.83,AUD,2026-06-09T07:37:13Z,refunded
TXN-000222,ACC-0090,CARD-0264,MCH-0195,atm,377.03,AUD,2026-06-26T18:18:47Z,reversed
TXN-000208,ACC-0115,CARD-0159,MCH-0122,atm,377.30,AUD,2026-06-29T01:52:58Z,settled
TXN-000223,ACC-0066,CARD-0083,MCH-0115,atm,468.75,AUD,2026-07-04T11:03:33Z,settled
TXN-000224,ACC-0152,CARD-0041,MCH-0032,pos,68.33,AUD,2026-07-03T02:07:56Z,settled
TXN-000225,ACC-0070,CARD-0127,MCH-0116,mobile,205.37,AUD,2026-06-10T05:14:42Z,settled
TXN-000226,ACC-0009,CARD-0219,MCH-0067,mobile,229.88,AUD,2026-07-04T01:37:44Z,declined
TXN-000227,ACC-0127,CARD-0143,MCH-0083,online,389.35,AUD,2026-06-16T17:02:28Z,settled
TXN-000228,ACC-0222,CARD-0081,MCH-0131,atm,121.03,AUD,2026-07-05T01:02:53Z,settled
TXN-000229,ACC-0193,CARD-0175,MCH-0046,online,-361.14,AUD,2026-06-22T00:56:17Z,settled
TXN-000230,ACC-9999,CARD-9999,MCH-0078,mobile,227.09,AUD,2026-06-14T06:39:00Z,settled
TXN-000231,ACC-0085,CARD-0233,MCH-0130,atm,345.99,AUD,2026-07-01T23:25:13Z,settled
TXN-000232,ACC-0122,CARD-0086,MCH-0185,atm,1.87,AUD,2026-06-07T13:15:36Z,declined
TXN-000233,ACC-0185,CARD-0015,MCH-0034,online,30.24,AUD,2026-06-25T15:34:35Z,settled
TXN-000234,ACC-0093,CARD-0149,MCH-0161,pos,366.59,AUD,2026-06-16T08:17:58Z,settled
TXN-000235,ACC-0014,CARD-0070,,mobile,480.92,AUD,2026-06-07T15:09:49Z,settled
TXN-000236,ACC-0201,CARD-0052,MCH-0077,pos,222.84,AUD,2026-06-09T15:54:37Z,settled
TXN-000237,ACC-0038,CARD-0045,MCH-0169,pos,171.26,AUD,2026-11-04T17:38:50Z,declined
TXN-000238,ACC-9999,CARD-9999,MCH-0188,pos,480.63,AUD,2026-06-18T09:06:56Z,settled
TXN-000239,ACC-0196,CARD-0129,MCH-0092,online,176.89,AUD,2026-07-02T22:13:13Z,settled
TXN-000240,ACC-0217,CARD-0260,MCH-0193,pos,155.25,AUD,2026-06-22T13:57:49Z,settled
TXN-000241,ACC-0162,CARD-0116,MCH-0160,mobile,445.73,AUD,2026-06-28T08:58:01Z,settled
TXN-000242,ACC-0146,CARD-0204,MCH-0123,pos,200.35,AUD,2026-06-14T12:13:35Z,settled
TXN-000243,ACC-0191,CARD-0105,MCH-0029,atm,177.86,AUD,2026-06-24T16:03:56Z,settled
TXN-000244,ACC-0023,CARD-0261,MCH-0138,pos,342.61,AUD,2026-06-08T01:52:43Z,settled
TXN-000245,ACC-0154,CARD-0251,MCH-0095,online,326.61,AUD,2026-07-05T21:35:04Z,settled
TXN-000246,ACC-0157,CARD-0090,MCH-0130,atm,137.59,AUD,2026-07-01T21:29:07Z,settled
TXN-000247,ACC-0080,CARD-0207,MCH-0040,atm,220.41,AUD,2026-06-22T03:55:58Z,settled
TXN-000248,ACC-0212,CARD-0038,MCH-0090,online,323.52,AUD,2026-06-12T15:40:59Z,settled
TXN-000249,ACC-0049,CARD-0134,MCH-0095,atm,378.09,AUD,2026-06-08T12:26:17Z,settled
TXN-000250,ACC-0186,CARD-0092,MCH-0016,online,151.06,AUD,2026-06-23T18:33:47Z,settled
TXN-000183,ACC-0043,CARD-0136,MCH-0148,pos,149.53,AUD,2026-06-06T14:28:07Z,settled
TXN-000251,ACC-0133,CARD-0201,MCH-0178,atm,483.54,AUD,2026-06-13T16:20:37Z,declined
TXN-000252,ACC-0186,CARD-0250,MCH-0016,atm,64.01,AUD,2026-06-14T15:53:02Z,settled
TXN-000253,ACC-0044,CARD-0179,MCH-0005,online,53.90,AUD,2026-06-21T10:45:33Z,authorized
TXN-000254,ACC-0215,CARD-0004,MCH-0156,mobile,424.68,AUD,2026-06-14T22:30:47Z,settled
TXN-000255,ACC-0042,CARD-0133,MCH-0092,pos,435.31,GBP,2026-06-09T07:12:35Z,settled
TXN-000256,ACC-0209,CARD-0132,MCH-0198,mobile,441.35,AUD,2026-06-28T15:23:38Z,settled
TXN-000257,ACC-9999,CARD-9999,MCH-0185,online,69.58,AUD,2026-06-08T16:56:17Z,settled
TXN-000258,ACC-0104,CARD-0263,MCH-0069,online,361.09,AUD,2026-06-21T16:05:33Z,settled
TXN-000259,ACC-0150,CARD-0178,MCH-0038,online,252.34,AUD,2026-06-13T19:36:12Z,settled
TXN-000260,ACC-0187,CARD-0115,MCH-0072,online,232.93,AUD,2026-06-30T00:56:58Z,settled
TXN-000261,ACC-0042,CARD-0093,MCH-0039,atm,183.02,AUD,2026-06-08T13:13:00Z,settled
TXN-000262,ACC-0210,CARD-0008,MCH-0145,pos,185.02,AUD,2026-06-28T15:39:14Z,settled
TXN-000263,ACC-0018,CARD-0262,MCH-0142,atm,384.31,AUD,2026-06-09T15:49:16Z,settled
TXN-000264,ACC-0004,CARD-0186,MCH-0180,pos,468.72,AUD,2026-07-02T03:55:25Z,settled
TXN-000265,ACC-0137,CARD-0258,MCH-0199,pos,56.66,AUD,2026-06-24T19:21:21Z,authorized
TXN-000266,ACC-0132,CARD-0052,MCH-0135,pos,97.33,AUD,2026-07-02T23:48:16Z,settled
TXN-000267,ACC-0156,CARD-0021,MCH-0033,pos,157.61,AUD,2026-06-10T06:12:51Z,settled
TXN-000268,ACC-0080,CARD-0025,MCH-0059,online,371.46,AUD,2026-06-29T21:21:55Z,settled
TXN-000269,ACC-0164,CARD-0071,MCH-0058,pos,475.91,AUD,2026-06-26T22:59:02Z,settled
TXN-000270,ACC-0153,CARD-0202,,mobile,248.27,AUD,2026-07-01T23:20:27Z,settled
TXN-000271,ACC-0206,CARD-0141,MCH-0106,pos,251.52,AUD,2026-06-10T02:49:31Z,settled
TXN-000272,ACC-0062,CARD-0184,MCH-0065,atm,242.56,AUD,2026-12-01T17:41:20Z,reversed
TXN-000273,ACC-0059,CARD-0161,MCH-0032,atm,38.83,AUD,2027-06-17T13:11:01Z,declined
TXN-000274,ACC-0135,CARD-0165,MCH-0100,mobile,48.96,AUD,2027-04-19T11:12:44Z,settled
TXN-000275,ACC-0066,CARD-0208,MCH-0171,atm,479.71,AUD,2026-06-05T01:49:03Z,settled
TXN-000276,ACC-0136,CARD-0094,MCH-0009,atm,-150.89,AUD,2026-06-10T09:03:41Z,settled
TXN-000277,ACC-0137,CARD-0199,MCH-0029,online,269.26,AUD,2026-06-07T14:17:54Z,settled
TXN-000278,ACC-0077,CARD-0035,MCH-0073,pos,27.29,AUD,2026-06-28T00:06:05Z,settled
TXN-000279,ACC-0119,CARD-0230,MCH-0055,atm,-364.67,AUD,2026-06-16T20:35:57Z,settled
TXN-000280,ACC-0123,CARD-0071,MCH-0018,pos,-357.20,AUD,2026-07-03T20:57:33Z,authorized
TXN-000281,ACC-0180,CARD-0041,MCH-0059,pos,493.51,AUD,2026-06-11T14:06:23Z,settled
TXN-000282,ACC-0203,CARD-0199,MCH-0173,online,421.54,AUD,2026-06-30T01:00:31Z,authorized
TXN-000283,ACC-0156,CARD-0223,MCH-0051,mobile,293.12,AUD,2026-06-23T06:11:46Z,settled
TXN-000284,ACC-0061,CARD-0125,MCH-0001,atm,410.96,AUD,2026-06-24T05:09:12Z,settled
TXN-000285,ACC-0178,CARD-0216,MCH-0142,pos,468.29,AUD,2026-06-13T02:36:34Z,settled
TXN-000286,ACC-0039,CARD-0210,,mobile,162.28,AUD,2026-06-28T07:21:49Z,settled
TXN-000287,ACC-0078,CARD-0012,MCH-0124,mobile,90.21,AUD,2026-06-06T08:09:52Z,settled
TXN-000288,ACC-0171,CARD-0091,MCH-0167,atm,486.99,AUD,2027-05-20T08:39:47Z,settled
TXN-000289,ACC-0091,CARD-0265,MCH-0110,pos,159.01,AUD,2026-07-05T10:25:49Z,settled
TXN-000290,ACC-0178,CARD-0179,,mobile,126.03,AUD,2026-07-02T07:32:47Z,settled
TXN-000291,ACC-0042,CARD-0141,MCH-0066,atm,-349.50,AUD,2026-06-06T08:01:06Z,settled
TXN-000292,ACC-9999,CARD-9999,MCH-0050,mobile,269.02,AUD,2026-07-01T22:46:26Z,refunded
TXN-000293,ACC-0133,CARD-0190,MCH-0186,online,154.57,AUD,2026-06-30T21:35:56Z,settled
TXN-000294,ACC-0138,CARD-0032,MCH-0181,pos,46.21,AUD,2026-06-27T15:25:42Z,settled
TXN-000295,ACC-0021,CARD-0002,MCH-0067,mobile,469.02,AUD,2026-07-04T21:40:52Z,settled
TXN-000296,ACC-0008,CARD-0130,MCH-0035,pos,471.44,AUD,2026-06-06T00:23:57Z,declined
TXN-000297,ACC-0177,CARD-0147,MCH-0019,pos,84.45,USD,2026-11-15T13:11:39Z,settled
TXN-000298,ACC-0183,CARD-0149,MCH-0134,mobile,431.87,AUD,2026-07-04T01:16:52Z,settled
TXN-000299,ACC-0079,CARD-0225,MCH-0104,online,40.56,AUD,2026-07-05T04:56:46Z,settled
TXN-000300,ACC-0017,CARD-0252,MCH-0105,mobile,369.74,AUD,2026-06-23T10:22:22Z,settled
TXN-000301,ACC-0126,CARD-0233,,mobile,335.50,SGD,2026-06-29T14:10:02Z,settled
TXN-000302,ACC-0021,CARD-0170,MCH-0148,online,392.60,AUD,2026-06-27T12:32:45Z,settled
TXN-000303,ACC-0154,CARD-0095,MCH-0039,atm,283.94,AUD,2026-06-18T23:21:25Z,settled
TXN-000304,ACC-0060,CARD-0078,MCH-0164,pos,330.43,USD,2026-06-23T07:10:38Z,settled
TXN-000305,ACC-0158,CARD-0189,MCH-0140,online,274.71,AUD,2026-07-05T20:03:58Z,declined
TXN-000306,ACC-0001,CARD-0140,MCH-0066,mobile,-316.31,AUD,2026-06-26T13:29:06Z,settled
TXN-000307,ACC-0145,CARD-0043,,online,473.24,AUD,2026-06-07T21:18:29Z,settled
TXN-000308,ACC-0192,CARD-0227,MCH-0175,mobile,273.98,AUD,2026-06-26T06:55:42Z,settled
TXN-000309,ACC-0066,CARD-0090,MCH-0070,online,212.21,AUD,2026-07-04T16:33:58Z,settled
TXN-000310,ACC-0192,CARD-0030,MCH-0007,mobile,448.33,AUD,2026-06-20T06:13:33Z,settled
TXN-000311,ACC-0176,CARD-0109,MCH-0061,pos,478.20,USD,2026-06-16T00:34:51Z,settled
TXN-000312,ACC-0209,CARD-0124,MCH-0024,mobile,26.49,AUD,2026-06-10T14:04:30Z,authorized
TXN-000313,ACC-0188,CARD-0062,MCH-0184,pos,311.60,AUD,2026-06-19T19:04:12Z,settled
TXN-000314,ACC-0032,CARD-0077,MCH-0101,mobile,303.04,NZD,2026-06-27T00:22:38Z,settled
TXN-000315,ACC-0137,CARD-0115,MCH-0096,online,273.34,AUD,2027-03-08T15:11:16Z,settled
TXN-000316,ACC-0045,CARD-0180,MCH-0081,pos,100.93,AUD,2026-07-04T21:20:23Z,settled
TXN-000317,ACC-0012,CARD-0067,MCH-0101,online,372.76,SGD,2026-06-05T13:14:20Z,settled
TXN-000318,ACC-0050,CARD-0131,MCH-0020,mobile,219.71,AUD,2026-07-01T09:58:43Z,settled
TXN-000319,ACC-0164,CARD-0194,MCH-0062,atm,65.30,AUD,2026-06-26T10:15:55Z,authorized
TXN-000320,ACC-0208,CARD-0069,MCH-0199,atm,254.14,AUD,2026-06-25T13:26:00Z,authorized
TXN-000321,ACC-0142,CARD-0064,MCH-0122,atm,98.77,AUD,2026-06-13T17:56:29Z,settled
TXN-000322,ACC-0221,CARD-0010,MCH-0149,pos,423.99,AUD,2026-06-24T15:49:44Z,settled
TXN-000323,ACC-0144,CARD-0087,,online,171.09,GBP,2026-06-19T09:24:08Z,settled
TXN-000324,ACC-0181,CARD-0126,MCH-0128,online,250.73,AUD,2026-06-07T08:39:55Z,settled
TXN-000325,ACC-0067,CARD-0215,MCH-0083,atm,212.20,AUD,2026-06-29T13:21:17Z,settled
TXN-000326,ACC-0010,CARD-0028,MCH-0172,mobile,351.59,AUD,2026-06-24T03:08:33Z,settled
TXN-000105,ACC-0036,CARD-0105,MCH-0146,mobile,43.68,AUD,2026-06-30T17:06:42Z,settled
TXN-000327,ACC-0033,CARD-0020,MCH-0044,online,339.25,AUD,2027-06-06T23:06:35Z,settled
TXN-000328,ACC-0221,CARD-0245,MCH-0017,mobile,-59.36,AUD,2026-07-13T05:43:47Z,settled
TXN-000329,ACC-0084,CARD-0130,MCH-0115,atm,-143.05,AUD,2026-06-12T02:13:51Z,settled
TXN-000330,ACC-0223,CARD-0165,MCH-0119,mobile,390.47,AUD,2026-06-16T20:17:47Z,settled
TXN-000331,ACC-0017,CARD-0250,MCH-0006,online,75.92,SGD,2026-06-22T05:27:18Z,settled
TXN-000303,ACC-0154,CARD-0095,MCH-0039,atm,283.94,AUD,2026-06-18T23:21:25Z,settled
TXN-000332,ACC-0016,CARD-0250,MCH-0190,mobile,350.63,AUD,2026-06-22T15:16:26Z,settled
TXN-000333,ACC-0123,CARD-0045,MCH-0023,pos,367.87,AUD,2026-07-02T02:55:31Z,settled
TXN-000334,ACC-0185,CARD-0245,MCH-0162,online,266.50,AUD,2026-06-15T22:47:24Z,settled
TXN-000335,ACC-0119,CARD-0269,MCH-0092,pos,218.71,AUD,2026-06-24T13:51:09Z,settled
TXN-000336,ACC-0062,CARD-0128,MCH-0105,mobile,474.00,AUD,2026-06-17T19:36:24Z,settled
TXN-000154,ACC-0153,CARD-0159,MCH-0007,online,88.27,AUD,2026-06-18T07:07:03Z,settled
TXN-000337,ACC-0179,CARD-0097,MCH-0195,online,253.46,AUD,2026-06-09T15:23:07Z,authorized
TXN-000338,ACC-0132,CARD-0100,MCH-0056,atm,251.37,AUD,2026-06-12T08:11:14Z,settled
TXN-000143,ACC-0094,CARD-0140,MCH-0038,atm,472.84,AUD,2026-06-16T06:33:40Z,settled
TXN-000339,ACC-0024,CARD-0105,MCH-0131,pos,37.33,AUD,2026-06-27T16:04:35Z,settled
TXN-000340,ACC-0073,CARD-0096,MCH-0160,mobile,280.59,AUD,2026-06-16T08:11:39Z,settled
TXN-000341,ACC-0088,CARD-0164,MCH-0186,mobile,130.97,USD,2026-06-14T16:17:06Z,settled
TXN-000342,ACC-0107,CARD-0145,MCH-0165,mobile,-57.98,AUD,2026-06-22T13:09:20Z,settled
TXN-000343,ACC-0072,CARD-0257,MCH-0169,mobile,433.93,AUD,2026-07-04T10:29:09Z,settled
TXN-000344,ACC-0205,CARD-0096,MCH-0112,mobile,185.66,AUD,2026-06-20T15:34:08Z,settled
TXN-000345,ACC-0083,CARD-0070,MCH-0099,online,103.50,AUD,2026-06-20T22:56:30Z,declined
TXN-000346,ACC-0098,CARD-0210,MCH-0151,pos,220.53,AUD,2026-06-23T11:44:21Z,settled
TXN-000347,ACC-0220,CARD-0245,,atm,137.81,AUD,2026-06-10T23:03:08Z,settled
TXN-000348,ACC-0080,CARD-0248,MCH-0127,pos,244.28,SGD,2026-06-15T02:40:33Z,settled
TXN-000349,ACC-0061,CARD-0222,MCH-0183,pos,424.35,AUD,2026-07-02T21:03:19Z,settled
TXN-000350,ACC-0191,CARD-0214,MCH-0079,mobile,288.72,USD,2026-07-01T15:09:46Z,settled
TXN-000351,ACC-9999,CARD-9999,MCH-0089,mobile,326.61,SGD,2026-06-17T14:29:13Z,settled
TXN-000352,ACC-0185,CARD-0219,MCH-0148,pos,146.87,AUD,2026-06-09T17:40:32Z,settled
TXN-000353,ACC-0051,CARD-0140,MCH-0194,online,56.69,AUD,2026-07-03T00:03:37Z,settled
TXN-000354,ACC-0057,CARD-0104,MCH-0126,online,205.02,AUD,2026-07-01T00:31:02Z,settled
TXN-000355,ACC-9999,CARD-9999,MCH-0056,pos,10.57,AUD,2026-06-07T08:18:05Z,settled
TXN-000334,ACC-0185,CARD-0245,MCH-0162,online,266.50,AUD,2026-06-15T22:47:24Z,settled
TXN-000356,ACC-0035,CARD-0168,MCH-0168,online,488.66,GBP,2026-06-26T00:17:37Z,authorized
TXN-000357,ACC-0085,CARD-0155,MCH-0129,online,122.70,AUD,2026-06-15T04:13:25Z,settled
TXN-000126,ACC-0020,CARD-0028,MCH-0134,atm,141.36,AUD,2026-06-24T00:21:40Z,reversed
TXN-000358,ACC-0178,CARD-0251,MCH-0051,mobile,96.34,SGD,2027-04-12T08:33:55Z,settled
TXN-000359,ACC-0090,CARD-0133,MCH-0071,atm,476.06,AUD,2026-07-03T15:29:54Z,authorized
TXN-000225,ACC-0070,CARD-0127,MCH-0116,mobile,205.37,AUD,2026-06-10T05:14:42Z,settled
TXN-000360,ACC-0085,CARD-0017,MCH-0071,pos,404.74,AUD,2026-06-15T12:03:25Z,settled
TXN-000361,ACC-0206,CARD-0199,MCH-0152,pos,160.53,AUD,2026-11-18T11:35:55Z,settled
TXN-000362,ACC-0045,CARD-0013,MCH-0041,atm,226.19,AUD,2026-06-08T05:14:27Z,settled
TXN-000363,ACC-0142,CARD-0197,MCH-0147,online,426.47,AUD,2026-06-08T11:00:22Z,settled
TXN-000364,ACC-0047,CARD-0056,MCH-0106,pos,4.31,SGD,2026-07-01T04:14:37Z,settled
TXN-000365,ACC-0072,CARD-0046,MCH-0004,mobile,393.16,USD,2026-06-21T08:28:35Z,settled
TXN-000366,ACC-0124,CARD-0211,MCH-0050,mobile,88.84,AUD,2026-06-19T12:53:43Z,settled
TXN-000249,ACC-0049,CARD-0134,MCH-0095,atm,378.09,AUD,2026-06-08T12:26:17Z,settled
TXN-000367,ACC-0020,CARD-0012,MCH-0044,mobile,207.35,AUD,2026-06-21T16:08:51Z,settled
TXN-000368,ACC-0158,CARD-0119,MCH-0006,pos,123.33,AUD,2026-06-23T19:09:35Z,settled
TXN-000369,ACC-0210,CARD-0006,MCH-0136,online,110.73,AUD,2026-07-05T22:29:33Z,settled
TXN-000370,ACC-0040,CARD-0220,MCH-0048,atm,440.72,AUD,2026-07-01T00:41:59Z,settled
TXN-000137,ACC-0013,CARD-0164,MCH-0078,mobile,234.90,AUD,2026-06-12T08:11:46Z,settled
TXN-000371,ACC-0196,CARD-0055,,mobile,225.46,AUD,2026-06-24T13:11:25Z,settled
TXN-000372,ACC-0205,CARD-0178,,pos,180.83,AUD,2026-06-05T00:29:52Z,settled
TXN-000373,ACC-0042,CARD-0028,MCH-0001,mobile,315.92,AUD,2026-06-25T07:15:53Z,settled
TXN-000374,ACC-0157,CARD-0177,MCH-0056,mobile,376.13,AUD,2026-06-10T02:56:23Z,settled
TXN-000375,ACC-0025,CARD-0017,,online,418.76,AUD,2026-06-10T18:22:29Z,settled
TXN-000376,ACC-0212,CARD-0202,MCH-0081,pos,395.68,AUD,2026-06-27T18:19:59Z,settled
TXN-000109,ACC-0038,CARD-0096,MCH-0105,atm,173.50,AUD,2026-06-14T12:45:26Z,authorized
TXN-000377,ACC-0030,CARD-0233,MCH-0189,pos,276.39,AUD,2026-06-26T22:08:14Z,settled
TXN-000378,ACC-0031,CARD-0016,,atm,329.24,AUD,2026-07-02T23:02:41Z,settled
TXN-000379,ACC-0215,CARD-0066,MCH-0182,mobile,85.44,AUD,2026-06-30T14:50:00Z,settled
TXN-000380,ACC-0078,CARD-0079,MCH-0094,online,37.75,AUD,2026-06-06T12:59:38Z,settled
TXN-000381,ACC-0073,CARD-0257,MCH-0172,online,86.78,AUD,2026-06-17T06:58:46Z,settled
TXN-000382,ACC-0100,CARD-0142,MCH-0011,online,-75.73,AUD,2026-06-26T13:21:19Z,settled
TXN-000383,ACC-0095,CARD-0053,MCH-0048,online,3.92,AUD,2026-06-10T22:29:52Z,settled
TXN-000384,ACC-0127,CARD-0132,MCH-0158,atm,175.44,AUD,2026-06-16T20:34:56Z,authorized
TXN-000385,ACC-9999,CARD-9999,MCH-0122,online,50.64,AUD,2026-06-13T00:16:13Z,settled
TXN-000386,ACC-0059,CARD-0060,MCH-0192,mobile,40.04,AUD,2026-06-21T03:08:28Z,settled
TXN-000387,ACC-0064,CARD-0235,MCH-0121,mobile,167.61,AUD,2026-06-24T17:45:17Z,settled
TXN-000252,ACC-0186,CARD-0250,MCH-0016,atm,64.01,AUD,2026-06-14T15:53:02Z,settled
TXN-000388,ACC-9999,CARD-9999,MCH-0187,atm,115.47,AUD,2027-05-30T03:08:29Z,settled
TXN-000389,ACC-0173,CARD-0239,MCH-0034,online,230.91,AUD,2026-06-19T07:37:44Z,reversed
TXN-000390,ACC-0187,CARD-0231,MCH-0123,atm,365.40,AUD,2026-06-06T22:28:02Z,settled
TXN-000391,ACC-0074,CARD-0167,MCH-0052,pos,368.65,AUD,2026-07-04T13:06:15Z,authorized
TXN-000392,ACC-0093,CARD-0065,MCH-0091,mobile,196.43,AUD,2026-06-23T19:49:49Z,declined
TXN-000393,ACC-0124,CARD-0212,MCH-0095,pos,310.90,AUD,2026-06-14T07:54:01Z,authorized
TXN-000394,ACC-0139,CARD-0185,MCH-0105,atm,312.02,AUD,2026-06-25T06:28:19Z,settled
TXN-000395,ACC-0164,CARD-0090,MCH-0041,mobile,226.73,AUD,2026-06-27T01:44:02Z,settled
TXN-000396,ACC-0166,CARD-0170,MCH-0191,online,365.47,SGD,2026-06-24T22:00:33Z,settled
TXN-000397,ACC-0037,CARD-0094,MCH-0064,pos,184.95,AUD,2026-07-11T22:14:34Z,settled
TXN-000398,ACC-0220,CARD-0041,MCH-0122,online,179.73,AUD,2026-06-14T14:04:26Z,settled
TXN-000399,ACC-0101,CARD-0133,MCH-0134,online,49.69,AUD,2026-06-30T06:53:03Z,authorized
TXN-000400,ACC-0128,CARD-0105,MCH-0106,pos,170.96,AUD,2026-06-21T18:13:27Z,settled
TXN-000401,ACC-0187,CARD-0008,MCH-0165,atm,-433.66,USD,2026-06-23T09:39:52Z,settled
TXN-000402,ACC-0109,CARD-0132,MCH-0119,online,251.87,AUD,2026-07-04T02:24:31Z,authorized
TXN-000403,ACC-0022,CARD-0132,MCH-0153,atm,293.71,NZD,2026-06-18T15:44:21Z,settled
TXN-000404,ACC-0053,CARD-0055,MCH-0051,atm,197.39,AUD,2026-07-05T00:47:51Z,settled
TXN-000405,ACC-0082,CARD-0195,MCH-0022,online,485.19,AUD,2026-06-06T18:06:08Z,settled
TXN-000406,ACC-9999,CARD-9999,MCH-0162,pos,470.23,GBP,2026-06-08T23:13:44Z,settled
TXN-000407,ACC-0152,CARD-0220,MCH-0113,mobile,172.27,AUD,2026-06-12T12:04:37Z,settled
TXN-000408,ACC-0186,CARD-0111,MCH-0187,pos,217.75,AUD,2026-07-05T22:01:20Z,settled
TXN-000409,ACC-0010,CARD-0180,MCH-0041,pos,29.36,AUD,2026-10-21T19:09:00Z,settled
TXN-000410,ACC-0064,CARD-0013,MCH-0052,online,247.40,AUD,2026-06-30T15:10:54Z,settled
TXN-000411,ACC-0034,CARD-0067,MCH-0200,mobile,433.33,AUD,2026-06-06T07:01:16Z,settled
TXN-000412,ACC-0175,CARD-0056,MCH-0063,mobile,118.73,AUD,2026-06-05T12:13:25Z,settled
TXN-000413,ACC-0078,CARD-0116,MCH-0197,pos,436.20,AUD,2026-07-05T08:34:57Z,settled
TXN-000414,ACC-0002,CARD-0096,MCH-0115,pos,192.41,AUD,2026-06-08T02:32:49Z,settled
TXN-000415,ACC-0003,CARD-0078,MCH-0089,atm,136.96,AUD,2026-06-06T10:42:29Z,refunded
TXN-000416,ACC-0058,CARD-0222,MCH-0187,atm,421.20,AUD,2026-07-03T03:26:13Z,authorized
TXN-000417,ACC-0006,CARD-0179,MCH-0138,mobile,453.02,USD,2026-06-11T05:48:58Z,settled
TXN-000418,ACC-9999,CARD-9999,MCH-0110,atm,170.84,AUD,2026-06-08T10:14:09Z,settled
TXN-000419,ACC-9999,CARD-9999,MCH-0159,pos,437.99,NZD,2026-06-09T02:15:19Z,settled
TXN-000420,ACC-0140,CARD-0166,MCH-0196,mobile,287.67,AUD,2026-07-01T10:30:42Z,settled
TXN-000421,ACC-0001,CARD-0183,MCH-0081,mobile,361.33,AUD,2026-06-18T19:55:23Z,settled
TXN-000422,ACC-0092,CARD-0082,MCH-0074,atm,53.66,AUD,2026-06-22T06:28:12Z,authorized
TXN-000423,ACC-0221,CARD-0002,MCH-0185,online,45.04,AUD,2026-06-23T00:48:02Z,settled
TXN-000424,ACC-0119,CARD-0122,MCH-0189,mobile,115.25,AUD,2026-06-28T01:37:22Z,settled
TXN-000425,ACC-0055,CARD-0082,MCH-0096,atm,226.34,AUD,2026-06-14T07:53:27Z,settled
TXN-000426,ACC-0107,CARD-0152,MCH-0145,online,355.91,AUD,2026-06-26T11:49:58Z,declined
TXN-000427,ACC-0025,CARD-0098,MCH-0121,pos,7.02,AUD,2026-06-29T19:47:32Z,authorized
TXN-000428,ACC-0153,CARD-0215,MCH-0074,online,399.22,AUD,2026-06-25T12:45:40Z,settled
TXN-000429,ACC-0175,CARD-0043,MCH-0167,online,211.65,AUD,2026-06-19T07:53:52Z,settled
TXN-000430,ACC-0107,CARD-0212,MCH-0111,pos,58.20,AUD,2026-06-13T11:33:15Z,settled
TXN-000431,ACC-0184,CARD-0117,MCH-0154,pos,189.19,USD,2026-07-05T07:32:12Z,settled
TXN-000432,ACC-0147,CARD-0034,MCH-0136,online,55.82,AUD,2026-06-21T09:47:22Z,settled
TXN-000433,ACC-0135,CARD-0079,MCH-0063,pos,135.63,AUD,2026-06-20T00:42:03Z,settled
TXN-000434,ACC-0225,CARD-0011,,pos,240.64,AUD,2026-06-13T04:41:40Z,settled
TXN-000435,ACC-0179,CARD-0255,MCH-0150,atm,208.83,AUD,2026-06-17T20:31:03Z,reversed
TXN-000436,ACC-0039,CARD-0126,MCH-0086,online,275.64,AUD,2026-06-18T17:56:17Z,settled
TXN-000437,ACC-0147,CARD-0027,MCH-0055,pos,446.36,AUD,2026-06-20T10:37:03Z,settled
TXN-000438,ACC-0080,CARD-0095,MCH-0132,online,454.60,NZD,2026-06-13T12:52:43Z,settled
TXN-000439,ACC-0164,CARD-0268,,mobile,45.95,AUD,2026-06-15T18:51:32Z,settled
TXN-000440,ACC-0060,CARD-0065,MCH-0043,mobile,323.82,AUD,2026-06-10T05:43:13Z,settled
TXN-000441,ACC-0194,CARD-0076,MCH-0034,mobile,14.39,AUD,2026-07-05T01:44:41Z,settled
TXN-000442,ACC-0177,CARD-0150,MCH-0104,online,450.24,AUD,2026-06-07T07:29:20Z,settled
TXN-000443,ACC-0106,CARD-0023,MCH-0021,mobile,-300.66,AUD,2026-06-21T19:45:37Z,settled
TXN-000444,ACC-0211,CARD-0233,MCH-0114,mobile,367.22,AUD,2026-07-05T15:45:32Z,settled
TXN-000445,ACC-0106,CARD-0048,,online,330.67,AUD,2026-06-16T15:13:59Z,settled
TXN-000446,ACC-0044,CARD-0190,MCH-0110,atm,389.53,AUD,2026-06-19T11:39:28Z,settled
TXN-000447,ACC-0202,CARD-0064,MCH-0133,online,418.26,AUD,2026-06-25T20:47:51Z,settled
TXN-000448,ACC-0160,CARD-0052,,pos,-378.88,AUD,2026-06-25T10:13:26Z,settled
TXN-000449,ACC-9999,CARD-9999,MCH-0011,online,496.88,AUD,2026-06-13T21:02:31Z,settled
TXN-000450,ACC-0130,CARD-0165,MCH-0104,mobile,63.13,AUD,2026-06-26T11:08:17Z,settled
TXN-000451,ACC-0087,CARD-0156,MCH-0051,online,-346.56,AUD,2026-06-23T17:07:00Z,settled
TXN-000452,ACC-0056,CARD-0164,MCH-0069,mobile,245.16,AUD,2026-06-21T02:17:26Z,settled
TXN-000453,ACC-0188,CARD-0092,MCH-0166,mobile,281.03,AUD,2026-07-04T04:04:44Z,authorized
TXN-000454,ACC-9999,CARD-9999,MCH-0023,atm,247.75,USD,2026-07-02T05:36:26Z,settled
TXN-000455,ACC-0146,CARD-0209,MCH-0010,atm,-424.09,AUD,2026-06-22T19:39:12Z,settled
TXN-000456,ACC-0009,CARD-0084,,online,138.17,AUD,2027-01-01T15:01:00Z,settled
TXN-000457,ACC-0138,CARD-0125,MCH-0141,online,422.60,AUD,2026-06-24T02:43:12Z,settled
TXN-000458,ACC-0102,CARD-0045,MCH-0021,mobile,40.99,AUD,2026-06-23T08:23:06Z,settled
TXN-000459,ACC-0125,CARD-0166,MCH-0022,online,86.06,AUD,2026-06-10T13:07:39Z,authorized
TXN-000460,ACC-0050,CARD-0123,MCH-0173,online,197.03,AUD,2026-06-12T10:14:25Z,settled
TXN-000461,ACC-0093,CARD-0266,MCH-0088,online,179.50,AUD,2026-06-23T01:26:10Z,settled
TXN-000462,ACC-0134,CARD-0216,MCH-0173,mobile,163.42,GBP,2026-06-28T04:10:57Z,settled
TXN-000463,ACC-0027,CARD-0240,MCH-0076,online,362.28,AUD,2026-06-18T16:14:15Z,declined
TXN-000464,ACC-0218,CARD-0240,MCH-0165,atm,317.67,AUD,2026-06-27T17:36:28Z,settled
TXN-000465,ACC-0175,CARD-0154,MCH-0028,pos,492.37,AUD,2026-06-23T16:06:07Z,settled
TXN-000466,ACC-0149,CARD-0192,MCH-0168,mobile,396.88,AUD,2026-06-22T13:58:02Z,settled
TXN-000467,ACC-0139,CARD-0068,MCH-0009,mobile,-222.83,AUD,2026-06-10T05:13:10Z,settled
TXN-000468,ACC-0134,CARD-0099,MCH-0139,atm,208.98,AUD,2026-07-05T22:18:36Z,settled
TXN-000469,ACC-0047,CARD-0037,MCH-0146,online,465.87,AUD,2026-06-05T13:35:53Z,settled
TXN-000470,ACC-0179,CARD-0194,MCH-0185,online,387.40,AUD,2026-06-07T21:42:43Z,declined
TXN-000471,ACC-0188,CARD-0231,MCH-0134,mobile,148.60,AUD,2026-06-13T21:42:07Z,settled
TXN-000472,ACC-0191,CARD-0042,MCH-0154,mobile,262.93,AUD,2027-01-17T11:02:10Z,settled
TXN-000473,ACC-0155,CARD-0077,MCH-0019,mobile,116.17,AUD,2026-06-14T08:44:58Z,settled
TXN-000474,ACC-0167,CARD-0127,MCH-0136,online,497.90,AUD,2026-07-05T09:00:25Z,settled
TXN-000475,ACC-0071,CARD-0195,MCH-0003,mobile,269.21,AUD,2026-06-29T13:51:52Z,settled
TXN-000476,ACC-0215,CARD-0166,MCH-0104,online,90.85,AUD,2026-06-12T22:27:33Z,settled
TXN-000477,ACC-0094,CARD-0102,MCH-0033,mobile,360.53,AUD,2026-06-27T06:58:33Z,authorized
TXN-000478,ACC-0175,CARD-0206,MCH-0010,atm,36.37,AUD,2026-07-02T05:43:46Z,authorized
TXN-000479,ACC-0028,CARD-0048,MCH-0158,pos,255.57,AUD,2027-02-26T06:35:10Z,settled
TXN-000480,ACC-0043,CARD-0044,,pos,31.28,AUD,2026-07-04T09:16:45Z,settled
TXN-000481,ACC-0107,CARD-0209,MCH-0058,atm,271.38,USD,2026-06-10T22:27:46Z,settled
TXN-000482,ACC-0169,CARD-0203,MCH-0192,mobile,184.34,AUD,2026-06-10T17:35:04Z,settled
TXN-000483,ACC-0138,CARD-0057,MCH-0097,pos,199.74,AUD,2026-06-12T06:40:43Z,settled
TXN-000352,ACC-0185,CARD-0219,MCH-0148,pos,146.87,AUD,2026-06-09T17:40:32Z,settled
TXN-000484,ACC-0203,CARD-0054,MCH-0017,mobile,458.42,AUD,2026-07-02T01:46:27Z,authorized
TXN-000485,ACC-0090,CARD-0047,MCH-0090,atm,444.21,AUD,2026-07-02T19:13:43Z,settled
TXN-000486,ACC-0001,CARD-0022,,online,426.99,AUD,2026-06-06T16:18:26Z,authorized
TXN-000487,ACC-0014,CARD-0194,MCH-0116,pos,355.81,AUD,2026-06-26T16:17:16Z,reversed
TXN-000488,ACC-0108,CARD-0240,MCH-0018,online,343.46,AUD,2026-06-26T07:28:39Z,settled
TXN-000489,ACC-0066,CARD-0257,MCH-0138,atm,169.36,GBP,2026-07-01T05:43:39Z,settled
TXN-000490,ACC-0121,CARD-0027,MCH-0026,atm,223.46,AUD,2026-06-23T09:09:00Z,settled
TXN-000491,ACC-0072,CARD-0220,MCH-0128,online,319.50,AUD,2026-07-03T05:40:20Z,settled
TXN-000492,ACC-9999,CARD-9999,MCH-0199,mobile,177.83,AUD,2026-06-18T15:22:12Z,settled
TXN-000493,ACC-0130,CARD-0166,MCH-0102,pos,-14.33,AUD,2026-06-13T11:47:22Z,settled
TXN-000494,ACC-0065,CARD-0095,MCH-0047,pos,297.53,AUD,2026-06-07T13:22:43Z,declined
TXN-000495,ACC-0207,CARD-0113,MCH-0196,mobile,92.82,NZD,2026-12-17T18:35:41Z,authorized
TXN-000496,ACC-0215,CARD-0078,,pos,19.51,AUD,2026-06-22T05:14:00Z,settled
TXN-000497,ACC-0201,CARD-0196,MCH-0053,pos,40.91,AUD,2026-06-12T12:18:05Z,settled
TXN-000498,ACC-0224,CARD-0242,MCH-0148,pos,51.27,AUD,2026-06-13T07:21:14Z,settled
TXN-000499,ACC-0184,CARD-0217,MCH-0146,online,133.08,AUD,2026-06-15T10:44:44Z,settled
TXN-000500,ACC-0185,CARD-0032,,mobile,118.73,AUD,2026-06-27T03:05:16Z,settled
TXN-000501,ACC-0064,CARD-0102,MCH-0153,atm,-476.32,AUD,2026-06-13T16:33:37Z,settled
TXN-000502,ACC-0070,CARD-0041,,mobile,485.45,AUD,2026-11-04T05:52:49Z,settled
TXN-000503,ACC-0152,CARD-0167,MCH-0140,atm,220.77,AUD,2026-07-25T05:33:39Z,authorized
TXN-000504,ACC-0107,CARD-0058,MCH-0098,mobile,151.23,AUD,2026-06-22T21:30:42Z,settled
TXN-000505,ACC-0181,CARD-0267,MCH-0105,online,228.55,AUD,2026-06-26T02:37:38Z,settled
TXN-000506,ACC-0209,CARD-0158,MCH-0010,pos,274.19,AUD,2026-07-02T10:03:14Z,settled
TXN-000436,ACC-0039,CARD-0126,MCH-0086,online,275.64,AUD,2026-06-18T17:56:17Z,settled
TXN-000507,ACC-0209,CARD-0107,MCH-0052,online,408.05,AUD,2026-06-05T15:10:40Z,authorized
TXN-000508,ACC-0036,CARD-0174,MCH-0054,mobile,413.65,AUD,2026-06-24T20:53:08Z,settled
TXN-000509,ACC-0175,CARD-0254,MCH-0136,mobile,-348.83,AUD,2026-06-21T05:26:46Z,settled
TXN-000510,ACC-0102,CARD-0245,MCH-0127,pos,174.19,NZD,2026-06-24T13:12:48Z,settled
TXN-000511,ACC-0157,CARD-0160,MCH-0120,online,337.15,GBP,2026-06-14T05:29:23Z,settled
TXN-000512,ACC-0225,CARD-0065,MCH-0200,atm,188.98,AUD,2026-06-17T06:08:49Z,settled
TXN-000513,ACC-0121,CARD-0123,MCH-0035,mobile,431.30,AUD,2026-06-29T20:27:48Z,settled
TXN-000514,ACC-0070,CARD-0118,MCH-0077,atm,100.83,AUD,2026-06-12T19:56:26Z,settled
TXN-000515,ACC-0194,CARD-0006,MCH-0110,atm,79.77,AUD,2026-06-06T11:31:51Z,settled
TXN-000283,ACC-0156,CARD-0223,MCH-0051,mobile,293.12,AUD,2026-06-23T06:11:46Z,settled
TXN-000516,ACC-0116,CARD-0123,MCH-0179,pos,176.48,GBP,2026-06-15T04:45:00Z,authorized
TXN-000517,ACC-0105,CARD-0096,MCH-0076,pos,136.28,AUD,2026-06-10T23:15:37Z,settled
TXN-000518,ACC-0157,CARD-0213,MCH-0161,pos,312.21,AUD,2026-07-04T09:07:46Z,settled
TXN-000519,ACC-9999,CARD-9999,MCH-0171,online,192.08,AUD,2026-06-14T06:25:43Z,settled
TXN-000520,ACC-0010,CARD-0099,MCH-0161,online,423.99,AUD,2026-06-29T08:56:32Z,settled
TXN-000521,ACC-0152,CARD-0161,MCH-0054,online,88.54,AUD,2026-06-09T10:16:55Z,settled
TXN-000522,ACC-0192,CARD-0006,MCH-0190,online,93.56,AUD,2026-07-04T13:43:13Z,settled
TXN-000523,ACC-0051,CARD-0176,MCH-0121,online,81.70,AUD,2026-07-01T02:09:45Z,authorized
TXN-000524,ACC-0062,CARD-0179,MCH-0113,mobile,488.96,AUD,2026-06-08T15:01:15Z,settled
TXN-000525,ACC-0053,CARD-0089,MCH-0200,online,108.68,AUD,2026-06-06T00:44:08Z,settled
TXN-000526,ACC-0175,CARD-0174,MCH-0139,mobile,471.17,GBP,2026-07-01T21:31:31Z,settled
TXN-000527,ACC-0080,CARD-0090,MCH-0098,atm,384.12,AUD,2026-06-18T02:38:45Z,settled
TXN-000528,ACC-0155,CARD-0187,,atm,65.54,AUD,2026-07-02T21:27:16Z,settled
TXN-000529,ACC-0053,CARD-0165,MCH-0045,online,497.35,USD,2026-06-19T15:24:55Z,settled
TXN-000530,ACC-0010,CARD-0208,MCH-0148,pos,402.83,AUD,2026-06-28T15:16:04Z,settled
TXN-000531,ACC-0205,CARD-0105,MCH-0094,atm,78.02,AUD,2026-06-18T06:25:55Z,settled
TXN-000532,ACC-0213,CARD-0036,,online,143.27,AUD,2027-03-27T07:05:45Z,declined
TXN-000533,ACC-0063,CARD-0009,MCH-0079,atm,-273.28,AUD,2026-06-10T12:36:50Z,authorized
TXN-000534,ACC-0116,CARD-0114,,mobile,366.55,USD,2026-07-05T06:26:16Z,settled
TXN-000535,ACC-0077,CARD-0118,MCH-0023,atm,233.07,AUD,2026-06-12T11:04:22Z,authorized
TXN-000536,ACC-0033,CARD-0088,MCH-0163,atm,258.73,AUD,2026-06-17T14:44:49Z,declined
TXN-000537,ACC-0132,CARD-0027,MCH-0106,atm,365.06,AUD,2026-06-20T19:13:44Z,settled
TXN-000538,ACC-0077,CARD-0239,,atm,464.00,AUD,2026-06-19T09:14:33Z,settled
TXN-000539,ACC-0089,CARD-0153,MCH-0128,online,35.28,AUD,2026-06-13T11:21:53Z,settled
TXN-000540,ACC-0191,CARD-0041,MCH-0116,atm,301.91,AUD,2026-07-02T00:27:42Z,settled
TXN-000541,ACC-0136,CARD-0254,MCH-0030,online,200.57,AUD,2026-07-02T02:32:12Z,authorized
TXN-000542,ACC-0210,CARD-0026,MCH-0140,pos,417.31,USD,2026-06-16T09:56:59Z,settled
TXN-000543,ACC-0217,CARD-0065,MCH-0004,online,374.24,AUD,2026-07-01T20:00:54Z,reversed
TXN-000544,ACC-0215,CARD-0003,MCH-0092,mobile,78.84,AUD,2026-06-12T15:21:45Z,settled
TXN-000545,ACC-0062,CARD-0107,MCH-0186,mobile,218.76,AUD,2026-06-07T05:43:04Z,settled
TXN-000546,ACC-0010,CARD-0067,MCH-0019,atm,359.21,AUD,2026-06-29T18:59:15Z,settled
TXN-000547,ACC-0181,CARD-0225,MCH-0095,atm,159.24,AUD,2026-06-06T04:29:04Z,settled
TXN-000548,ACC-0040,CARD-0015,MCH-0072,mobile,323.29,AUD,2026-11-20T00:52:58Z,settled
TXN-000549,ACC-0026,CARD-0015,MCH-0006,pos,110.24,AUD,2026-06-10T14:42:26Z,settled
TXN-000550,ACC-0148,CARD-0057,MCH-0058,online,390.97,AUD,2026-06-13T21:38:42Z,authorized
TXN-000551,ACC-0050,CARD-0155,MCH-0022,atm,327.88,AUD,2026-06-05T05:30:45Z,authorized
TXN-000552,ACC-0052,CARD-0221,MCH-0088,pos,116.41,AUD,2026-06-06T21:32:09Z,settled
TXN-000553,ACC-0117,CARD-0128,MCH-0094,atm,467.01,AUD,2026-06-30T02:58:27Z,authorized
TXN-000554,ACC-0045,CARD-0102,MCH-0165,pos,491.15,AUD,2026-06-09T01:58:09Z,settled
TXN-000555,ACC-0139,CARD-0202,MCH-0168,pos,450.02,AUD,2026-06-12T03:53:41Z,settled
TXN-000556,ACC-0172,CARD-0182,MCH-0041,online,162.26,AUD,2026-06-10T21:28:01Z,settled
TXN-000557,ACC-0105,CARD-0042,MCH-0042,pos,190.31,AUD,2026-06-17T14:59:10Z,settled
TXN-000558,ACC-0162,CARD-0148,MCH-0199,mobile,272.89,AUD,2026-06-15T09:57:44Z,settled
TXN-000559,ACC-0135,CARD-0051,,pos,107.55,AUD,2026-06-26T22:37:07Z,authorized
TXN-000560,ACC-9999,CARD-9999,MCH-0171,online,94.72,AUD,2026-06-28T19:04:07Z,settled
TXN-000561,ACC-0031,CARD-0248,MCH-0161,online,349.82,AUD,2026-06-05T20:20:31Z,settled
TXN-000540,ACC-0191,CARD-0041,MCH-0116,atm,301.91,AUD,2026-07-02T00:27:42Z,settled
TXN-000562,ACC-0034,CARD-0184,MCH-0172,atm,39.69,AUD,2026-07-01T15:45:56Z,settled
TXN-000563,ACC-0009,CARD-0099,MCH-0048,online,432.03,AUD,2026-06-22T00:52:39Z,reversed
TXN-000394,ACC-0139,CARD-0185,MCH-0105,atm,312.02,AUD,2026-06-25T06:28:19Z,settled
TXN-000564,ACC-0194,CARD-0207,MCH-0150,online,115.71,NZD,2026-06-07T08:43:43Z,settled
TXN-000565,ACC-0008,CARD-0251,MCH-0184,pos,38.94,AUD,2026-06-16T18:29:55Z,settled
TXN-000566,ACC-0026,CARD-0182,MCH-0024,mobile,37.79,AUD,2026-06-12T16:36:56Z,settled
TXN-000567,ACC-0176,CARD-0192,MCH-0179,atm,52.19,AUD,2026-06-30T04:27:52Z,reversed
TXN-000568,ACC-0176,CARD-0140,MCH-0200,mobile,374.11,AUD,2026-07-04T10:48:18Z,settled
TXN-000569,ACC-0225,CARD-0015,MCH-0136,pos,4.14,AUD,2026-06-15T03:25:54Z,settled
TXN-000570,ACC-0158,CARD-0062,MCH-0045,atm,109.84,AUD,2026-06-24T18:39:46Z,settled
TXN-000571,ACC-0067,CARD-0017,MCH-0175,pos,345.72,AUD,2026-07-04T12:36:16Z,settled
TXN-000572,ACC-0025,CARD-0260,MCH-0055,atm,471.98,AUD,2026-06-18T11:48:43Z,authorized
TXN-000573,ACC-0215,CARD-0123,MCH-0116,pos,468.68,AUD,2026-06-25T12:29:53Z,authorized
TXN-000574,ACC-0110,CARD-0019,MCH-0021,online,417.42,AUD,2026-06-14T19:16:31Z,settled
TXN-000575,ACC-0142,CARD-0244,MCH-0127,mobile,194.88,AUD,2026-06-13T11:30:33Z,settled
TXN-000576,ACC-0164,CARD-0153,MCH-0091,mobile,173.02,AUD,2026-06-25T12:37:51Z,authorized
TXN-000577,ACC-0133,CARD-0246,MCH-0154,online,481.04,AUD,2026-06-22T10:53:49Z,settled
TXN-000578,ACC-0116,CARD-0240,MCH-0022,mobile,136.67,AUD,2026-06-30T07:13:58Z,settled
TXN-000579,ACC-0160,CARD-0167,MCH-0051,mobile,440.37,GBP,2026-07-03T03:50:11Z,settled
TXN-000580,ACC-0094,CARD-0173,MCH-0103,atm,-48.31,SGD,2026-06-28T23:25:20Z,declined
TXN-000581,ACC-0134,CARD-0222,MCH-0104,online,257.71,AUD,2026-06-15T22:23:32Z,settled
TXN-000582,ACC-0214,CARD-0020,MCH-0117,online,308.36,AUD,2026-06-27T01:05:03Z,settled
TXN-000583,ACC-0016,CARD-0006,MCH-0026,online,277.15,AUD,2026-06-08T19:53:25Z,settled
TXN-000584,ACC-0013,CARD-0238,MCH-0190,online,261.21,AUD,2026-06-24T08:39:38Z,settled
TXN-000585,ACC-0035,CARD-0219,MCH-0090,atm,22.03,AUD,2026-06-07T02:52:46Z,settled
TXN-000586,ACC-0215,CARD-0259,MCH-0092,mobile,93.02,AUD,2026-06-20T04:32:07Z,settled
TXN-000587,ACC-0223,CARD-0044,MCH-0106,online,-156.41,AUD,2026-06-10T18:35:31Z,settled
TXN-000588,ACC-0197,CARD-0159,MCH-0009,pos,-107.29,AUD,2026-06-20T19:39:07Z,settled
TXN-000589,ACC-0010,CARD-0077,MCH-0132,atm,290.45,AUD,2026-06-17T07:54:14Z,settled
TXN-000590,ACC-0038,CARD-0014,,mobile,177.65,AUD,2026-06-08T15:39:28Z,settled
TXN-000591,ACC-0135,CARD-0067,MCH-0171,mobile,434.82,AUD,2026-07-04T19:34:36Z,authorized
TXN-000592,ACC-0196,CARD-0021,MCH-0076,online,303.21,AUD,2026-06-19T17:14:19Z,settled
TXN-000593,ACC-0098,CARD-0149,MCH-0187,pos,40.83,AUD,2026-06-26T09:28:23Z,settled
TXN-000594,ACC-0051,CARD-0245,MCH-0167,online,392.22,AUD,2026-06-23T21:10:19Z,settled
TXN-000595,ACC-0206,CARD-0056,MCH-0149,mobile,231.32,AUD,2027-03-27T21:49:52Z,settled
TXN-000596,ACC-0194,CARD-0078,MCH-0144,pos,368.45,AUD,2026-06-15T10:18:36Z,settled
TXN-000597,ACC-0104,CARD-0045,MCH-0187,mobile,427.79,AUD,2026-06-07T11:48:50Z,settled
TXN-000598,ACC-0175,CARD-0145,MCH-0057,pos,349.72,SGD,2026-06-24T13:33:07Z,settled
TXN-000599,ACC-0133,CARD-0219,MCH-0127,online,152.05,AUD,2026-06-14T13:26:25Z,settled
TXN-000600,ACC-0110,CARD-0144,MCH-0170,online,149.33,AUD,2026-06-30T02:15:27Z,settled
TXN-000339,ACC-0024,CARD-0105,MCH-0131,pos,37.33,AUD,2026-06-27T16:04:35Z,settled
TXN-000601,ACC-9999,CARD-9999,MCH-0166,pos,238.70,AUD,2026-06-14T10:21:21Z,authorized
TXN-000602,ACC-0221,CARD-0217,MCH-0010,atm,145.65,AUD,2026-06-22T06:46:10Z,settled
TXN-000603,ACC-9999,CARD-9999,MCH-0127,online,290.22,AUD,2026-06-10T04:59:55Z,declined
TXN-000604,ACC-0188,CARD-0264,MCH-0098,pos,337.92,AUD,2026-06-28T10:19:48Z,settled
TXN-000605,ACC-0183,CARD-0245,MCH-0120,atm,115.55,AUD,2026-06-17T03:32:36Z,settled
TXN-000599,ACC-0133,CARD-0219,MCH-0127,online,152.05,AUD,2026-06-14T13:26:25Z,settled
TXN-000606,ACC-0221,CARD-0073,MCH-0024,pos,174.70,AUD,2026-06-10T09:35:14Z,settled
TXN-000607,ACC-0009,CARD-0104,MCH-0101,pos,365.18,AUD,2026-06-28T19:09:09Z,settled
TXN-000608,ACC-0130,CARD-0027,MCH-0096,atm,-267.54,AUD,2027-01-04T20:58:27Z,settled
TXN-000609,ACC-9999,CARD-9999,MCH-0074,mobile,219.73,AUD,2026-06-13T11:56:03Z,settled
TXN-000610,ACC-0148,CARD-0104,MCH-0016,pos,384.20,AUD,2027-03-16T01:19:14Z,settled
TXN-000611,ACC-0005,CARD-0139,MCH-0078,pos,277.54,SGD,2026-06-23T11:41:58Z,declined
TXN-000475,ACC-0071,CARD-0195,MCH-0003,mobile,269.21,AUD,2026-06-29T13:51:52Z,settled
TXN-000612,ACC-0169,CARD-0041,MCH-0090,mobile,101.81,AUD,2026-06-18T03:47:09Z,settled
TXN-000613,ACC-0147,CARD-0032,MCH-0043,mobile,214.12,AUD,2026-06-08T05:36:33Z,settled
TXN-000614,ACC-0006,CARD-0023,MCH-0138,mobile,110.58,AUD,2026-06-29T02:47:14Z,settled
TXN-000615,ACC-0121,CARD-0119,MCH-0184,mobile,269.67,NZD,2026-06-11T11:34:35Z,settled
TXN-000616,ACC-0102,CARD-0205,MCH-0089,mobile,405.96,AUD,2026-06-28T08:23:04Z,settled
TXN-000617,ACC-0034,CARD-0231,MCH-0127,online,435.17,AUD,2026-06-27T22:28:25Z,settled
TXN-000618,ACC-0025,CARD-0109,MCH-0107,atm,472.84,AUD,2026-06-26T19:47:44Z,settled
TXN-000619,ACC-0181,CARD-0192,MCH-0017,pos,263.40,AUD,2026-06-08T08:45:11Z,reversed
TXN-000620,ACC-0064,CARD-0263,MCH-0059,mobile,65.31,AUD,2026-06-12T21:34:02Z,declined
TXN-000621,ACC-0187,CARD-0145,MCH-0118,mobile,326.85,AUD,2026-06-07T10:47:06Z,settled
TXN-000622,ACC-9999,CARD-9999,MCH-0141,online,382.21,AUD,2026-06-11T03:50:22Z,settled
TXN-000623,ACC-0144,CARD-0137,MCH-0093,mobile,210.81,AUD,2026-06-09T20:00:55Z,settled
TXN-000624,ACC-9999,CARD-9999,MCH-0157,pos,309.96,AUD,2026-06-13T15:36:32Z,settled
TXN-000625,ACC-0121,CARD-0164,MCH-0177,mobile,464.19,NZD,2026-06-26T05:57:53Z,settled
TXN-000626,ACC-0023,CARD-0081,MCH-0106,mobile,220.94,AUD,2026-06-08T15:04:03Z,settled
TXN-000627,ACC-0008,CARD-0103,MCH-0157,online,444.50,AUD,2026-06-23T15:24:15Z,settled
TXN-000628,ACC-0223,CARD-0223,,atm,432.73,AUD,2026-06-13T11:31:10Z,refunded
TXN-000629,ACC-0010,CARD-0169,MCH-0064,online,187.91,AUD,2026-10-11T14:33:45Z,reversed
TXN-000630,ACC-0185,CARD-0268,MCH-0187,mobile,39.82,NZD,2026-06-17T16:31:00Z,settled
TXN-000631,ACC-0165,CARD-0156,MCH-0077,mobile,11.70,AUD,2026-06-17T18:54:22Z,settled
TXN-000632,ACC-0186,CARD-0079,MCH-0076,online,54.01,AUD,2026-06-24T20:10:51Z,settled
TXN-000633,ACC-0202,CARD-0240,MCH-0034,atm,187.41,AUD,2026-06-18T06:50:44Z,authorized
TXN-000634,ACC-0184,CARD-0100,MCH-0173,online,16.44,AUD,2026-06-30T19:20:15Z,settled
TXN-000635,ACC-0052,CARD-0248,MCH-0127,online,333.68,AUD,2026-06-23T18:25:17Z,settled
TXN-000636,ACC-0086,CARD-0204,MCH-0155,atm,54.89,AUD,2026-07-02T14:11:13Z,settled
TXN-000637,ACC-0009,CARD-0256,MCH-0019,atm,-274.42,AUD,2026-12-29T06:49:03Z,settled
TXN-000638,ACC-0100,CARD-0171,MCH-0037,mobile,-198.22,AUD,2026-06-29T00:58:19Z,settled
TXN-000639,ACC-0038,CARD-0113,MCH-0043,pos,213.77,AUD,2026-06-27T23:48:42Z,settled
TXN-000640,ACC-0149,CARD-0007,MCH-0041,online,268.16,AUD,2026-06-25T23:37:21Z,authorized
TXN-000641,ACC-9999,CARD-9999,MCH-0137,online,61.05,SGD,2026-06-16T08:48:22Z,settled
TXN-000642,ACC-0158,CARD-0238,MCH-0053,online,274.10,AUD,2026-06-17T03:49:26Z,settled
TXN-000643,ACC-0223,CARD-0016,MCH-0168,pos,14.88,AUD,2026-06-20T03:26:48Z,settled
TXN-000644,ACC-0122,CARD-0241,MCH-0061,mobile,119.49,NZD,2026-06-05T14:59:34Z,settled
TXN-000645,ACC-0158,CARD-0063,MCH-0139,atm,316.34,AUD,2026-06-20T23:00:20Z,settled
TXN-000646,ACC-9999,CARD-9999,MCH-0176,atm,448.46,AUD,2026-06-18T10:29:47Z,settled
TXN-000647,ACC-0070,CARD-0237,MCH-0093,online,333.72,AUD,2026-12-30T23:41:53Z,settled
TXN-000648,ACC-0069,CARD-0054,MCH-0134,online,498.24,AUD,2026-06-27T19:03:02Z,settled
TXN-000649,ACC-0117,CARD-0261,MCH-0099,atm,275.74,AUD,2026-06-13T22:46:23Z,settled
TXN-000650,ACC-0089,CARD-0210,MCH-0193,online,271.22,AUD,2026-06-30T10:06:21Z,settled
TXN-000651,ACC-0177,CARD-0007,MCH-0091,atm,-123.39,AUD,2026-06-18T11:14:45Z,settled
TXN-000487,ACC-0014,CARD-0194,MCH-0116,pos,355.81,AUD,2026-06-26T16:17:16Z,reversed
TXN-000652,ACC-0198,CARD-0211,MCH-0152,online,219.12,AUD,2026-11-22T11:05:21Z,settled
TXN-000653,ACC-0064,CARD-0242,MCH-0034,atm,190.68,AUD,2026-06-18T06:54:34Z,reversed
TXN-000654,ACC-0162,CARD-0072,MCH-0144,online,257.60,AUD,2026-06-08T22:50:07Z,settled
TXN-000655,ACC-0014,CARD-0242,MCH-0159,mobile,363.71,AUD,2026-07-04T08:22:44Z,settled
TXN-000656,ACC-0064,CARD-0061,MCH-0032,pos,47.69,AUD,2026-10-04T04:18:21Z,settled
TXN-000657,ACC-0207,CARD-0238,MCH-0114,online,342.53,AUD,2026-06-08T10:16:41Z,authorized
TXN-000658,ACC-0040,CARD-0125,MCH-0191,atm,55.39,USD,2026-08-29T04:33:37Z,declined
TXN-000659,ACC-0031,CARD-0023,,mobile,316.12,AUD,2026-07-03T04:05:44Z,settled
TXN-000660,ACC-0138,CARD-0034,MCH-0057,pos,29.63,AUD,2026-06-17T00:20:40Z,settled
TXN-000661,ACC-0154,CARD-0160,MCH-0188,pos,173.44,AUD,2026-06-26T06:12:42Z,settled
TXN-000662,ACC-0090,CARD-0047,MCH-0034,atm,-491.76,AUD,2026-06-06T14:58:38Z,settled
TXN-000663,ACC-9999,CARD-9999,MCH-0050,pos,227.08,AUD,2026-07-05T18:26:36Z,declined
TXN-000664,ACC-0047,CARD-0049,MCH-0135,mobile,57.73,AUD,2026-11-18T11:55:25Z,settled
TXN-000665,ACC-0148,CARD-0014,MCH-0132,pos,-39.53,AUD,2026-06-18T21:16:05Z,settled
TXN-000666,ACC-0018,CARD-0242,MCH-0041,online,148.17,AUD,2026-06-18T18:12:45Z,settled
TXN-000667,ACC-0150,CARD-0044,MCH-0149,pos,402.39,GBP,2026-07-04T00:03:24Z,declined
TXN-000668,ACC-0039,CARD-0236,MCH-0049,pos,414.84,AUD,2026-07-05T11:39:40Z,settled
TXN-000669,ACC-0125,CARD-0107,MCH-0052,online,172.67,AUD,2026-06-19T00:12:21Z,settled
TXN-000670,ACC-0081,CARD-0018,MCH-0116,online,86.34,AUD,2026-06-19T14:48:53Z,settled
TXN-000671,ACC-0171,CARD-0188,,pos,163.76,AUD,2026-06-08T08:16:27Z,settled
TXN-000672,ACC-0061,CARD-0137,MCH-0038,atm,53.44,AUD,2026-06-10T09:59:43Z,settled
TXN-000673,ACC-0005,CARD-0055,MCH-0023,atm,271.97,USD,2026-06-18T17:08:02Z,authorized
TXN-000674,ACC-0054,CARD-0162,MCH-0025,atm,-376.55,AUD,2026-06-14T11:14:40Z,settled
TXN-000675,ACC-0119,CARD-0028,MCH-0109,atm,385.96,AUD,2026-06-19T04:25:22Z,settled
TXN-000676,ACC-0052,CARD-0152,MCH-0144,online,235.63,AUD,2026-06-13T15:03:01Z,settled
TXN-000677,ACC-0102,CARD-0211,MCH-0147,online,367.90,AUD,2026-07-02T19:47:11Z,settled
TXN-000678,ACC-0221,CARD-0133,MCH-0052,online,138.55,AUD,2026-07-01T04:30:31Z,reversed
TXN-000679,ACC-0035,CARD-0115,MCH-0053,pos,379.41,AUD,2026-06-10T19:40:59Z,settled
TXN-000680,ACC-0127,CARD-0235,MCH-0181,pos,107.68,AUD,2026-06-18T01:58:11Z,settled
TXN-000681,ACC-0079,CARD-0007,MCH-0051,atm,464.28,USD,2026-07-01T08:56:38Z,authorized
TXN-000682,ACC-0084,CARD-0254,MCH-0004,mobile,191.11,AUD,2026-06-27T17:54:22Z,authorized
TXN-000683,ACC-0190,CARD-0016,MCH-0166,online,208.55,AUD,2026-06-06T21:22:43Z,declined
TXN-000684,ACC-0103,CARD-0089,,online,231.31,USD,2026-06-08T11:03:06Z,settled
TXN-000685,ACC-0151,CARD-0223,MCH-0176,pos,354.33,AUD,2026-06-12T01:22:28Z,reversed
TXN-000686,ACC-0066,CARD-0170,MCH-0148,mobile,440.76,AUD,2026-06-21T20:31:21Z,settled
TXN-000687,ACC-0097,CARD-0057,MCH-0004,online,64.97,AUD,2026-06-10T05:12:04Z,settled
TXN-000688,ACC-0007,CARD-0063,MCH-0135,atm,147.63,AUD,2026-06-10T08:23:31Z,settled
TXN-000513,ACC-0121,CARD-0123,MCH-0035,mobile,431.30,AUD,2026-06-29T20:27:48Z,settled
TXN-000689,ACC-0158,CARD-0225,MCH-0121,atm,346.96,AUD,2026-06-14T21:10:45Z,settled
TXN-000690,ACC-0112,CARD-0222,MCH-0166,pos,248.83,AUD,2026-06-10T12:12:46Z,settled
TXN-000691,ACC-0134,CARD-0190,MCH-0174,online,133.46,AUD,2026-06-10T03:58:33Z,settled
TXN-000692,ACC-0202,CARD-0063,MCH-0054,atm,-177.77,AUD,2026-06-21T19:11:49Z,authorized
TXN-000693,ACC-0215,CARD-0209,MCH-0068,atm,221.48,AUD,2026-07-01T21:00:38Z,authorized
TXN-000694,ACC-0171,CARD-0144,MCH-0169,pos,51.03,USD,2026-06-17T10:56:34Z,settled
TXN-000695,ACC-9999,CARD-0129,MCH-0089,pos,-209.86,AUD,2026-06-29T10:32:49Z,settled
TXN-000696,ACC-0055,CARD-0016,MCH-0186,mobile,139.37,AUD,2026-07-03T06:38:53Z,settled
TXN-000697,ACC-0111,CARD-0023,MCH-0052,online,153.82,AUD,2026-07-05T16:25:46Z,authorized
TXN-000698,ACC-0130,CARD-0061,MCH-0105,online,224.51,AUD,2026-06-24T03:49:24Z,settled
TXN-000699,ACC-0112,CARD-0066,MCH-0064,online,259.65,AUD,2026-06-23T18:07:55Z,declined
TXN-000700,ACC-0124,CARD-0077,MCH-0029,pos,431.99,NZD,2026-08-16T16:02:30Z,declined
TXN-000701,ACC-0041,CARD-0024,MCH-0156,online,59.54,AUD,2026-06-14T18:12:26Z,settled
TXN-000702,ACC-0057,CARD-0239,MCH-0137,mobile,265.24,AUD,2026-07-02T10:55:44Z,settled
TXN-000703,ACC-0185,CARD-0179,MCH-0083,atm,-352.76,AUD,2026-07-03T00:20:28Z,settled
TXN-000704,ACC-0176,CARD-0257,MCH-0183,pos,219.26,AUD,2026-07-01T13:18:36Z,authorized
TXN-000705,ACC-0027,CARD-0229,MCH-0064,mobile,282.70,AUD,2026-07-03T01:52:04Z,settled
TXN-000706,ACC-0043,CARD-0203,MCH-0093,pos,305.16,AUD,2026-06-11T21:31:48Z,settled
TXN-000707,ACC-0081,CARD-0076,MCH-0194,mobile,226.23,AUD,2026-07-01T07:51:19Z,settled
TXN-000708,ACC-0202,CARD-0068,MCH-0011,mobile,497.72,AUD,2026-06-26T00:20:30Z,settled
TXN-000537,ACC-0132,CARD-0027,MCH-0106,atm,365.06,AUD,2026-06-20T19:13:44Z,settled
TXN-000709,ACC-0081,CARD-0123,MCH-0127,pos,269.09,AUD,2026-06-24T18:15:31Z,settled
TXN-000710,ACC-0062,CARD-0267,MCH-0197,pos,407.65,AUD,2026-06-26T07:21:50Z,settled
TXN-000711,ACC-0219,CARD-0118,,online,-252.29,USD,2026-06-21T10:46:53Z,declined
TXN-000712,ACC-0013,CARD-0074,MCH-0191,pos,25.43,AUD,2026-06-13T11:03:55Z,settled
TXN-000713,ACC-0036,CARD-0109,MCH-0080,pos,19.12,AUD,2026-06-11T18:55:05Z,settled
TXN-000714,ACC-0115,CARD-0074,MCH-0099,pos,265.06,AUD,2026-06-28T20:03:23Z,settled
TXN-000715,ACC-0146,CARD-0211,MCH-0135,online,370.20,AUD,2027-07-06T01:43:55Z,settled
TXN-000716,ACC-9999,CARD-9999,MCH-0020,online,58.17,AUD,2026-06-19T23:11:18Z,settled
TXN-000717,ACC-0094,CARD-0219,,pos,96.06,AUD,2026-06-22T21:30:08Z,settled
TXN-000718,ACC-0121,CARD-0139,MCH-0106,mobile,-374.89,AUD,2026-06-21T14:48:45Z,settled
TXN-000719,ACC-0173,CARD-0152,MCH-0136,mobile,412.73,AUD,2026-07-03T04:59:24Z,settled
TXN-000720,ACC-0182,CARD-0156,MCH-0199,mobile,-477.21,AUD,2026-06-24T05:32:06Z,settled
TXN-000721,ACC-0074,CARD-0194,MCH-0115,pos,488.31,NZD,2026-07-01T17:40:03Z,settled
TXN-000722,ACC-0197,CARD-0051,MCH-0034,atm,485.70,AUD,2026-06-22T19:14:20Z,settled
TXN-000723,ACC-0173,CARD-0156,MCH-0142,mobile,93.06,AUD,2027-05-29T17:32:28Z,settled
TXN-000724,ACC-0062,CARD-0102,MCH-0128,pos,-69.82,AUD,2026-06-29T05:07:39Z,settled
TXN-000725,ACC-0083,CARD-0092,MCH-0045,mobile,-81.98,SGD,2026-06-18T19:33:42Z,declined
TXN-000726,ACC-9999,CARD-9999,MCH-0197,online,128.02,AUD,2026-08-02T21:08:13Z,settled
TXN-000727,ACC-0201,CARD-0222,MCH-0098,atm,189.98,AUD,2026-07-02T10:27:11Z,settled
TXN-000728,ACC-0081,CARD-0067,MCH-0172,mobile,218.74,USD,2026-06-18T08:23:29Z,declined
TXN-000729,ACC-0048,CARD-0105,MCH-0013,pos,442.17,AUD,2026-10-26T06:11:00Z,settled
TXN-000730,ACC-0094,CARD-0127,MCH-0139,pos,398.55,AUD,2027-04-16T09:25:26Z,settled
TXN-000731,ACC-0169,CARD-0109,,online,399.42,AUD,2026-06-26T15:00:52Z,settled
TXN-000732,ACC-0151,CARD-0158,MCH-0014,mobile,484.99,AUD,2026-06-20T14:54:24Z,settled
TXN-000733,ACC-0176,CARD-0180,MCH-0150,online,90.24,AUD,2026-06-20T11:31:53Z,settled
TXN-000734,ACC-0039,CARD-0268,MCH-0122,online,410.01,AUD,2026-06-06T18:18:00Z,declined
TXN-000735,ACC-9999,CARD-9999,MCH-0005,online,3.10,AUD,2026-06-18T06:16:23Z,settled
TXN-000736,ACC-0102,CARD-0089,MCH-0168,mobile,431.61,AUD,2026-07-04T05:26:40Z,authorized
TXN-000558,ACC-0162,CARD-0148,MCH-0199,mobile,272.89,AUD,2026-06-15T09:57:44Z,settled
TXN-000737,ACC-9999,CARD-9999,MCH-0173,atm,198.09,AUD,2026-06-05T14:31:07Z,authorized
TXN-000738,ACC-0197,CARD-0004,MCH-0053,online,6.30,AUD,2026-06-12T13:31:11Z,refunded
TXN-000739,ACC-0057,CARD-0044,MCH-0080,atm,28.55,AUD,2026-06-23T13:20:00Z,settled
TXN-000740,ACC-0142,CARD-0175,MCH-0161,mobile,71.64,AUD,2026-06-25T15:28:39Z,declined
TXN-000741,ACC-0173,CARD-0264,MCH-0116,pos,304.11,AUD,2026-06-22T15:14:54Z,settled
TXN-000742,ACC-0078,CARD-0252,MCH-0103,mobile,168.03,AUD,2026-06-20T11:35:47Z,settled
TXN-000743,ACC-0072,CARD-0102,MCH-0134,online,298.78,AUD,2026-06-19T05:22:57Z,authorized
TXN-000744,ACC-0074,CARD-0239,MCH-0146,online,217.95,AUD,2026-06-26T06:13:53Z,settled
TXN-000745,ACC-0102,CARD-0146,MCH-0115,online,237.55,AUD,2026-06-07T10:42:44Z,reversed
TXN-000746,ACC-0183,CARD-0153,MCH-0080,pos,466.84,AUD,2026-06-29T03:30:36Z,settled
TXN-000747,ACC-0207,CARD-0083,MCH-0182,pos,167.38,USD,2026-06-13T17:32:38Z,settled
TXN-000748,ACC-0100,CARD-0267,MCH-0154,atm,447.71,AUD,2026-06-13T20:23:19Z,settled
TXN-000749,ACC-0099,CARD-0006,MCH-0019,online,139.50,AUD,2026-06-28T01:10:06Z,settled
TXN-000607,ACC-0009,CARD-0104,MCH-0101,pos,365.18,AUD,2026-06-28T19:09:09Z,settled
TXN-000750,ACC-0190,CARD-0192,MCH-0009,pos,233.09,AUD,2026-06-26T13:34:43Z,settled
TXN-000751,ACC-0213,CARD-0129,MCH-0143,online,368.88,AUD,2027-06-24T11:00:34Z,settled
TXN-000698,ACC-0130,CARD-0061,MCH-0105,online,224.51,AUD,2026-06-24T03:49:24Z,settled
TXN-000752,ACC-0036,CARD-0213,MCH-0106,online,425.49,AUD,2026-07-05T21:41:54Z,reversed
TXN-000753,ACC-0017,CARD-0150,MCH-0024,pos,473.08,AUD,2026-06-29T22:13:18Z,settled
TXN-000754,ACC-0152,CARD-0140,MCH-0016,pos,268.02,AUD,2026-06-17T15:07:29Z,settled
TXN-000755,ACC-0054,CARD-0057,MCH-0169,atm,366.13,AUD,2026-06-14T21:40:46Z,settled
TXN-000756,ACC-0202,CARD-0193,MCH-0195,atm,113.98,AUD,2026-06-09T01:29:34Z,settled
TXN-000757,ACC-0126,CARD-0253,MCH-0049,online,337.53,AUD,2026-06-08T05:30:44Z,settled
TXN-000758,ACC-0173,CARD-0268,MCH-0022,online,174.35,SGD,2026-06-20T07:43:00Z,settled
TXN-000759,ACC-0132,CARD-0189,MCH-0104,mobile,387.33,AUD,2026-06-27T10:59:22Z,settled
TXN-000760,ACC-0002,CARD-0014,MCH-0141,atm,451.94,AUD,2026-06-11T14:08:17Z,settled
TXN-000761,ACC-0181,CARD-0034,MCH-0083,pos,97.80,AUD,2026-06-05T16:35:20Z,settled
TXN-000762,ACC-0208,CARD-0244,MCH-0070,atm,177.39,AUD,2026-06-11T01:01:31Z,settled
TXN-000763,ACC-0164,CARD-0048,MCH-0090,mobile,259.59,AUD,2026-06-25T06:30:27Z,authorized
TXN-000764,ACC-0187,CARD-0089,MCH-0175,atm,352.64,AUD,2026-06-09T11:37:58Z,settled
TXN-000765,ACC-0010,CARD-0251,MCH-0040,online,70.31,GBP,2026-06-19T20:57:38Z,settled
TXN-000766,ACC-0217,CARD-0266,MCH-0102,mobile,-352.80,AUD,2026-06-19T06:07:34Z,settled
TXN-000767,ACC-0157,CARD-0091,MCH-0071,pos,83.39,USD,2026-06-29T02:10:05Z,settled
TXN-000768,ACC-9999,CARD-9999,MCH-0020,pos,195.35,AUD,2026-06-19T21:49:53Z,authorized
TXN-000769,ACC-0106,CARD-0030,MCH-0088,pos,369.98,AUD,2026-06-19T15:22:31Z,settled
TXN-000770,ACC-0130,CARD-0212,MCH-0093,online,444.08,AUD,2026-06-25T04:15:17Z,authorized
TXN-000771,ACC-0107,CARD-0109,MCH-0063,online,-118.41,AUD,2026-06-20T22:59:59Z,settled
TXN-000772,ACC-0218,CARD-0253,MCH-0159,pos,308.89,AUD,2026-07-05T03:51:02Z,settled
TXN-000773,ACC-0009,CARD-0259,MCH-0098,mobile,218.72,AUD,2026-06-17T03:59:42Z,settled
TXN-000774,ACC-0065,CARD-0019,MCH-0179,pos,111.13,AUD,2026-06-22T12:33:39Z,refunded
TXN-000775,ACC-0156,CARD-0096,,mobile,190.62,AUD,2026-07-02T06:18:01Z,settled
TXN-000776,ACC-0199,CARD-0131,MCH-0184,mobile,223.61,AUD,2026-06-23T03:46:05Z,declined
TXN-000777,ACC-0141,CARD-0138,MCH-0068,mobile,189.64,AUD,2026-06-18T19:25:57Z,settled
TXN-000778,ACC-0091,CARD-0158,MCH-0162,online,390.98,AUD,2026-06-13T15:27:37Z,settled
TXN-000779,ACC-0119,CARD-0180,MCH-0030,atm,-255.10,AUD,2026-06-17T19:29:29Z,reversed
TXN-000780,ACC-0078,CARD-0254,MCH-0147,atm,451.32,AUD,2026-06-17T17:05:50Z,authorized
TXN-000781,ACC-0155,CARD-0029,MCH-0088,pos,-348.02,AUD,2027-03-30T11:43:23Z,settled
TXN-000782,ACC-0195,CARD-0123,MCH-0097,mobile,141.29,USD,2026-06-28T21:33:01Z,settled
TXN-000783,ACC-0045,CARD-0256,MCH-0116,mobile,254.34,AUD,2026-06-17T02:20:02Z,settled
TXN-000784,ACC-0110,CARD-0243,MCH-0106,online,284.49,AUD,2026-06-28T15:21:37Z,settled
TXN-000785,ACC-0146,CARD-0169,MCH-0067,pos,498.39,AUD,2026-06-17T11:11:01Z,authorized
TXN-000786,ACC-0133,CARD-0100,MCH-0081,pos,120.28,AUD,2026-06-26T01:29:45Z,settled
TXN-000787,ACC-9999,CARD-9999,,mobile,320.57,AUD,2026-06-28T12:45:17Z,settled
TXN-000788,ACC-0086,CARD-0149,MCH-0169,online,133.69,AUD,2027-07-05T15:02:04Z,settled
TXN-000789,ACC-0091,CARD-0264,MCH-0089,mobile,472.35,AUD,2026-07-02T05:53:41Z,settled
TXN-000790,ACC-0087,CARD-0113,MCH-0172,mobile,191.20,SGD,2026-06-11T17:48:17Z,settled
TXN-000791,ACC-0122,CARD-0233,MCH-0089,atm,334.70,AUD,2026-06-14T13:35:55Z,declined
TXN-000792,ACC-0028,CARD-0206,MCH-0178,mobile,318.33,AUD,2026-06-30T02:02:02Z,settled
TXN-000793,ACC-0035,CARD-0085,MCH-0040,pos,228.94,AUD,2026-06-08T13:05:33Z,authorized
TXN-000794,ACC-0123,CARD-0067,MCH-0179,online,309.79,AUD,2026-06-16T05:27:43Z,settled
TXN-000795,ACC-0042,CARD-0009,MCH-0130,atm,-242.73,AUD,2027-06-18T21:32:48Z,declined
TXN-000796,ACC-0141,CARD-0093,MCH-0116,atm,411.42,AUD,2026-07-03T07:54:25Z,settled
TXN-000797,ACC-0064,CARD-0147,MCH-0152,mobile,298.46,AUD,2026-06-26T12:54:18Z,settled
TXN-000798,ACC-0015,CARD-0196,MCH-0130,online,127.17,USD,2026-06-15T01:01:44Z,settled
TXN-000799,ACC-0213,CARD-0065,MCH-0044,pos,280.77,NZD,2026-06-26T15:49:09Z,settled
TXN-000800,ACC-0065,CARD-0026,MCH-0143,pos,154.66,AUD,2026-06-15T05:32:21Z,authorized
TXN-000801,ACC-0213,CARD-0017,MCH-0180,atm,364.98,AUD,2026-06-15T15:47:27Z,settled
TXN-000802,ACC-0194,CARD-0239,MCH-0194,mobile,107.61,AUD,2026-06-05T01:48:16Z,authorized
TXN-000803,ACC-0153,CARD-0087,MCH-0128,mobile,277.91,AUD,2026-06-18T20:04:21Z,settled
TXN-000804,ACC-0065,CARD-0228,MCH-0171,online,489.44,AUD,2027-01-17T07:28:12Z,settled
TXN-000805,ACC-0028,CARD-0044,MCH-0162,mobile,189.08,AUD,2026-07-04T18:12:28Z,settled
TXN-000806,ACC-0079,CARD-0004,MCH-0058,mobile,462.13,AUD,2026-06-16T11:22:18Z,settled
TXN-000807,ACC-0202,CARD-0026,MCH-0029,mobile,323.61,AUD,2026-07-01T20:17:06Z,settled
TXN-000808,ACC-0102,CARD-0149,MCH-0003,pos,339.95,AUD,2026-06-17T12:15:42Z,settled
TXN-000809,ACC-0138,CARD-0182,MCH-0168,mobile,128.38,AUD,2026-06-10T08:42:24Z,settled
TXN-000626,ACC-0023,CARD-0081,MCH-0106,mobile,220.94,AUD,2026-06-08T15:04:03Z,settled
TXN-000810,ACC-0136,CARD-0210,MCH-0167,atm,49.73,AUD,2026-07-05T21:03:12Z,settled
TXN-000811,ACC-0167,CARD-0142,MCH-0107,mobile,247.09,USD,2026-07-03T05:02:56Z,settled
TXN-000812,ACC-0160,CARD-0067,MCH-0140,pos,442.93,AUD,2026-06-19T07:35:33Z,settled
TXN-000813,ACC-9999,CARD-9999,MCH-0022,mobile,173.90,AUD,2026-06-15T13:01:37Z,settled
TXN-000814,ACC-0211,CARD-0164,MCH-0103,pos,113.31,AUD,2026-07-01T12:32:33Z,settled
TXN-000815,ACC-0111,CARD-0229,MCH-0054,mobile,-104.05,AUD,2026-06-21T03:31:59Z,declined
TXN-000816,ACC-0075,CARD-0084,MCH-0071,pos,335.39,AUD,2026-06-30T17:46:56Z,settled
TXN-000817,ACC-0056,CARD-0135,MCH-0085,atm,111.55,AUD,2026-06-22T08:44:04Z,settled
TXN-000818,ACC-0223,CARD-0171,MCH-0152,pos,158.97,AUD,2026-06-16T06:56:18Z,settled
TXN-000819,ACC-0088,CARD-0138,MCH-0048,atm,348.46,AUD,2026-06-19T22:15:32Z,settled
TXN-000820,ACC-0032,CARD-0228,MCH-0163,atm,239.90,AUD,2026-07-04T07:30:24Z,settled
TXN-000821,ACC-0042,CARD-0189,,online,148.04,AUD,2026-06-16T22:35:06Z,declined
TXN-000694,ACC-0171,CARD-0144,MCH-0169,pos,51.03,USD,2026-06-17T10:56:34Z,settled
TXN-000822,ACC-9999,CARD-9999,MCH-0084,atm,147.15,SGD,2026-06-23T01:09:08Z,settled
TXN-000823,ACC-0090,CARD-0161,MCH-0112,mobile,229.18,AUD,2026-06-22T16:55:21Z,settled
TXN-000824,ACC-0218,CARD-0012,MCH-0070,atm,195.52,AUD,2026-06-06T12:50:29Z,settled
TXN-000825,ACC-0046,CARD-0154,MCH-0011,online,244.72,AUD,2026-06-08T09:58:54Z,settled
TXN-000826,ACC-0049,CARD-0004,MCH-0142,online,-471.51,AUD,2026-06-22T04:01:30Z,settled
TXN-000827,ACC-0172,CARD-0088,MCH-0133,pos,330.01,AUD,2026-07-05T15:19:32Z,settled
TXN-000828,ACC-0099,CARD-0259,MCH-0130,pos,383.29,AUD,2026-06-12T22:56:52Z,declined
TXN-000829,ACC-0033,CARD-0267,MCH-0042,pos,457.69,AUD,2026-07-03T02:41:04Z,settled
TXN-000830,ACC-0160,CARD-0248,MCH-0052,atm,-90.00,AUD,2026-06-05T10:26:57Z,settled
TXN-000831,ACC-0038,CARD-0046,MCH-0124,online,431.69,AUD,2026-06-06T17:54:38Z,settled
TXN-000832,ACC-0033,CARD-0069,MCH-0153,mobile,344.69,AUD,2026-06-06T01:26:15Z,settled
TXN-000833,ACC-0182,CARD-0256,MCH-0101,pos,285.14,AUD,2026-06-24T18:12:07Z,settled
TXN-000834,ACC-0214,CARD-0174,MCH-0064,mobile,198.80,AUD,2026-06-30T10:26:36Z,settled
TXN-000835,ACC-0157,CARD-0095,,mobile,180.89,GBP,2026-06-17T00:08:17Z,settled
TXN-000836,ACC-0197,CARD-0221,,atm,458.85,AUD,2026-06-23T03:33:41Z,settled
TXN-000837,ACC-9999,CARD-9999,MCH-0187,mobile,367.08,AUD,2026-06-09T07:07:40Z,settled
TXN-000838,ACC-0007,CARD-0123,MCH-0186,mobile,203.74,AUD,2026-12-28T06:57:12Z,settled
TXN-000839,ACC-0028,CARD-0213,MCH-0147,atm,392.94,AUD,2026-06-17T15:52:55Z,declined
TXN-000840,ACC-0011,CARD-0026,MCH-0033,mobile,211.96,AUD,2026-06-30T00:07:00Z,settled
TXN-000841,ACC-0085,CARD-0222,MCH-0055,pos,267.99,USD,2026-06-16T20:44:57Z,settled
TXN-000842,ACC-0110,CARD-0151,MCH-0078,online,399.72,USD,2026-06-11T09:54:23Z,settled
TXN-000843,ACC-0174,CARD-0266,MCH-0124,mobile,266.06,AUD,2026-06-30T03:33:23Z,reversed
TXN-000844,ACC-0211,CARD-0213,MCH-0033,pos,148.56,AUD,2026-07-02T12:07:08Z,declined
TXN-000845,ACC-0152,CARD-0238,MCH-0003,online,125.85,AUD,2027-05-12T20:12:43Z,authorized
TXN-000846,ACC-0027,CARD-0033,MCH-0062,mobile,378.24,AUD,2027-01-27T15:38:29Z,settled
TXN-000847,ACC-0112,CARD-0261,MCH-0065,online,53.90,AUD,2026-06-16T17:58:43Z,settled
TXN-000848,ACC-0153,CARD-0244,MCH-0053,atm,173.16,USD,2026-06-12T23:18:35Z,settled
TXN-000849,ACC-0082,CARD-0202,MCH-0174,atm,-239.77,USD,2026-06-07T03:38:54Z,settled
TXN-000850,ACC-0090,CARD-0061,MCH-0098,pos,249.26,AUD,2026-07-05T07:51:47Z,settled
TXN-000851,ACC-0196,CARD-0140,MCH-0013,online,448.04,AUD,2026-06-30T09:28:28Z,settled
TXN-000852,ACC-0148,CARD-0032,MCH-0129,mobile,148.07,AUD,2026-07-01T16:24:06Z,declined
TXN-000853,ACC-0176,CARD-0040,MCH-0072,pos,234.14,AUD,2026-06-25T03:44:41Z,settled
TXN-000854,ACC-0077,CARD-0047,MCH-0083,mobile,23.89,AUD,2026-06-23T07:21:31Z,settled
TXN-000855,ACC-0045,CARD-0203,MCH-0059,online,366.65,NZD,2026-06-12T07:11:33Z,settled
TXN-000654,ACC-0162,CARD-0072,MCH-0144,online,257.60,AUD,2026-06-08T22:50:07Z,settled
TXN-000856,ACC-0119,CARD-0261,MCH-0012,atm,155.25,AUD,2026-06-07T06:16:30Z,authorized
TXN-000857,ACC-0062,CARD-0206,MCH-0110,pos,84.76,AUD,2026-06-07T10:32:23Z,settled
TXN-000858,ACC-0222,CARD-0238,MCH-0178,mobile,67.68,NZD,2026-06-09T22:45:44Z,settled
TXN-000859,ACC-0216,CARD-0257,,pos,59.10,NZD,2026-06-26T17:01:22Z,settled
TXN-000860,ACC-0161,CARD-0067,MCH-0159,online,137.04,AUD,2026-07-03T10:27:04Z,authorized
TXN-000861,ACC-0155,CARD-0067,,atm,493.37,AUD,2026-07-01T02:40:40Z,settled
TXN-000862,ACC-0011,CARD-0060,MCH-0042,online,155.30,NZD,2027-01-26T08:46:41Z,authorized
TXN-000863,ACC-0044,CARD-0136,MCH-0045,atm,145.90,AUD,2026-06-29T04:58:15Z,declined
TXN-000864,ACC-0212,CARD-0090,MCH-0119,online,345.14,AUD,2026-07-05T00:35:13Z,settled
TXN-000865,ACC-0176,CARD-0005,MCH-0188,mobile,136.22,AUD,2026-06-27T00:00:16Z,settled
TXN-000866,ACC-0015,CARD-0202,MCH-0191,online,317.02,AUD,2026-07-01T04:58:14Z,settled
TXN-000867,ACC-0133,CARD-0084,MCH-0137,online,203.50,AUD,2026-06-17T19:41:53Z,settled
TXN-000799,ACC-0213,CARD-0065,MCH-0044,pos,280.77,NZD,2026-06-26T15:49:09Z,settled
TXN-000868,ACC-0008,CARD-0198,MCH-0072,mobile,483.49,AUD,2026-06-25T23:45:04Z,settled
TXN-000869,ACC-0131,CARD-0151,MCH-0116,pos,438.08,AUD,2026-06-14T01:10:25Z,settled
TXN-000870,ACC-0061,CARD-0007,MCH-0105,mobile,316.52,AUD,2026-06-25T13:40:21Z,settled
TXN-000871,ACC-0186,CARD-0195,MCH-0078,atm,59.57,AUD,2026-06-28T12:41:29Z,settled
TXN-000872,ACC-0051,CARD-0164,MCH-0092,online,423.16,AUD,2026-06-05T08:09:21Z,settled
TXN-000873,ACC-9999,CARD-9999,MCH-0156,online,-239.63,SGD,2026-06-16T09:37:10Z,settled
TXN-000874,ACC-0112,CARD-0257,MCH-0023,pos,169.82,AUD,2026-06-27T08:49:17Z,settled
TXN-000875,ACC-0122,CARD-0140,MCH-0006,mobile,295.81,AUD,2026-10-10T15:29:42Z,settled
TXN-000876,ACC-0112,CARD-0161,MCH-0122,online,464.84,USD,2026-06-16T22:38:19Z,reversed
TXN-000877,ACC-0002,CARD-0093,MCH-0033,mobile,117.50,AUD,2026-06-20T02:43:07Z,settled
TXN-000878,ACC-0125,CARD-0046,MCH-0022,online,209.36,SGD,2026-06-30T20:01:53Z,settled
TXN-000879,ACC-0091,CARD-0174,MCH-0076,pos,387.35,AUD,2026-06-20T16:46:29Z,declined
TXN-000880,ACC-0217,CARD-0186,MCH-0005,mobile,367.04,AUD,2026-06-20T18:50:28Z,settled
TXN-000881,ACC-0130,CARD-0248,MCH-0146,mobile,371.72,AUD,2026-06-16T10:40:47Z,settled
TXN-000882,ACC-0186,CARD-0115,MCH-0132,mobile,-326.17,USD,2026-06-24T17:01:07Z,settled
TXN-000883,ACC-0224,CARD-0136,MCH-0117,online,-361.36,AUD,2026-06-24T14:36:34Z,settled
TXN-000884,ACC-0212,CARD-0247,MCH-0088,online,178.01,AUD,2026-07-01T00:12:41Z,settled
TXN-000885,ACC-0093,CARD-0039,MCH-0183,atm,302.84,AUD,2026-06-15T08:58:17Z,settled
TXN-000886,ACC-0191,CARD-0052,,mobile,466.22,AUD,2026-06-17T23:46:21Z,settled
TXN-000887,ACC-0138,CARD-0185,MCH-0178,mobile,497.61,AUD,2026-06-25T17:44:02Z,settled
TXN-000888,ACC-0018,CARD-0233,MCH-0166,atm,182.69,AUD,2026-06-22T12:26:18Z,settled
TXN-000889,ACC-0133,CARD-0148,MCH-0091,online,144.02,AUD,2026-06-28T02:11:38Z,authorized
TXN-000890,ACC-0119,CARD-0206,MCH-0099,online,124.10,AUD,2026-06-21T07:11:33Z,settled
TXN-000891,ACC-0032,CARD-0196,MCH-0150,mobile,177.64,AUD,2026-07-02T12:05:20Z,settled
TXN-000741,ACC-0173,CARD-0264,MCH-0116,pos,304.11,AUD,2026-06-22T15:14:54Z,settled
TXN-000892,ACC-0211,CARD-0066,MCH-0152,pos,376.80,AUD,2026-06-23T22:54:07Z,authorized
TXN-000893,ACC-0143,CARD-0260,MCH-0010,online,465.31,GBP,2026-06-21T10:00:19Z,settled
TXN-000894,ACC-0104,CARD-0056,MCH-0094,pos,290.22,AUD,2026-06-17T16:26:08Z,settled
TXN-000895,ACC-0051,CARD-0142,MCH-0018,pos,105.69,AUD,2026-06-26T22:40:14Z,declined
TXN-000896,ACC-0001,CARD-0224,MCH-0138,mobile,331.68,AUD,2026-06-25T22:25:01Z,declined
TXN-000897,ACC-0169,CARD-0011,,online,-175.20,AUD,2026-06-27T04:47:01Z,settled
TXN-000898,ACC-0171,CARD-0094,MCH-0134,online,378.03,AUD,2026-06-27T15:40:24Z,settled
TXN-000899,ACC-0037,CARD-0029,MCH-0013,pos,196.10,USD,2026-06-15T17:07:46Z,settled
TXN-000840,ACC-0011,CARD-0026,MCH-0033,mobile,211.96,AUD,2026-06-30T00:07:00Z,settled
TXN-000900,ACC-9999,CARD-9999,MCH-0106,atm,239.13,AUD,2026-07-02T21:04:26Z,settled
TXN-000901,ACC-0132,CARD-0110,MCH-0066,mobile,384.00,AUD,2026-06-29T06:57:28Z,settled
TXN-000655,ACC-0014,CARD-0242,MCH-0159,mobile,363.71,AUD,2026-07-04T08:22:44Z,settled
TXN-000902,ACC-0220,CARD-0131,MCH-0190,atm,62.14,GBP,2026-06-13T15:42:56Z,settled
TXN-000903,ACC-0148,CARD-0106,MCH-0199,atm,460.71,AUD,2026-06-08T07:56:09Z,authorized
TXN-000904,ACC-0075,CARD-0070,MCH-0197,atm,365.89,AUD,2026-06-20T00:06:51Z,settled
TXN-000905,ACC-0151,CARD-0074,MCH-0021,online,370.32,SGD,2026-06-08T13:31:52Z,settled
TXN-000906,ACC-0094,CARD-0104,MCH-0175,online,225.73,AUD,2026-06-13T05:21:21Z,settled
TXN-000907,ACC-0001,CARD-0155,MCH-0126,atm,334.70,AUD,2026-06-17T19:21:53Z,declined
TXN-000782,ACC-0195,CARD-0123,MCH-0097,mobile,141.29,USD,2026-06-28T21:33:01Z,settled
TXN-000908,ACC-0134,CARD-0234,MCH-0063,online,-259.49,AUD,2026-06-16T16:28:06Z,settled
TXN-000909,ACC-0122,CARD-0043,MCH-0055,pos,307.84,AUD,2026-10-26T08:54:05Z,declined
TXN-000910,ACC-0173,CARD-0268,MCH-0133,online,-133.64,AUD,2026-07-04T02:44:05Z,settled
TXN-000911,ACC-0200,CARD-0113,MCH-0198,pos,234.77,AUD,2026-11-26T18:48:43Z,authorized
TXN-000912,ACC-0215,CARD-0085,MCH-0010,online,-35.32,AUD,2026-07-04T06:59:45Z,settled
TXN-000913,ACC-0054,CARD-0123,MCH-0170,online,211.92,AUD,2027-06-04T04:40:06Z,declined
TXN-000898,ACC-0171,CARD-0094,MCH-0134,online,378.03,AUD,2026-06-27T15:40:24Z,settled
TXN-000914,ACC-0216,CARD-0187,MCH-0176,mobile,19.81,AUD,2026-06-25T14:02:12Z,settled
TXN-000915,ACC-0122,CARD-0210,,mobile,41.59,AUD,2026-06-22T14:45:00Z,settled
TXN-000881,ACC-0130,CARD-0248,MCH-0146,mobile,371.72,AUD,2026-06-16T10:40:47Z,settled
TXN-000916,ACC-0136,CARD-0147,MCH-0138,atm,37.84,AUD,2026-06-28T10:09:30Z,settled
TXN-000917,ACC-0201,CARD-0051,MCH-0014,atm,346.62,AUD,2026-06-06T12:18:49Z,settled
TXN-000759,ACC-0132,CARD-0189,MCH-0104,mobile,387.33,AUD,2026-06-27T10:59:22Z,settled
TXN-000918,ACC-9999,CARD-9999,MCH-0134,pos,183.03,AUD,2026-06-21T19:04:37Z,settled
TXN-000919,ACC-0083,CARD-0209,MCH-0175,online,427.83,AUD,2026-07-03T16:07:20Z,settled
TXN-000920,ACC-0050,CARD-0090,MCH-0086,mobile,229.26,AUD,2026-06-20T05:01:16Z,settled
TXN-000921,ACC-0186,CARD-0046,MCH-0087,mobile,300.51,AUD,2026-06-29T15:31:00Z,settled
TXN-000922,ACC-0112,CARD-0008,MCH-0014,online,193.68,AUD,2026-06-18T12:11:44Z,authorized
TXN-000923,ACC-0067,CARD-0233,MCH-0014,pos,361.91,AUD,2026-07-02T05:04:31Z,settled
TXN-000924,ACC-0188,CARD-0120,MCH-0086,atm,241.03,AUD,2026-06-19T05:30:23Z,settled
TXN-000702,ACC-0057,CARD-0239,MCH-0137,mobile,265.24,AUD,2026-07-02T10:55:44Z,settled
TXN-000925,ACC-0032,CARD-0232,MCH-0118,atm,403.91,AUD,2026-06-08T04:34:02Z,authorized
TXN-000926,ACC-0048,CARD-0014,MCH-0123,online,233.51,AUD,2026-06-11T22:14:05Z,settled
TXN-000927,ACC-0055,CARD-0265,MCH-0117,mobile,-205.22,AUD,2026-06-05T15:55:22Z,declined
TXN-000928,ACC-0146,CARD-0133,MCH-0037,pos,166.05,AUD,2026-07-02T02:40:51Z,settled
TXN-000929,ACC-0130,CARD-0159,MCH-0114,online,269.76,AUD,2026-06-17T12:31:15Z,settled
TXN-000930,ACC-0114,CARD-0025,MCH-0181,atm,111.80,AUD,2026-07-07T10:27:19Z,authorized
TXN-000931,ACC-0090,CARD-0054,MCH-0038,mobile,429.79,AUD,2026-06-12T08:22:35Z,refunded
TXN-000932,ACC-9999,CARD-9999,MCH-0119,atm,61.19,AUD,2026-06-23T02:32:12Z,settled
TXN-000933,ACC-0212,CARD-0151,MCH-0047,online,300.62,AUD,2026-07-05T06:14:57Z,settled
TXN-000934,ACC-0080,CARD-0202,MCH-0172,mobile,67.46,AUD,2026-06-23T14:03:50Z,settled
TXN-000935,ACC-0195,CARD-0126,MCH-0007,atm,244.60,AUD,2026-06-26T01:10:37Z,settled
TXN-000936,ACC-0078,CARD-0212,MCH-0077,online,364.50,GBP,2026-07-02T09:56:34Z,settled
TXN-000937,ACC-0151,CARD-0029,MCH-0046,atm,18.54,AUD,2026-06-28T00:12:32Z,authorized
TXN-000938,ACC-0072,CARD-0108,MCH-0007,pos,45.54,AUD,2026-06-24T00:44:15Z,settled
TXN-000939,ACC-0094,CARD-0158,,pos,-398.09,AUD,2026-07-05T09:36:47Z,settled
TXN-000940,ACC-0098,CARD-0178,MCH-0103,pos,227.76,AUD,2026-06-25T08:02:22Z,settled
TXN-000941,ACC-0046,CARD-0248,MCH-0065,atm,-442.68,AUD,2026-06-18T03:26:36Z,settled
TXN-000942,ACC-0060,CARD-0140,MCH-0136,atm,64.57,AUD,2026-06-27T00:54:32Z,settled
TXN-000943,ACC-0151,CARD-0101,MCH-0125,pos,385.44,AUD,2026-06-14T11:34:00Z,settled
TXN-000944,ACC-0155,CARD-0262,MCH-0025,online,180.66,AUD,2026-06-29T03:28:11Z,settled
TXN-000945,ACC-0046,CARD-0242,MCH-0151,pos,-338.86,AUD,2026-06-13T16:27:38Z,settled
TXN-000946,ACC-0080,CARD-0024,MCH-0114,online,68.31,USD,2026-06-13T06:50:10Z,settled
TXN-000947,ACC-0001,CARD-0038,MCH-0115,pos,485.42,AUD,2026-06-18T11:55:53Z,authorized
TXN-000948,ACC-0033,CARD-0034,MCH-0147,atm,219.14,AUD,2026-06-30T08:56:25Z,settled
TXN-000949,ACC-0087,CARD-0250,MCH-0027,atm,137.35,AUD,2026-06-24T17:38:07Z,reversed
TXN-000950,ACC-0214,CARD-0053,MCH-0091,pos,379.49,AUD,2026-06-21T03:56:03Z,settled
TXN-000858,ACC-0222,CARD-0238,MCH-0178,mobile,67.68,NZD,2026-06-09T22:45:44Z,settled
TXN-000951,ACC-0036,CARD-0029,MCH-0182,pos,386.50,AUD,2026-06-06T15:33:45Z,settled
TXN-000952,ACC-0175,CARD-0228,MCH-0013,online,18.99,AUD,2026-06-06T01:57:30Z,reversed
TXN-000953,ACC-0099,CARD-0207,MCH-0025,mobile,328.09,AUD,2026-07-02T21:01:11Z,settled
TXN-000954,ACC-0051,CARD-0136,MCH-0198,atm,313.13,NZD,2026-06-25T19:25:37Z,authorized
TXN-000955,ACC-0002,CARD-0044,MCH-0183,online,177.43,AUD,2026-06-27T13:31:40Z,declined
TXN-000956,ACC-0083,CARD-0136,MCH-0010,mobile,312.76,AUD,2026-07-03T23:11:52Z,declined
TXN-000957,ACC-0113,CARD-0071,MCH-0111,online,190.99,AUD,2026-06-09T12:28:58Z,settled
TXN-000958,ACC-0210,CARD-0032,MCH-0178,pos,215.39,AUD,2026-06-22T14:34:19Z,refunded
TXN-000959,ACC-0055,CARD-0099,MCH-0064,pos,454.96,AUD,2026-07-01T01:07:06Z,declined
TXN-000960,ACC-0176,CARD-0006,MCH-0080,online,46.19,AUD,2026-07-30T07:00:11Z,settled
TXN-000864,ACC-0212,CARD-0090,MCH-0119,online,345.14,AUD,2026-07-05T00:35:13Z,settled
TXN-000961,ACC-0196,CARD-0026,MCH-0115,online,338.96,AUD,2026-06-29T10:13:03Z,settled
TXN-000962,ACC-0159,CARD-0252,MCH-0077,mobile,178.21,AUD,2026-06-15T02:44:56Z,settled
TXN-000963,ACC-0186,CARD-0130,MCH-0073,atm,275.54,AUD,2026-06-10T08:28:06Z,settled
TXN-000964,ACC-0050,CARD-0125,MCH-0133,mobile,89.88,USD,2026-06-22T19:27:04Z,settled
TXN-000965,ACC-0184,CARD-0244,MCH-0039,pos,89.45,AUD,2026-06-13T17:55:05Z,settled
TXN-000966,ACC-0194,CARD-0165,MCH-0049,pos,441.84,AUD,2026-06-12T11:19:14Z,settled
TXN-000967,ACC-9999,CARD-9999,MCH-0036,mobile,85.70,AUD,2026-06-12T17:06:49Z,settled
TXN-000968,ACC-9999,CARD-9999,MCH-0097,atm,26.08,AUD,2026-06-07T13:04:29Z,authorized
TXN-000969,ACC-0028,CARD-0162,MCH-0096,pos,237.49,AUD,2026-06-18T09:31:50Z,settled
TXN-000970,ACC-0009,CARD-0009,MCH-0200,mobile,307.18,AUD,2027-04-07T16:38:06Z,settled
TXN-000971,ACC-0129,CARD-0114,MCH-0090,atm,12.99,GBP,2026-06-26T06:50:33Z,settled
TXN-000972,ACC-0046,CARD-0041,MCH-0156,atm,40.79,USD,2026-06-19T17:28:52Z,settled
TXN-000973,ACC-0033,CARD-0265,MCH-0172,pos,499.55,AUD,2026-06-06T05:44:42Z,settled
TXN-000974,ACC-0096,CARD-0086,MCH-0184,atm,224.82,SGD,2026-06-17T14:19:24Z,settled
TXN-000975,ACC-0019,CARD-0095,MCH-0103,pos,-319.32,AUD,2026-06-06T19:40:53Z,authorized
TXN-000976,ACC-0006,CARD-0100,MCH-0025,mobile,121.11,AUD,2026-06-09T20:50:49Z,settled
TXN-000977,ACC-0085,CARD-0071,MCH-0061,online,468.99,AUD,2026-06-15T12:19:31Z,settled
TXN-000978,ACC-0116,CARD-0052,MCH-0177,online,386.94,AUD,2026-07-02T04:14:38Z,declined
TXN-000979,ACC-0012,CARD-0049,MCH-0056,pos,16.09,AUD,2026-06-14T07:39:48Z,settled
TXN-000972,ACC-0046,CARD-0041,MCH-0156,atm,40.79,USD,2026-06-19T17:28:52Z,settled
TXN-000980,ACC-0027,CARD-0198,MCH-0154,pos,74.91,AUD,2026-06-28T08:57:59Z,settled
TXN-000981,ACC-0030,CARD-0055,MCH-0053,atm,189.90,AUD,2026-06-23T00:41:33Z,settled
TXN-000982,ACC-0182,CARD-0206,MCH-0041,mobile,338.39,AUD,2026-07-02T08:53:59Z,settled
TXN-000983,ACC-0045,CARD-0091,MCH-0196,atm,493.24,AUD,2026-06-28T13:16:51Z,settled
TXN-000984,ACC-0140,CARD-0115,MCH-0052,mobile,98.95,AUD,2026-06-08T17:42:17Z,settled
TXN-000985,ACC-0051,CARD-0241,MCH-0090,online,-181.63,AUD,2026-06-19T08:00:24Z,settled
TXN-000986,ACC-0149,CARD-0185,MCH-0187,online,20.68,AUD,2026-06-11T19:37:52Z,settled
TXN-000987,ACC-0023,CARD-0071,MCH-0053,atm,495.77,AUD,2026-06-16T03:21:37Z,settled
TXN-000988,ACC-0163,CARD-0072,MCH-0184,mobile,54.43,AUD,2026-06-26T15:25:05Z,authorized
TXN-000989,ACC-0185,CARD-0069,MCH-0001,atm,417.99,AUD,2027-03-03T00:43:15Z,settled
TXN-000990,ACC-0083,CARD-0042,MCH-0180,online,234.58,AUD,2026-06-07T00:10:33Z,settled
TXN-000991,ACC-0048,CARD-0026,MCH-0028,pos,439.39,AUD,2026-06-30T02:00:42Z,settled
TXN-000992,ACC-0193,CARD-0081,MCH-0158,online,48.09,USD,2026-07-01T17:02:11Z,authorized
TXN-000993,ACC-0143,CARD-0241,MCH-0082,atm,-479.49,AUD,2026-06-25T11:31:55Z,settled
TXN-000994,ACC-0105,CARD-0202,MCH-0010,pos,202.86,GBP,2026-06-29T23:01:13Z,settled
TXN-000995,ACC-0202,CARD-0054,MCH-0182,atm,166.41,AUD,2026-06-12T04:48:11Z,settled
TXN-000996,ACC-0179,CARD-0136,MCH-0043,online,497.38,AUD,2026-06-05T19:03:34Z,authorized
TXN-000997,ACC-0221,CARD-0006,MCH-0189,pos,118.59,GBP,2026-06-23T22:05:04Z,settled
TXN-000998,ACC-0181,CARD-0230,MCH-0105,online,33.01,AUD,2026-06-10T22:22:35Z,authorized
TXN-000999,ACC-0223,CARD-0137,MCH-0005,mobile,267.91,USD,2026-07-01T12:08:05Z,settled
TXN-001000,ACC-0073,CARD-0126,MCH-0179,online,439.98,AUD,2026-06-24T12:29:22Z,settled
TXN-001001,ACC-9999,CARD-9999,MCH-0155,atm,98.27,AUD,2026-07-03T03:12:17Z,settled
TXN-001002,ACC-0183,CARD-0254,MCH-0182,mobile,416.02,AUD,2027-05-22T11:17:24Z,settled
TXN-001003,ACC-0111,CARD-0127,MCH-0049,pos,225.12,AUD,2026-07-01T12:57:46Z,settled
TXN-001004,ACC-0150,CARD-0099,,pos,86.90,AUD,2026-06-14T16:49:58Z,settled
TXN-001005,ACC-9999,CARD-9999,MCH-0197,atm,205.32,AUD,2026-06-15T15:40:51Z,reversed
TXN-001006,ACC-0156,CARD-0150,MCH-0010,pos,359.69,AUD,2026-06-17T06:27:06Z,declined
TXN-001007,ACC-0200,CARD-0266,MCH-0134,online,-231.01,AUD,2026-06-15T06:30:49Z,settled
TXN-001008,ACC-0117,CARD-0027,MCH-0192,online,13.02,AUD,2026-06-14T11:15:32Z,settled
TXN-001009,ACC-0221,CARD-0137,MCH-0120,pos,367.58,AUD,2026-06-20T18:15:30Z,settled
TXN-001010,ACC-0060,CARD-0153,MCH-0170,atm,186.21,AUD,2026-07-01T10:12:42Z,settled
TXN-001011,ACC-0173,CARD-0194,MCH-0065,online,293.26,AUD,2026-07-27T05:12:25Z,authorized
TXN-001012,ACC-0073,CARD-0047,MCH-0042,pos,112.20,AUD,2026-06-22T11:12:10Z,settled
TXN-001013,ACC-0219,CARD-0261,MCH-0007,online,317.14,AUD,2026-06-16T10:57:44Z,settled
TXN-001014,ACC-0175,CARD-0254,MCH-0086,mobile,24.88,AUD,2026-06-17T06:19:13Z,settled
TXN-000874,ACC-0112,CARD-0257,MCH-0023,pos,169.82,AUD,2026-06-27T08:49:17Z,settled
TXN-001015,ACC-0038,CARD-0126,MCH-0179,online,55.38,AUD,2026-07-03T08:02:43Z,settled
TXN-000935,ACC-0195,CARD-0126,MCH-0007,atm,244.60,AUD,2026-06-26T01:10:37Z,settled
TXN-001016,ACC-0182,CARD-0180,MCH-0080,pos,309.21,AUD,2026-06-28T11:52:01Z,settled
TXN-001017,ACC-0116,CARD-0073,MCH-0011,mobile,188.81,AUD,2027-02-12T18:51:37Z,settled
TXN-001018,ACC-0184,CARD-0215,,mobile,184.18,AUD,2026-07-04T11:14:46Z,settled
TXN-001019,ACC-0159,CARD-0060,MCH-0101,online,196.49,AUD,2026-06-29T17:15:28Z,settled
TXN-001020,ACC-0097,CARD-0124,MCH-0046,atm,496.98,NZD,2026-06-09T10:12:42Z,settled
TXN-001021,ACC-0165,CARD-0075,MCH-0170,pos,103.92,AUD,2027-03-17T08:07:17Z,settled
TXN-000807,ACC-0202,CARD-0026,MCH-0029,mobile,323.61,AUD,2026-07-01T20:17:06Z,settled
TXN-001022,ACC-0127,CARD-0181,MCH-0066,online,319.73,AUD,2026-06-05T02:01:28Z,settled
TXN-001023,ACC-0013,CARD-0230,MCH-0098,pos,419.64,AUD,2026-06-29T23:21:07Z,authorized
TXN-001024,ACC-0076,CARD-0091,MCH-0038,atm,36.36,AUD,2026-06-16T14:05:26Z,settled
TXN-001025,ACC-0162,CARD-0088,MCH-0104,atm,300.65,AUD,2026-06-18T20:16:41Z,settled
TXN-000987,ACC-0023,CARD-0071,MCH-0053,atm,495.77,AUD,2026-06-16T03:21:37Z,settled
TXN-001026,ACC-0211,CARD-0157,MCH-0011,online,423.74,AUD,2026-12-30T08:00:15Z,settled
TXN-001027,ACC-0051,CARD-0232,MCH-0060,online,315.09,AUD,2026-06-24T22:40:11Z,settled
TXN-001028,ACC-0166,CARD-0113,MCH-0009,atm,367.12,AUD,2026-06-30T17:51:47Z,settled
TXN-001029,ACC-0038,CARD-0047,MCH-0105,mobile,208.46,AUD,2026-06-25T09:57:21Z,declined
TXN-001030,ACC-0178,CARD-0025,MCH-0036,online,-137.40,USD,2026-06-07T10:13:24Z,settled
TXN-001031,ACC-0135,CARD-0069,MCH-0077,pos,153.77,AUD,2026-06-22T21:47:56Z,settled
TXN-001032,ACC-0207,CARD-0267,MCH-0022,online,46.72,AUD,2026-07-05T13:04:28Z,settled
TXN-001033,ACC-0191,CARD-0098,MCH-0029,online,17.70,AUD,2026-06-20T22:44:59Z,settled
TXN-001034,ACC-0186,CARD-0145,MCH-0058,mobile,410.33,AUD,2026-09-18T17:42:06Z,settled
TXN-001035,ACC-0186,CARD-0209,MCH-0106,pos,-384.10,AUD,2026-06-15T15:09:07Z,settled
TXN-001036,ACC-0172,CARD-0220,MCH-0023,mobile,54.73,AUD,2026-06-06T01:48:27Z,settled
TXN-001037,ACC-0060,CARD-0135,MCH-0141,online,237.09,AUD,2027-01-15T22:46:55Z,authorized
TXN-001038,ACC-0204,CARD-0252,MCH-0052,pos,217.58,AUD,2026-06-08T20:35:45Z,settled
TXN-001039,ACC-0141,CARD-0143,MCH-0062,atm,51.61,AUD,2026-06-21T19:56:04Z,authorized
TXN-001040,ACC-0166,CARD-0057,MCH-0166,online,381.39,GBP,2026-06-16T17:55:51Z,settled
TXN-001003,ACC-0111,CARD-0127,MCH-0049,pos,225.12,AUD,2026-07-01T12:57:46Z,settled
TXN-001041,ACC-0121,CARD-0270,MCH-0105,mobile,338.58,AUD,2026-07-02T23:08:28Z,settled
TXN-001042,ACC-0163,CARD-0196,MCH-0169,atm,14.81,AUD,2026-06-19T18:10:07Z,settled
TXN-001043,ACC-0042,CARD-0134,MCH-0168,online,484.86,AUD,2026-06-07T17:27:13Z,settled
TXN-001044,ACC-0088,CARD-0171,MCH-0164,atm,477.24,GBP,2026-06-23T18:05:56Z,settled
TXN-001045,ACC-0169,CARD-0025,MCH-0028,mobile,180.44,AUD,2026-07-02T12:59:18Z,settled
TXN-001046,ACC-0017,CARD-0231,,atm,147.48,SGD,2026-06-26T04:24:22Z,reversed
TXN-001047,ACC-0128,CARD-0027,MCH-0133,atm,474.83,AUD,2026-06-15T01:32:11Z,declined
TXN-001048,ACC-0007,CARD-0069,MCH-0128,pos,421.93,AUD,2026-07-05T18:10:07Z,authorized
TXN-001049,ACC-0214,CARD-0089,MCH-0178,mobile,308.24,AUD,2026-06-25T05:06:44Z,settled
TXN-001050,ACC-0141,CARD-0052,MCH-0123,mobile,441.50,AUD,2026-09-18T03:25:14Z,settled
TXN-001051,ACC-0097,CARD-0254,MCH-0148,online,242.41,AUD,2026-06-30T02:43:24Z,settled
TXN-001052,ACC-0018,CARD-0239,MCH-0190,pos,386.20,NZD,2026-06-25T09:34:42Z,settled
TXN-001053,ACC-0149,CARD-0183,MCH-0169,mobile,383.16,AUD,2026-06-09T15:49:44Z,settled
TXN-001054,ACC-0055,CARD-0101,MCH-0110,mobile,12.63,AUD,2026-06-23T18:15:15Z,settled
TXN-001055,ACC-0046,CARD-0219,MCH-0003,pos,370.66,AUD,2026-07-03T13:08:40Z,settled
TXN-001056,ACC-0147,CARD-0080,MCH-0160,online,397.35,AUD,2026-06-27T12:38:41Z,settled
TXN-001057,ACC-0050,CARD-0008,MCH-0062,online,233.06,AUD,2026-06-16T17:22:06Z,settled
TXN-001058,ACC-0112,CARD-0228,MCH-0044,pos,128.07,AUD,2026-06-21T09:10:16Z,settled
TXN-001059,ACC-9999,CARD-9999,MCH-0106,mobile,455.95,AUD,2026-06-14T22:03:27Z,settled
TXN-001060,ACC-0090,CARD-0187,MCH-0065,pos,170.63,NZD,2026-06-27T10:40:20Z,settled
TXN-001061,ACC-0224,CARD-0027,MCH-0002,pos,248.56,AUD,2026-06-27T17:30:00Z,settled
TXN-001062,ACC-0008,CARD-0237,MCH-0103,atm,75.41,AUD,2026-07-05T13:17:27Z,settled
TXN-001063,ACC-0147,CARD-0026,MCH-0146,atm,20.46,AUD,2026-06-16T01:46:50Z,settled
TXN-001064,ACC-0164,CARD-0231,MCH-0184,pos,444.71,AUD,2026-07-18T12:43:44Z,authorized
TXN-001065,ACC-9999,CARD-9999,MCH-0041,online,265.69,AUD,2026-06-29T00:37:55Z,settled
TXN-001066,ACC-0165,CARD-0137,MCH-0198,atm,2.82,AUD,2026-06-28T13:46:44Z,authorized
TXN-001067,ACC-0033,CARD-0255,MCH-0130,atm,258.45,SGD,2026-06-28T21:23:20Z,settled
TXN-001068,ACC-0124,CARD-0243,MCH-0078,pos,270.95,AUD,2026-06-18T08:38:49Z,authorized
TXN-001069,ACC-0178,CARD-0253,MCH-0054,atm,371.43,AUD,2026-06-18T09:30:21Z,settled
TXN-001070,ACC-0006,CARD-0063,MCH-0121,mobile,-452.69,SGD,2026-06-24T23:40:34Z,settled
TXN-001071,ACC-0145,CARD-0184,MCH-0080,mobile,195.31,AUD,2026-07-02T16:06:04Z,settled
TXN-001072,ACC-9999,CARD-9999,MCH-0077,online,25.91,AUD,2026-06-12T12:44:35Z,settled
TXN-001073,ACC-0004,CARD-0165,MCH-0075,atm,-80.04,GBP,2026-07-03T01:15:00Z,settled
TXN-001074,ACC-0057,CARD-0172,MCH-0026,mobile,33.64,AUD,2026-07-05T05:51:56Z,declined
TXN-001060,ACC-0090,CARD-0187,MCH-0065,pos,170.63,NZD,2026-06-27T10:40:20Z,settled
TXN-001075,ACC-0138,CARD-0089,MCH-0007,online,170.58,AUD,2026-06-12T13:39:29Z,authorized
TXN-001076,ACC-0020,CARD-0045,MCH-0141,atm,13.50,AUD,2026-06-14T13:55:54Z,settled
TXN-001077,ACC-0067,CARD-0188,MCH-0099,pos,142.78,AUD,2026-06-09T08:01:50Z,settled
TXN-001078,ACC-0074,CARD-0111,MCH-0072,mobile,172.17,USD,2026-06-21T13:22:43Z,settled
TXN-001079,ACC-0165,CARD-0240,MCH-0084,online,169.15,AUD,2026-06-28T01:06:49Z,declined
TXN-001080,ACC-0072,CARD-0251,MCH-0025,pos,307.76,AUD,2026-06-20T11:31:27Z,settled
TXN-001081,ACC-0003,CARD-0076,MCH-0067,pos,-376.69,AUD,2026-06-20T20:39:10Z,settled
TXN-001082,ACC-0084,CARD-0175,MCH-0176,mobile,408.01,AUD,2026-06-18T08:47:54Z,settled
TXN-001083,ACC-0017,CARD-0256,MCH-0124,online,70.33,AUD,2026-06-14T07:42:49Z,settled
TXN-001084,ACC-0054,CARD-0046,MCH-0129,pos,398.89,AUD,2026-06-19T22:49:44Z,authorized
TXN-001085,ACC-0013,CARD-0229,MCH-0065,atm,385.57,AUD,2026-06-19T13:30:18Z,settled
TXN-001086,ACC-0209,CARD-0007,MCH-0049,mobile,460.10,AUD,2026-06-11T21:35:34Z,settled
TXN-001087,ACC-0208,CARD-0140,MCH-0196,pos,494.10,GBP,2026-06-30T05:48:31Z,settled
TXN-001088,ACC-0129,CARD-0006,MCH-0066,atm,213.53,AUD,2026-06-20T14:43:14Z,settled
TXN-001089,ACC-0001,CARD-0125,MCH-0004,mobile,270.78,USD,2026-06-27T19:47:21Z,settled
TXN-001090,ACC-0057,CARD-0188,MCH-0020,atm,203.91,AUD,2026-06-14T11:49:41Z,settled
TXN-001091,ACC-0123,CARD-0078,MCH-0024,mobile,151.79,AUD,2026-06-20T09:27:37Z,settled
TXN-001092,ACC-0181,CARD-0254,MCH-0073,pos,472.57,AUD,2026-06-10T15:56:18Z,refunded
TXN-001027,ACC-0051,CARD-0232,MCH-0060,online,315.09,AUD,2026-06-24T22:40:11Z,settled
TXN-001093,ACC-0158,CARD-0145,MCH-0114,atm,79.08,USD,2026-06-15T06:38:26Z,settled
TXN-001094,ACC-0225,CARD-0084,MCH-0147,online,187.88,AUD,2026-06-28T20:10:18Z,authorized
TXN-001095,ACC-0078,CARD-0141,MCH-0101,online,278.30,AUD,2026-07-04T21:24:17Z,settled
TXN-001013,ACC-0219,CARD-0261,MCH-0007,online,317.14,AUD,2026-06-16T10:57:44Z,settled
TXN-001096,ACC-0104,CARD-0101,MCH-0050,pos,-236.99,AUD,2026-06-19T16:16:25Z,settled
TXN-001097,ACC-0061,CARD-0257,,atm,176.92,AUD,2026-06-11T07:48:15Z,settled
TXN-001098,ACC-0185,CARD-0141,MCH-0140,atm,453.60,AUD,2026-07-02T18:18:32Z,settled
TXN-001099,ACC-0126,CARD-0237,,atm,333.81,AUD,2026-06-11T04:10:27Z,settled
TXN-001100,ACC-0169,CARD-0148,MCH-0190,pos,444.93,AUD,2026-06-09T12:38:16Z,reversed
TXN-001101,ACC-0050,CARD-0164,MCH-0144,pos,258.83,AUD,2026-06-07T09:20:51Z,reversed
TXN-001102,ACC-0034,CARD-0262,MCH-0127,pos,118.64,AUD,2026-08-25T04:57:38Z,settled
TXN-001103,ACC-0078,CARD-0185,MCH-0061,mobile,259.10,AUD,2026-06-27T13:45:08Z,settled
TXN-001104,ACC-0024,CARD-0150,MCH-0045,online,137.89,AUD,2026-07-02T08:48:01Z,declined
TXN-001105,ACC-0062,CARD-0156,MCH-0017,online,165.12,AUD,2026-06-24T19:38:26Z,settled
TXN-001106,ACC-0102,CARD-0210,,atm,367.28,AUD,2026-06-26T13:30:30Z,settled
TXN-001107,ACC-0183,CARD-0249,MCH-0151,online,-282.65,AUD,2026-06-26T22:01:07Z,declined
TXN-001108,ACC-0043,CARD-0135,MCH-0143,online,106.24,AUD,2026-06-07T04:38:20Z,settled
TXN-001109,ACC-0183,CARD-0198,MCH-0102,atm,303.30,AUD,2026-07-08T00:55:05Z,authorized
TXN-000843,ACC-0174,CARD-0266,MCH-0124,mobile,266.06,AUD,2026-06-30T03:33:23Z,reversed
TXN-001110,ACC-0218,CARD-0069,MCH-0122,atm,147.65,AUD,2026-06-30T16:25:14Z,settled
TXN-001111,ACC-0080,CARD-0227,MCH-0005,mobile,458.33,AUD,2026-07-01T09:32:19Z,settled
TXN-001112,ACC-0222,CARD-0022,MCH-0185,pos,419.46,AUD,2026-06-22T01:02:33Z,settled
TXN-001113,ACC-0025,CARD-0030,MCH-0022,pos,154.94,AUD,2026-06-25T18:23:37Z,settled
TXN-001114,ACC-0224,CARD-0056,MCH-0020,online,302.32,AUD,2026-07-03T18:59:13Z,settled
TXN-001115,ACC-0015,CARD-0044,MCH-0147,atm,33.06,AUD,2026-06-11T03:55:43Z,settled
TXN-001116,ACC-0210,CARD-0187,MCH-0076,online,341.75,AUD,2026-06-14T23:44:21Z,settled
TXN-001117,ACC-0045,CARD-0096,MCH-0158,pos,396.96,AUD,2026-06-12T12:40:37Z,settled
TXN-001118,ACC-0057,CARD-0236,MCH-0123,atm,176.35,AUD,2026-06-12T12:14:55Z,settled
TXN-001119,ACC-9999,CARD-9999,MCH-0046,atm,461.05,AUD,2026-06-26T03:04:22Z,settled
TXN-000948,ACC-0033,CARD-0034,MCH-0147,atm,219.14,AUD,2026-06-30T08:56:25Z,settled
TXN-001120,ACC-0088,CARD-0141,MCH-0045,online,108.10,AUD,2026-06-25T12:45:43Z,declined
TXN-001121,ACC-0020,CARD-0135,MCH-0086,mobile,253.77,GBP,2026-06-22T14:13:33Z,settled
TXN-001122,ACC-0149,CARD-0114,MCH-0116,pos,166.04,AUD,2026-06-14T12:40:10Z,settled
TXN-001123,ACC-0048,CARD-0247,MCH-0163,pos,181.71,USD,2026-06-22T16:04:09Z,declined
TXN-000947,ACC-0001,CARD-0038,MCH-0115,pos,485.42,AUD,2026-06-18T11:55:53Z,authorized
TXN-001124,ACC-9999,CARD-9999,MCH-0129,pos,65.72,AUD,2026-07-03T19:13:25Z,settled
TXN-001125,ACC-0078,CARD-0166,MCH-0101,online,355.10,USD,2026-06-18T20:52:38Z,authorized
TXN-001126,ACC-0079,CARD-0046,MCH-0057,online,466.92,AUD,2026-06-09T11:50:26Z,settled
TXN-001127,ACC-0015,CARD-0144,MCH-0147,online,153.29,AUD,2026-06-14T00:34:15Z,settled
TXN-001128,ACC-0140,CARD-0033,MCH-0194,mobile,358.29,AUD,2026-06-26T02:09:51Z,settled
TXN-001129,ACC-0073,CARD-0122,MCH-0059,pos,59.64,AUD,2026-07-04T15:51:24Z,settled
TXN-001130,ACC-0090,CARD-0115,MCH-0057,online,-450.88,AUD,2026-06-25T20:57:23Z,settled
TXN-001131,ACC-0051,CARD-0073,MCH-0072,pos,62.81,AUD,2026-06-18T09:49:49Z,settled
TXN-001132,ACC-0131,CARD-0179,MCH-0183,pos,343.40,AUD,2026-07-05T01:51:16Z,settled
TXN-001133,ACC-0158,CARD-0062,MCH-0054,pos,230.34,SGD,2026-07-02T13:32:04Z,settled
TXN-001104,ACC-0024,CARD-0150,MCH-0045,online,137.89,AUD,2026-07-02T08:48:01Z,declined
TXN-001134,ACC-0021,CARD-0052,,online,94.52,AUD,2026-06-05T00:02:45Z,settled
TXN-001129,ACC-0073,CARD-0122,MCH-0059,pos,59.64,AUD,2026-07-04T15:51:24Z,settled
TXN-001135,ACC-0097,CARD-0213,MCH-0016,pos,-168.68,AUD,2026-06-17T13:42:49Z,settled
TXN-001136,ACC-0026,CARD-0058,MCH-0107,pos,172.93,AUD,2026-06-06T01:20:16Z,settled
TXN-001137,ACC-0218,CARD-0042,MCH-0005,pos,32.15,AUD,2026-07-01T18:17:01Z,settled
TXN-001138,ACC-0157,CARD-0139,MCH-0004,pos,254.44,AUD,2026-06-12T14:40:29Z,settled
TXN-001139,ACC-0176,CARD-0039,MCH-0160,online,227.90,AUD,2026-06-29T11:37:56Z,settled
TXN-001140,ACC-0080,CARD-0052,MCH-0106,atm,301.28,AUD,2026-06-14T09:15:14Z,authorized
TXN-001141,ACC-0074,CARD-0269,MCH-0142,pos,18.51,AUD,2026-07-03T04:56:38Z,settled
TXN-001142,ACC-0191,CARD-0060,MCH-0057,atm,296.96,AUD,2026-06-09T15:01:18Z,settled
TXN-001143,ACC-0015,CARD-0179,MCH-0165,online,344.05,AUD,2027-03-03T09:41:08Z,settled
TXN-001144,ACC-9999,CARD-9999,MCH-0177,pos,414.30,AUD,2026-06-10T06:08:15Z,settled
TXN-001145,ACC-0069,CARD-0241,MCH-0050,atm,294.76,AUD,2026-06-09T15:11:39Z,authorized
TXN-001146,ACC-0117,CARD-0258,MCH-0068,mobile,403.51,AUD,2026-07-01T03:25:08Z,settled
TXN-001147,ACC-0184,CARD-0105,MCH-0188,atm,89.32,AUD,2026-06-22T17:26:13Z,settled
TXN-001146,ACC-0117,CARD-0258,MCH-0068,mobile,403.51,AUD,2026-07-01T03:25:08Z,settled
TXN-001148,ACC-0061,CARD-0023,MCH-0120,pos,-356.03,AUD,2026-06-27T20:34:48Z,settled
TXN-001149,ACC-0007,CARD-0143,MCH-0122,online,416.95,AUD,2026-06-18T15:00:27Z,settled
TXN-001150,ACC-0033,CARD-0082,MCH-0120,mobile,199.21,AUD,2027-06-27T15:18:46Z,authorized
TXN-001151,ACC-0184,CARD-0013,MCH-0200,pos,211.82,AUD,2026-06-15T16:09:43Z,authorized
TXN-001152,ACC-0052,CARD-0245,MCH-0189,pos,348.70,AUD,2026-06-08T11:59:41Z,settled
TXN-001153,ACC-0030,CARD-0102,MCH-0112,atm,67.61,AUD,2026-07-03T22:07:27Z,settled
TXN-001154,ACC-0132,CARD-0142,,pos,93.37,AUD,2026-06-06T01:44:58Z,settled
TXN-001155,ACC-0161,CARD-0194,MCH-0017,atm,445.94,AUD,2026-06-28T04:54:32Z,settled
TXN-001156,ACC-0025,CARD-0074,MCH-0165,pos,403.92,AUD,2026-06-29T19:47:59Z,settled
TXN-001157,ACC-0069,CARD-0217,MCH-0178,pos,337.51,AUD,2026-06-24T17:11:28Z,settled
TXN-001158,ACC-0162,CARD-0082,MCH-0177,mobile,375.07,AUD,2026-06-27T23:19:30Z,reversed
TXN-001159,ACC-0112,CARD-0092,MCH-0011,atm,273.46,AUD,2026-06-23T17:20:17Z,settled
TXN-001160,ACC-0210,CARD-0090,,mobile,115.07,USD,2026-07-03T17:53:21Z,settled
TXN-001161,ACC-0212,CARD-0189,MCH-0179,mobile,264.86,AUD,2026-12-16T02:11:15Z,authorized
TXN-001162,ACC-0045,CARD-0261,MCH-0175,mobile,197.52,AUD,2026-07-04T04:10:49Z,authorized
TXN-001163,ACC-0005,CARD-0068,MCH-0169,online,429.66,SGD,2026-06-20T12:02:35Z,settled
TXN-001164,ACC-9999,CARD-9999,,online,291.98,AUD,2026-06-07T01:34:09Z,declined
TXN-001165,ACC-0100,CARD-0267,MCH-0192,pos,-273.60,AUD,2026-06-25T09:50:17Z,settled
TXN-001166,ACC-9999,CARD-9999,MCH-0014,pos,-498.52,AUD,2026-06-21T21:21:37Z,settled
TXN-001167,ACC-0203,CARD-0145,MCH-0094,pos,308.35,NZD,2026-06-24T12:55:47Z,settled
TXN-001168,ACC-0111,CARD-0218,MCH-0030,mobile,464.73,AUD,2026-06-16T14:42:06Z,settled
TXN-001169,ACC-9999,CARD-0202,MCH-0043,mobile,6.82,USD,2026-06-18T15:51:52Z,settled
TXN-001170,ACC-0216,CARD-0036,MCH-0176,pos,449.92,USD,2026-06-20T02:54:56Z,settled
TXN-001171,ACC-0134,CARD-0236,MCH-0116,pos,73.10,AUD,2026-06-21T12:50:16Z,authorized
TXN-001172,ACC-0070,CARD-0147,MCH-0123,mobile,14.36,AUD,2027-06-24T13:10:18Z,settled
TXN-001173,ACC-0155,CARD-0066,MCH-0022,atm,343.27,AUD,2026-06-15T12:50:39Z,settled
TXN-001174,ACC-0145,CARD-0223,MCH-0036,atm,380.41,AUD,2026-06-09T18:15:15Z,declined
TXN-001175,ACC-0213,CARD-0031,MCH-0029,online,146.37,AUD,2026-06-23T05:21:48Z,settled
TXN-001176,ACC-0114,CARD-0206,MCH-0136,atm,465.38,AUD,2026-06-14T05:44:33Z,refunded
TXN-001177,ACC-0214,CARD-0241,MCH-0019,mobile,338.48,AUD,2027-05-03T18:05:43Z,declined
TXN-001178,ACC-0010,CARD-0129,MCH-0084,atm,310.60,AUD,2026-06-09T01:43:02Z,settled
TXN-001179,ACC-0132,CARD-0061,MCH-0046,mobile,359.08,AUD,2026-06-30T11:13:07Z,settled
TXN-001180,ACC-9999,CARD-9999,MCH-0096,atm,486.84,AUD,2026-06-24T03:40:23Z,settled
TXN-001181,ACC-0066,CARD-0151,MCH-0166,atm,135.55,AUD,2026-06-09T22:53:47Z,settled
TXN-001182,ACC-0099,CARD-0128,MCH-0096,mobile,250.24,AUD,2026-06-23T13:39:41Z,settled
TXN-001183,ACC-0151,CARD-0077,MCH-0068,online,21.28,AUD,2026-07-04T21:49:03Z,settled
TXN-001184,ACC-0039,CARD-0242,MCH-0194,online,51.47,AUD,2026-06-13T05:11:41Z,settled
TXN-001185,ACC-0055,CARD-0023,MCH-0088,mobile,186.99,AUD,2026-06-18T21:04:05Z,settled
TXN-001186,ACC-0029,CARD-0259,MCH-0066,pos,52.48,AUD,2026-07-04T20:30:45Z,settled
TXN-000944,ACC-0155,CARD-0262,MCH-0025,online,180.66,AUD,2026-06-29T03:28:11Z,settled
TXN-001187,ACC-0065,CARD-0267,,mobile,355.27,AUD,2026-06-21T06:48:31Z,settled
TXN-001188,ACC-0141,CARD-0057,MCH-0144,pos,66.33,AUD,2026-06-07T02:18:18Z,settled
TXN-001189,ACC-0186,CARD-0126,MCH-0002,mobile,470.56,AUD,2026-06-05T19:50:16Z,authorized
TXN-001190,ACC-0136,CARD-0182,MCH-0184,online,359.31,AUD,2026-06-15T23:07:47Z,settled
TXN-001191,ACC-0110,CARD-0066,MCH-0094,mobile,235.85,AUD,2026-07-04T18:26:59Z,settled
TXN-001192,ACC-0142,CARD-0053,,atm,79.45,AUD,2026-06-19T17:03:58Z,authorized
TXN-001193,ACC-0214,CARD-0118,MCH-0181,atm,355.65,AUD,2026-07-01T22:45:24Z,settled
TXN-001194,ACC-0126,CARD-0228,MCH-0132,atm,257.77,USD,2026-06-08T17:00:19Z,settled
TXN-001195,ACC-0074,CARD-0086,MCH-0161,pos,474.85,AUD,2026-10-19T06:09:06Z,settled
TXN-001196,ACC-9999,CARD-9999,MCH-0112,mobile,50.55,AUD,2026-06-17T18:29:30Z,authorized
TXN-001197,ACC-0005,CARD-0148,,pos,158.08,AUD,2026-07-04T03:25:08Z,settled
TXN-001198,ACC-0019,CARD-0159,MCH-0186,pos,493.82,AUD,2026-06-19T04:10:47Z,settled
TXN-001199,ACC-0079,CARD-0033,MCH-0025,online,146.78,AUD,2026-06-13T18:39:26Z,settled
TXN-001200,ACC-0024,CARD-0132,MCH-0030,atm,463.13,AUD,2026-06-18T19:01:54Z,settled
TXN-001201,ACC-0050,CARD-0208,MCH-0116,pos,122.13,AUD,2026-06-18T18:44:43Z,reversed
TXN-001202,ACC-0173,CARD-0250,MCH-0039,atm,1.30,AUD,2026-06-27T21:14:30Z,declined
TXN-001203,ACC-0159,CARD-0164,MCH-0109,pos,170.28,AUD,2026-06-15T09:40:09Z,settled
TXN-001048,ACC-0007,CARD-0069,MCH-0128,pos,421.93,AUD,2026-07-05T18:10:07Z,authorized
TXN-001204,ACC-9999,CARD-9999,MCH-0106,online,96.07,AUD,2026-06-20T02:15:21Z,settled
TXN-001205,ACC-0046,CARD-0110,MCH-0065,mobile,353.21,AUD,2026-06-12T13:59:17Z,settled
TXN-001193,ACC-0214,CARD-0118,MCH-0181,atm,355.65,AUD,2026-07-01T22:45:24Z,settled
TXN-001206,ACC-0151,CARD-0044,MCH-0048,mobile,292.77,AUD,2026-06-16T14:40:07Z,settled
TXN-001207,ACC-0188,CARD-0167,MCH-0001,pos,50.05,AUD,2026-06-26T11:40:01Z,authorized
TXN-001208,ACC-0030,CARD-0156,,pos,106.49,AUD,2026-06-24T18:54:47Z,reversed
TXN-001209,ACC-0143,CARD-0125,MCH-0009,pos,108.41,AUD,2026-06-09T20:40:51Z,reversed
TXN-001210,ACC-0199,CARD-0029,MCH-0104,pos,457.28,AUD,2026-06-09T01:03:51Z,settled
TXN-001179,ACC-0132,CARD-0061,MCH-0046,mobile,359.08,AUD,2026-06-30T11:13:07Z,settled
TXN-001211,ACC-0124,CARD-0092,MCH-0067,mobile,34.99,AUD,2026-06-19T13:23:36Z,settled
TXN-001212,ACC-0201,CARD-0040,MCH-0150,online,51.35,AUD,2026-07-05T02:44:22Z,authorized
TXN-001213,ACC-0152,CARD-0190,MCH-0003,mobile,256.76,AUD,2026-06-30T22:15:14Z,settled
TXN-001214,ACC-0147,CARD-0086,MCH-0070,pos,41.36,AUD,2026-06-21T04:11:37Z,settled
TXN-001215,ACC-0172,CARD-0234,MCH-0064,atm,114.14,AUD,2026-06-30T07:46:15Z,settled
TXN-001216,ACC-0175,CARD-0252,MCH-0139,mobile,32.88,AUD,2026-06-27T22:24:45Z,settled
TXN-001217,ACC-0011,CARD-0095,MCH-0155,pos,102.17,AUD,2026-06-08T07:00:37Z,settled
TXN-001218,ACC-0030,CARD-0127,MCH-0049,pos,292.50,SGD,2027-05-12T10:57:33Z,settled
TXN-001219,ACC-0210,CARD-0134,MCH-0029,atm,128.70,AUD,2026-06-06T11:58:06Z,settled
TXN-001220,ACC-0137,CARD-0188,,online,70.95,AUD,2026-06-15T01:17:02Z,declined
TXN-001221,ACC-0079,CARD-0024,MCH-0098,atm,484.68,AUD,2026-06-06T09:45:30Z,settled
TXN-001222,ACC-0140,CARD-0106,MCH-0074,pos,112.50,AUD,2026-06-26T17:28:56Z,settled
TXN-001223,ACC-9999,CARD-9999,MCH-0001,atm,228.49,AUD,2026-06-21T02:04:33Z,settled
TXN-001224,ACC-0017,CARD-0161,MCH-0171,mobile,-118.24,NZD,2026-06-28T13:38:55Z,declined
TXN-001225,ACC-0078,CARD-0132,MCH-0058,online,222.60,AUD,2026-06-30T15:25:35Z,settled
TXN-001226,ACC-0179,CARD-0132,MCH-0128,pos,233.70,SGD,2026-06-11T21:48:40Z,settled
TXN-001227,ACC-0040,CARD-0144,MCH-0061,pos,464.04,AUD,2026-06-09T10:22:04Z,reversed
TXN-001228,ACC-0223,CARD-0086,MCH-0142,pos,16.96,AUD,2026-07-02T04:10:40Z,settled
TXN-001229,ACC-0179,CARD-0009,MCH-0010,atm,-314.03,AUD,2026-06-29T03:23:33Z,settled
TXN-001230,ACC-0141,CARD-0231,MCH-0176,atm,414.12,GBP,2026-06-28T21:26:46Z,settled
TXN-001231,ACC-0121,CARD-0110,MCH-0168,mobile,498.65,AUD,2026-07-20T06:07:03Z,settled
TXN-001232,ACC-0092,CARD-0050,,atm,204.73,USD,2026-06-08T18:18:08Z,refunded
TXN-001233,ACC-0001,CARD-0093,MCH-0135,online,442.23,AUD,2026-06-05T05:44:24Z,settled
TXN-001234,ACC-0156,CARD-0263,MCH-0037,mobile,286.40,AUD,2026-06-22T18:53:00Z,settled
TXN-001235,ACC-0126,CARD-0195,MCH-0143,atm,322.56,AUD,2026-06-10T08:50:38Z,settled
TXN-001236,ACC-0100,CARD-0061,MCH-0146,mobile,372.45,AUD,2026-06-08T12:34:02Z,declined
TXN-001237,ACC-0048,CARD-0220,MCH-0076,pos,76.23,AUD,2026-06-19T16:39:30Z,settled
TXN-001238,ACC-0067,CARD-0149,MCH-0141,atm,-210.25,AUD,2026-06-12T10:25:13Z,settled
TXN-001239,ACC-0053,CARD-0207,MCH-0022,mobile,106.23,AUD,2026-06-21T03:32:15Z,settled
TXN-001240,ACC-0187,CARD-0157,MCH-0200,pos,275.09,AUD,2026-07-20T08:02:20Z,settled
TXN-001149,ACC-0007,CARD-0143,MCH-0122,online,416.95,AUD,2026-06-18T15:00:27Z,settled
TXN-001241,ACC-0223,CARD-0079,MCH-0158,pos,458.50,AUD,2026-06-10T23:05:20Z,settled
TXN-001242,ACC-0201,CARD-0196,MCH-0043,atm,72.97,AUD,2026-06-29T15:12:45Z,settled
TXN-001243,ACC-0165,CARD-0218,MCH-0010,atm,401.87,AUD,2026-06-29T00:38:41Z,settled
TXN-001244,ACC-0118,CARD-0020,MCH-0154,pos,378.10,AUD,2026-06-10T15:15:45Z,authorized
TXN-001245,ACC-0037,CARD-0262,MCH-0119,mobile,317.57,GBP,2026-07-02T22:50:37Z,settled
TXN-001091,ACC-0123,CARD-0078,MCH-0024,mobile,151.79,AUD,2026-06-20T09:27:37Z,settled
TXN-001246,ACC-0141,CARD-0105,MCH-0111,atm,376.59,AUD,2026-07-05T12:14:53Z,declined
TXN-001247,ACC-0120,CARD-0170,MCH-0134,atm,328.36,AUD,2026-06-07T23:43:39Z,settled
TXN-001248,ACC-0073,CARD-0073,MCH-0120,atm,300.20,AUD,2026-07-02T21:19:55Z,settled
TXN-001249,ACC-0049,CARD-0193,MCH-0006,atm,473.26,AUD,2026-06-07T23:04:45Z,settled
TXN-000983,ACC-0045,CARD-0091,MCH-0196,atm,493.24,AUD,2026-06-28T13:16:51Z,settled
TXN-001250,ACC-0078,CARD-0217,MCH-0136,online,327.39,AUD,2026-07-05T04:07:15Z,settled
TXN-001251,ACC-0089,CARD-0182,,pos,410.55,AUD,2026-06-09T10:54:59Z,settled
TXN-001252,ACC-0046,CARD-0130,MCH-0183,mobile,101.90,AUD,2026-06-05T05:41:44Z,settled
TXN-001253,ACC-0063,CARD-0043,MCH-0161,online,274.18,USD,2026-06-30T10:39:10Z,settled
TXN-001010,ACC-0060,CARD-0153,MCH-0170,atm,186.21,AUD,2026-07-01T10:12:42Z,settled
TXN-001254,ACC-0118,CARD-0248,MCH-0176,online,374.64,AUD,2026-07-01T23:41:51Z,settled
TXN-001255,ACC-0220,CARD-0012,MCH-0194,pos,147.71,AUD,2026-07-04T05:13:23Z,authorized
TXN-001256,ACC-0106,CARD-0179,MCH-0010,online,399.07,AUD,2026-06-13T15:12:56Z,settled
TXN-001257,ACC-0215,CARD-0047,MCH-0087,mobile,66.59,AUD,2026-06-16T16:34:10Z,settled
TXN-001258,ACC-0125,CARD-0238,MCH-0049,online,429.64,AUD,2027-06-27T23:32:49Z,settled
TXN-000991,ACC-0048,CARD-0026,MCH-0028,pos,439.39,AUD,2026-06-30T02:00:42Z,settled
TXN-001259,ACC-0180,CARD-0253,MCH-0046,atm,47.26,AUD,2026-06-28T03:55:09Z,authorized
TXN-001260,ACC-0191,CARD-0247,,pos,289.65,AUD,2026-06-07T10:27:19Z,authorized
TXN-001261,ACC-9999,CARD-9999,MCH-0178,atm,348.71,AUD,2026-06-25T11:46:15Z,declined
TXN-001262,ACC-0099,CARD-0161,MCH-0103,atm,63.92,AUD,2026-06-12T19:44:51Z,settled
TXN-001263,ACC-0014,CARD-0066,MCH-0031,mobile,120.70,AUD,2027-04-03T21:49:23Z,settled
TXN-001264,ACC-0166,CARD-0103,MCH-0041,mobile,462.79,AUD,2026-06-27T04:39:10Z,declined
TXN-001265,ACC-9999,CARD-9999,MCH-0123,pos,218.52,AUD,2026-06-14T08:59:54Z,settled
TXN-001266,ACC-9999,CARD-9999,MCH-0006,pos,317.17,AUD,2026-06-07T07:52:53Z,settled
TXN-001267,ACC-0202,CARD-0250,MCH-0101,atm,108.41,AUD,2026-06-30T13:46:30Z,declined
TXN-001268,ACC-0180,CARD-0057,MCH-0157,pos,33.08,AUD,2026-06-12T01:33:56Z,settled
TXN-001269,ACC-0096,CARD-0173,MCH-0040,pos,363.04,AUD,2026-06-06T04:29:04Z,settled
TXN-001270,ACC-0142,CARD-0227,MCH-0035,atm,294.70,AUD,2026-06-07T10:49:18Z,settled
TXN-001271,ACC-0135,CARD-0122,MCH-0140,pos,262.23,AUD,2026-07-03T00:11:25Z,settled
TXN-001272,ACC-0203,CARD-0116,MCH-0062,online,442.97,AUD,2026-06-14T21:00:03Z,authorized
TXN-001273,ACC-0021,CARD-0242,MCH-0112,mobile,377.92,AUD,2026-06-28T01:46:17Z,settled
TXN-000963,ACC-0186,CARD-0130,MCH-0073,atm,275.54,AUD,2026-06-10T08:28:06Z,settled
TXN-001274,ACC-0207,CARD-0208,MCH-0080,atm,404.39,AUD,2026-06-12T11:05:40Z,settled
TXN-001275,ACC-0157,CARD-0052,MCH-0179,mobile,490.72,NZD,2026-06-10T07:39:23Z,settled
TXN-001276,ACC-0057,CARD-0222,MCH-0089,pos,72.43,AUD,2026-06-30T06:00:55Z,settled
TXN-001277,ACC-9999,CARD-0089,MCH-0172,atm,-472.17,AUD,2026-06-12T04:59:51Z,settled
TXN-001278,ACC-0034,CARD-0157,MCH-0150,mobile,-364.45,AUD,2026-06-24T04:42:04Z,settled
TXN-001279,ACC-0095,CARD-0165,MCH-0139,mobile,-121.08,AUD,2026-06-28T13:23:20Z,settled
TXN-001280,ACC-0102,CARD-0175,MCH-0187,online,298.91,AUD,2026-06-26T22:58:06Z,authorized
TXN-001281,ACC-0202,CARD-0007,MCH-0135,atm,11.97,AUD,2026-07-01T06:21:58Z,settled
TXN-001282,ACC-0049,CARD-0002,MCH-0052,mobile,381.57,AUD,2026-06-27T10:09:52Z,settled
TXN-001283,ACC-0056,CARD-0218,MCH-0052,mobile,334.98,NZD,2027-03-19T23:36:40Z,settled
TXN-001284,ACC-0118,CARD-0198,MCH-0046,pos,246.47,AUD,2026-07-01T01:13:40Z,settled
TXN-001285,ACC-0212,CARD-0192,MCH-0179,atm,303.98,AUD,2026-06-25T12:00:18Z,settled
TXN-001281,ACC-0202,CARD-0007,MCH-0135,atm,11.97,AUD,2026-07-01T06:21:58Z,settled
TXN-001286,ACC-0060,CARD-0254,MCH-0044,online,389.46,AUD,2026-06-30T16:00:49Z,settled
TXN-001287,ACC-0082,CARD-0030,MCH-0170,online,91.15,AUD,2026-06-21T12:25:20Z,declined
TXN-001288,ACC-0220,CARD-0176,MCH-0027,online,443.55,AUD,2026-06-07T05:41:40Z,settled
TXN-001156,ACC-0025,CARD-0074,MCH-0165,pos,403.92,AUD,2026-06-29T19:47:59Z,settled
TXN-001289,ACC-0162,CARD-0041,MCH-0074,mobile,223.59,AUD,2026-06-18T21:50:08Z,settled
TXN-001290,ACC-0092,CARD-0024,MCH-0143,atm,309.52,AUD,2026-06-23T17:14:10Z,authorized
TXN-001291,ACC-0188,CARD-0262,MCH-0029,pos,121.69,AUD,2026-07-03T00:53:00Z,settled
TXN-001292,ACC-0102,CARD-0167,MCH-0030,atm,108.18,AUD,2026-06-07T06:08:51Z,settled
TXN-001293,ACC-0188,CARD-0173,MCH-0131,pos,24.89,AUD,2026-06-10T16:32:09Z,settled
TXN-001294,ACC-0088,CARD-0219,MCH-0164,mobile,269.58,AUD,2026-06-18T07:10:55Z,settled
TXN-001295,ACC-0198,CARD-0106,MCH-0098,online,427.06,AUD,2026-06-23T14:07:58Z,settled
TXN-001296,ACC-0089,CARD-0219,MCH-0151,pos,398.76,NZD,2026-06-29T22:44:54Z,settled
TXN-001297,ACC-0103,CARD-0172,MCH-0200,online,220.65,AUD,2026-06-28T21:59:22Z,settled
TXN-001298,ACC-0044,CARD-0036,MCH-0174,mobile,228.18,AUD,2026-07-04T19:29:38Z,settled
TXN-001299,ACC-0174,CARD-0246,MCH-0108,online,67.54,AUD,2026-06-24T20:10:51Z,settled
TXN-001300,ACC-0183,CARD-0072,MCH-0067,atm,218.09,AUD,2026-06-24T19:14:50Z,authorized
TXN-001301,ACC-9999,CARD-9999,MCH-0013,mobile,-425.81,AUD,2026-06-13T16:07:46Z,settled
TXN-001302,ACC-0125,CARD-0150,MCH-0160,mobile,146.98,AUD,2026-06-18T21:25:58Z,settled
TXN-001290,ACC-0092,CARD-0024,MCH-0143,atm,309.52,AUD,2026-06-23T17:14:10Z,authorized
TXN-001303,ACC-0137,CARD-0049,MCH-0080,pos,343.50,USD,2026-06-12T05:17:57Z,settled
TXN-001304,ACC-0222,CARD-0105,MCH-0173,pos,427.88,AUD,2026-07-04T21:03:51Z,settled
TXN-001305,ACC-9999,CARD-9999,MCH-0121,atm,36.09,AUD,2026-06-10T09:55:32Z,authorized
TXN-001306,ACC-0059,CARD-0007,MCH-0172,mobile,203.48,AUD,2026-07-05T21:47:06Z,settled
TXN-001307,ACC-0161,CARD-0247,MCH-0029,atm,283.46,AUD,2026-06-15T10:33:45Z,settled
TXN-001308,ACC-0205,CARD-0019,MCH-0096,pos,195.90,AUD,2026-06-06T06:11:51Z,settled
TXN-001309,ACC-9999,CARD-9999,,mobile,74.07,AUD,2026-06-25T15:32:47Z,settled
TXN-001310,ACC-0022,CARD-0047,MCH-0090,mobile,215.03,AUD,2026-07-02T03:14:46Z,settled
TXN-001311,ACC-0076,CARD-0172,MCH-0173,pos,469.22,USD,2027-01-30T18:52:24Z,settled
TXN-001312,ACC-0069,CARD-0044,MCH-0106,pos,138.88,SGD,2026-06-08T23:31:27Z,settled
TXN-001313,ACC-0082,CARD-0230,MCH-0013,mobile,226.55,AUD,2026-06-23T20:31:23Z,settled
TXN-001314,ACC-0202,CARD-0075,,atm,493.71,AUD,2026-07-01T21:13:04Z,settled
TXN-001315,ACC-0013,CARD-0113,MCH-0125,atm,291.78,AUD,2026-06-05T06:34:46Z,settled
TXN-001316,ACC-0162,CARD-0030,MCH-0015,atm,68.88,AUD,2026-06-23T16:04:08Z,settled
TXN-001167,ACC-0203,CARD-0145,MCH-0094,pos,308.35,NZD,2026-06-24T12:55:47Z,settled
TXN-001317,ACC-9999,CARD-9999,MCH-0023,atm,4.39,AUD,2026-06-13T12:34:16Z,settled
TXN-001318,ACC-0144,CARD-0065,,mobile,243.95,AUD,2026-06-30T22:23:45Z,settled
TXN-001319,ACC-0095,CARD-0223,MCH-0024,online,416.75,AUD,2026-06-08T07:25:28Z,settled
TXN-001320,ACC-0021,CARD-0147,,atm,300.23,AUD,2026-06-19T10:00:47Z,settled
TXN-001321,ACC-0094,CARD-0107,MCH-0083,mobile,247.73,AUD,2026-06-22T23:26:28Z,settled
TXN-001322,ACC-0192,CARD-0081,MCH-0166,pos,-409.81,AUD,2026-07-02T21:39:09Z,settled
TXN-001323,ACC-0027,CARD-0059,MCH-0065,mobile,278.45,AUD,2026-06-24T23:04:51Z,settled
TXN-001324,ACC-0188,CARD-0032,MCH-0016,mobile,486.78,AUD,2026-06-23T10:35:08Z,settled
TXN-001325,ACC-0098,CARD-0179,MCH-0159,atm,408.36,AUD,2026-06-23T19:08:42Z,settled
TXN-001326,ACC-0165,CARD-0080,MCH-0091,mobile,79.93,GBP,2026-06-12T09:23:02Z,authorized
TXN-001327,ACC-0166,CARD-0173,MCH-0173,online,23.38,AUD,2026-06-22T02:00:37Z,settled
TXN-001328,ACC-0123,CARD-0096,MCH-0158,atm,98.19,AUD,2026-06-27T13:16:18Z,declined
TXN-001329,ACC-0178,CARD-0243,,online,116.78,AUD,2026-06-05T20:37:40Z,settled
TXN-001330,ACC-0157,CARD-0034,MCH-0004,mobile,447.25,AUD,2026-07-02T18:39:26Z,authorized
TXN-001331,ACC-9999,CARD-9999,MCH-0146,pos,450.81,AUD,2026-06-05T13:33:50Z,settled
TXN-001332,ACC-0072,CARD-0079,MCH-0008,pos,481.46,AUD,2026-06-20T17:20:09Z,settled
TXN-001333,ACC-0179,CARD-0189,MCH-0166,atm,346.51,AUD,2026-06-25T12:43:40Z,settled
TXN-001090,ACC-0057,CARD-0188,MCH-0020,atm,203.91,AUD,2026-06-14T11:49:41Z,settled
TXN-001334,ACC-0039,CARD-0040,MCH-0180,atm,18.11,AUD,2026-06-24T05:55:51Z,settled
TXN-001335,ACC-0091,CARD-0239,MCH-0193,atm,257.35,AUD,2026-06-22T21:08:50Z,settled
TXN-001336,ACC-0138,CARD-0184,MCH-0127,pos,43.86,AUD,2026-07-02T21:08:57Z,settled
TXN-001337,ACC-0017,CARD-0253,MCH-0110,online,250.29,AUD,2026-06-15T17:51:16Z,settled
TXN-001338,ACC-0009,CARD-0093,MCH-0178,online,302.88,AUD,2026-06-22T04:22:28Z,settled
TXN-001339,ACC-0219,CARD-0198,MCH-0162,online,48.06,AUD,2026-06-07T17:36:12Z,settled
TXN-001340,ACC-0148,CARD-0027,MCH-0002,online,410.11,AUD,2026-06-14T15:56:00Z,settled
TXN-001341,ACC-0069,CARD-0265,MCH-0119,pos,359.76,AUD,2026-06-14T19:56:29Z,declined
TXN-001342,ACC-0020,CARD-0123,MCH-0041,pos,136.18,AUD,2026-07-05T02:05:24Z,authorized
TXN-001126,ACC-0079,CARD-0046,MCH-0057,online,466.92,AUD,2026-06-09T11:50:26Z,settled
TXN-001343,ACC-0113,CARD-0153,MCH-0014,atm,77.51,AUD,2026-07-02T07:54:41Z,settled
TXN-001344,ACC-9999,CARD-9999,MCH-0030,atm,225.22,AUD,2026-06-13T20:58:12Z,settled
TXN-001345,ACC-0007,CARD-0082,MCH-0082,pos,198.76,USD,2026-06-23T13:19:56Z,settled
TXN-001066,ACC-0165,CARD-0137,MCH-0198,atm,2.82,AUD,2026-06-28T13:46:44Z,authorized
TXN-001346,ACC-0126,CARD-0104,MCH-0058,pos,75.99,SGD,2026-06-07T03:43:28Z,settled
TXN-001347,ACC-0165,CARD-0170,MCH-0171,mobile,296.52,AUD,2026-06-16T00:21:00Z,settled
TXN-001141,ACC-0074,CARD-0269,MCH-0142,pos,18.51,AUD,2026-07-03T04:56:38Z,settled
TXN-001348,ACC-0166,CARD-0267,MCH-0009,pos,206.88,SGD,2026-07-05T15:54:59Z,settled
TXN-001315,ACC-0013,CARD-0113,MCH-0125,atm,291.78,AUD,2026-06-05T06:34:46Z,settled
TXN-001349,ACC-0157,CARD-0081,MCH-0045,online,188.78,AUD,2026-06-20T16:33:27Z,settled
TXN-001350,ACC-0193,CARD-0088,MCH-0103,atm,192.58,AUD,2027-03-08T22:38:30Z,settled
TXN-001351,ACC-0189,CARD-0212,MCH-0068,online,447.57,USD,2026-06-16T21:02:00Z,authorized
TXN-001352,ACC-0215,CARD-0234,MCH-0174,pos,96.06,AUD,2026-06-19T14:32:45Z,authorized
TXN-001353,ACC-0131,CARD-0088,,online,238.15,AUD,2026-06-30T06:26:02Z,declined
TXN-001354,ACC-0071,CARD-0008,MCH-0086,online,28.90,AUD,2026-06-08T11:41:43Z,settled
TXN-001202,ACC-0173,CARD-0250,MCH-0039,atm,1.30,AUD,2026-06-27T21:14:30Z,declined
TXN-001355,ACC-0127,CARD-0238,MCH-0135,pos,418.06,AUD,2026-06-10T05:03:13Z,settled
TXN-001356,ACC-0100,CARD-0222,MCH-0035,atm,391.09,AUD,2026-07-03T17:11:34Z,settled
TXN-001357,ACC-0058,CARD-0219,MCH-0153,atm,90.57,AUD,2026-06-10T08:02:24Z,settled
TXN-001358,ACC-0124,CARD-0059,MCH-0118,mobile,377.18,AUD,2026-06-10T08:13:11Z,settled
TXN-001359,ACC-0122,CARD-0085,MCH-0093,atm,373.46,AUD,2026-06-09T19:43:41Z,settled
TXN-001360,ACC-0094,CARD-0147,MCH-0150,mobile,114.02,USD,2026-06-09T04:04:01Z,settled
TXN-001312,ACC-0069,CARD-0044,MCH-0106,pos,138.88,SGD,2026-06-08T23:31:27Z,settled
TXN-001361,ACC-0186,CARD-0205,MCH-0014,online,279.08,AUD,2026-06-23T03:28:27Z,settled
TXN-001362,ACC-0039,CARD-0239,MCH-0003,atm,449.63,AUD,2026-06-22T13:46:38Z,settled
TXN-001363,ACC-0028,CARD-0057,MCH-0042,mobile,415.24,AUD,2026-06-07T06:22:58Z,settled
TXN-001364,ACC-0207,CARD-0267,MCH-0132,atm,-29.02,NZD,2026-06-10T18:07:39Z,settled
TXN-001365,ACC-0087,CARD-0229,MCH-0090,mobile,231.54,AUD,2026-06-26T23:50:13Z,settled
TXN-001366,ACC-0043,CARD-0176,MCH-0191,mobile,325.55,GBP,2026-06-20T22:33:48Z,settled
TXN-001367,ACC-0027,CARD-0263,MCH-0194,atm,97.50,AUD,2026-06-10T07:10:15Z,authorized
TXN-001368,ACC-0097,CARD-0227,MCH-0085,pos,102.10,AUD,2026-06-26T06:38:40Z,authorized
TXN-001369,ACC-0065,CARD-0027,,online,7.74,AUD,2026-06-07T06:14:25Z,authorized
TXN-001370,ACC-0097,CARD-0148,MCH-0080,online,-220.03,AUD,2026-06-05T11:00:48Z,settled
TXN-001371,ACC-0167,CARD-0203,MCH-0010,online,237.19,AUD,2026-06-05T12:28:03Z,settled
TXN-001372,ACC-0171,CARD-0132,MCH-0179,online,418.16,AUD,2026-06-10T08:15:50Z,settled
TXN-001373,ACC-0203,CARD-0183,MCH-0142,mobile,457.60,AUD,2026-06-30T06:57:57Z,settled
TXN-001374,ACC-0193,CARD-0141,MCH-0153,mobile,494.60,AUD,2026-06-10T05:06:47Z,settled
TXN-001375,ACC-0089,CARD-0074,MCH-0106,mobile,496.90,AUD,2026-06-06T20:26:49Z,settled
TXN-001376,ACC-0224,CARD-0198,MCH-0122,mobile,158.27,GBP,2026-06-11T09:34:55Z,settled
TXN-001377,ACC-0093,CARD-0071,MCH-0194,pos,351.63,AUD,2026-06-26T08:47:54Z,settled
TXN-001378,ACC-0070,CARD-0120,MCH-0094,atm,349.58,AUD,2026-06-07T14:24:20Z,settled
TXN-001379,ACC-0050,CARD-0153,MCH-0050,online,27.95,AUD,2026-07-03T14:19:57Z,settled
TXN-001380,ACC-0013,CARD-0030,MCH-0135,atm,303.95,AUD,2027-01-16T23:24:16Z,settled
TXN-001381,ACC-0135,CARD-0111,MCH-0154,atm,-424.20,USD,2026-06-24T04:45:26Z,settled
TXN-001382,ACC-0064,CARD-0243,MCH-0054,online,384.69,AUD,2026-06-20T13:39:00Z,refunded
TXN-001341,ACC-0069,CARD-0265,MCH-0119,pos,359.76,AUD,2026-06-14T19:56:29Z,declined
TXN-001383,ACC-0054,CARD-0175,MCH-0086,mobile,318.13,AUD,2026-07-03T02:59:19Z,settled
TXN-001080,ACC-0072,CARD-0251,MCH-0025,pos,307.76,AUD,2026-06-20T11:31:27Z,settled
TXN-001384,ACC-0215,CARD-0050,,mobile,167.75,SGD,2026-06-14T02:25:51Z,settled
TXN-001385,ACC-0082,CARD-0173,MCH-0034,online,228.26,AUD,2026-06-10T12:39:47Z,reversed
TXN-001339,ACC-0219,CARD-0198,MCH-0162,online,48.06,AUD,2026-06-07T17:36:12Z,settled
TXN-001386,ACC-0115,CARD-0158,MCH-0142,atm,223.52,AUD,2026-06-16T09:37:54Z,settled
TXN-001387,ACC-0125,CARD-0153,MCH-0166,pos,365.06,AUD,2026-06-08T12:20:50Z,settled
TXN-001388,ACC-0129,CARD-0081,MCH-0015,pos,10.57,AUD,2026-07-03T10:20:07Z,settled
TXN-001389,ACC-0088,CARD-0229,MCH-0068,mobile,12.49,AUD,2026-06-27T11:16:50Z,settled
TXN-001390,ACC-0097,CARD-0254,MCH-0160,online,119.53,AUD,2026-06-15T08:19:38Z,authorized
TXN-001391,ACC-0196,CARD-0041,MCH-0034,pos,367.59,AUD,2026-06-11T14:07:27Z,settled
TXN-001392,ACC-0116,CARD-0083,,mobile,228.04,AUD,2026-06-25T07:55:57Z,settled
TXN-001393,ACC-0189,CARD-0242,MCH-0021,online,195.56,AUD,2026-06-24T10:39:44Z,settled
TXN-001394,ACC-0031,CARD-0090,MCH-0060,atm,250.99,AUD,2027-03-14T03:22:01Z,declined
TXN-001395,ACC-0052,CARD-0175,MCH-0073,atm,461.21,AUD,2026-06-15T23:38:21Z,settled
TXN-001396,ACC-0138,CARD-0040,MCH-0048,online,159.34,AUD,2026-06-24T21:20:10Z,authorized
TXN-001397,ACC-0217,CARD-0198,,online,442.50,AUD,2026-06-24T22:39:49Z,settled
TXN-001398,ACC-0040,CARD-0190,MCH-0086,pos,301.02,AUD,2027-04-07T10:44:09Z,settled
TXN-001399,ACC-0086,CARD-0035,MCH-0055,pos,419.24,AUD,2026-07-01T19:43:41Z,reversed
TXN-001400,ACC-0050,CARD-0089,MCH-0199,mobile,-417.08,AUD,2027-01-15T15:06:25Z,settled
TXN-001401,ACC-0073,CARD-0194,MCH-0020,pos,108.64,AUD,2026-06-09T01:47:51Z,settled
TXN-001402,ACC-9999,CARD-9999,,mobile,428.00,AUD,2026-06-07T04:00:07Z,authorized
TXN-001403,ACC-9999,CARD-9999,MCH-0065,online,487.87,AUD,2026-07-05T19:04:56Z,declined
TXN-001404,ACC-0221,CARD-0108,MCH-0147,pos,175.24,AUD,2026-06-10T03:31:03Z,settled
TXN-001405,ACC-0225,CARD-0132,MCH-0034,mobile,5.21,NZD,2026-06-17T00:53:10Z,settled
TXN-001406,ACC-0201,CARD-0036,MCH-0183,pos,124.99,AUD,2026-06-29T15:04:40Z,settled
TXN-001407,ACC-0017,CARD-0131,MCH-0058,online,361.82,AUD,2026-06-13T20:14:51Z,settled
TXN-001408,ACC-0008,CARD-0112,MCH-0048,pos,75.83,AUD,2026-06-28T18:25:52Z,settled
TXN-001409,ACC-0077,CARD-0059,MCH-0154,pos,86.27,AUD,2026-06-07T22:31:00Z,declined
TXN-001410,ACC-0020,CARD-0222,MCH-0189,online,79.11,AUD,2026-06-26T14:35:51Z,refunded
TXN-001411,ACC-0122,CARD-0068,MCH-0127,online,-148.77,USD,2026-06-12T05:42:28Z,declined
TXN-001412,ACC-0203,CARD-0036,MCH-0171,mobile,375.09,AUD,2026-06-30T09:28:17Z,settled
TXN-001413,ACC-0217,CARD-0022,MCH-0003,online,408.81,AUD,2026-06-22T19:37:55Z,settled
TXN-001414,ACC-0224,CARD-0174,MCH-0007,atm,137.23,AUD,2026-07-04T13:27:14Z,settled
TXN-001415,ACC-0198,CARD-0218,MCH-0127,pos,302.02,AUD,2026-06-08T21:03:40Z,settled
TXN-001416,ACC-0028,CARD-0235,MCH-0195,pos,288.80,AUD,2026-06-05T19:33:48Z,settled
TXN-001417,ACC-0133,CARD-0011,MCH-0183,atm,431.10,AUD,2026-06-30T05:32:55Z,settled
TXN-001418,ACC-0190,CARD-0143,MCH-0079,mobile,482.50,SGD,2026-07-02T13:15:37Z,settled
TXN-001419,ACC-0191,CARD-0043,MCH-0021,pos,160.27,USD,2026-07-04T07:46:27Z,settled
TXN-001420,ACC-0120,CARD-0097,MCH-0007,online,10.05,AUD,2026-06-19T04:35:23Z,declined
TXN-001421,ACC-9999,CARD-9999,MCH-0135,mobile,13.54,AUD,2026-06-13T15:13:36Z,settled
TXN-001422,ACC-0066,CARD-0154,MCH-0103,mobile,-462.53,AUD,2026-06-10T07:10:25Z,authorized
TXN-001423,ACC-0050,CARD-0138,MCH-0102,mobile,419.07,AUD,2026-06-11T04:03:01Z,declined
TXN-001424,ACC-0130,CARD-0004,MCH-0171,atm,121.47,AUD,2026-06-30T04:06:21Z,settled
TXN-001425,ACC-0031,CARD-0106,MCH-0080,online,419.04,AUD,2026-07-03T17:06:25Z,settled
TXN-001293,ACC-0188,CARD-0173,MCH-0131,pos,24.89,AUD,2026-06-10T16:32:09Z,settled
TXN-001426,ACC-0147,CARD-0100,MCH-0140,online,150.31,USD,2026-07-02T06:16:29Z,declined
TXN-001427,ACC-0222,CARD-0189,MCH-0195,atm,352.30,AUD,2026-06-27T12:00:42Z,settled
TXN-001428,ACC-0166,CARD-0215,MCH-0150,mobile,307.70,AUD,2026-06-29T04:05:54Z,settled
TXN-001214,ACC-0147,CARD-0086,MCH-0070,pos,41.36,AUD,2026-06-21T04:11:37Z,settled
TXN-001429,ACC-0049,CARD-0243,MCH-0019,mobile,321.89,AUD,2026-06-05T14:57:27Z,settled
TXN-001430,ACC-0094,CARD-0006,MCH-0015,atm,61.84,AUD,2026-06-25T08:12:27Z,settled
TXN-001431,ACC-0190,CARD-0058,MCH-0184,online,188.80,NZD,2026-06-06T01:58:40Z,declined
TXN-001432,ACC-0139,CARD-0051,MCH-0019,mobile,146.07,AUD,2026-06-14T00:12:23Z,settled
TXN-001433,ACC-0094,CARD-0220,MCH-0074,mobile,-311.79,AUD,2026-06-17T09:36:20Z,settled
TXN-001434,ACC-0199,CARD-0234,MCH-0008,mobile,341.19,AUD,2026-06-22T15:29:19Z,authorized
TXN-001435,ACC-0102,CARD-0152,MCH-0113,mobile,403.88,AUD,2026-06-05T18:57:22Z,reversed
TXN-001436,ACC-0010,CARD-0019,MCH-0043,mobile,397.12,AUD,2026-12-04T23:47:21Z,settled
TXN-001437,ACC-0169,CARD-0146,MCH-0145,mobile,-351.27,AUD,2026-07-02T00:25:36Z,settled
TXN-001438,ACC-0001,CARD-0068,MCH-0146,pos,78.56,AUD,2026-06-11T00:51:44Z,settled
TXN-001439,ACC-0044,CARD-0234,MCH-0115,atm,237.90,AUD,2026-06-12T18:19:51Z,authorized
TXN-001440,ACC-0195,CARD-0175,MCH-0033,mobile,494.00,AUD,2026-06-15T01:14:50Z,settled
TXN-001441,ACC-0197,CARD-0055,MCH-0071,pos,223.99,AUD,2026-06-05T01:19:05Z,settled
TXN-001442,ACC-0178,CARD-0164,MCH-0071,pos,242.96,AUD,2026-06-14T09:31:19Z,authorized
TXN-001443,ACC-9999,CARD-9999,MCH-0087,pos,237.75,USD,2026-06-25T10:30:54Z,declined
TXN-001444,ACC-0040,CARD-0036,MCH-0052,atm,194.72,AUD,2026-06-17T10:10:19Z,declined
TXN-001445,ACC-0195,CARD-0167,,mobile,-38.82,AUD,2026-06-26T14:04:29Z,settled
TXN-001446,ACC-0061,CARD-0116,MCH-0042,online,429.59,AUD,2026-06-13T00:29:46Z,settled
TXN-001447,ACC-0124,CARD-0135,MCH-0099,mobile,128.37,AUD,2026-06-09T07:43:51Z,settled
TXN-001448,ACC-0147,CARD-0056,MCH-0119,atm,490.65,AUD,2026-06-23T19:31:13Z,reversed
TXN-001449,ACC-0196,CARD-0230,MCH-0135,mobile,109.92,AUD,2026-06-11T12:30:31Z,authorized
TXN-001450,ACC-0208,CARD-0207,MCH-0026,online,265.10,AUD,2026-06-07T09:49:34Z,settled
TXN-001226,ACC-0179,CARD-0132,MCH-0128,pos,233.70,SGD,2026-06-11T21:48:40Z,settled
TXN-001451,ACC-0133,CARD-0233,MCH-0068,pos,37.21,AUD,2026-07-05T11:29:17Z,settled
TXN-001452,ACC-0193,CARD-0169,MCH-0052,pos,51.84,USD,2026-06-29T06:47:30Z,settled
TXN-001453,ACC-9999,CARD-9999,MCH-0125,online,101.69,AUD,2026-06-12T00:57:08Z,settled
TXN-001454,ACC-0090,CARD-0046,MCH-0101,atm,260.37,AUD,2026-06-20T20:33:08Z,settled
TXN-001455,ACC-0083,CARD-0050,MCH-0098,mobile,62.52,NZD,2027-06-26T17:55:00Z,settled
TXN-001456,ACC-0091,CARD-0220,MCH-0038,online,441.06,AUD,2026-06-19T20:28:37Z,settled
TXN-001457,ACC-0024,CARD-0102,MCH-0057,mobile,-144.47,AUD,2026-06-30T18:28:00Z,settled
TXN-001458,ACC-0148,CARD-0259,MCH-0168,mobile,244.58,AUD,2026-06-20T22:18:17Z,settled
TXN-001459,ACC-0099,CARD-0114,MCH-0111,pos,57.32,AUD,2027-02-20T00:27:53Z,settled
TXN-001460,ACC-0122,CARD-0211,MCH-0152,online,47.49,AUD,2026-06-11T19:15:38Z,settled
TXN-001461,ACC-0169,CARD-0262,MCH-0016,online,451.75,AUD,2026-06-29T15:59:37Z,settled
TXN-001462,ACC-0005,CARD-0216,MCH-0057,pos,356.74,AUD,2026-06-07T04:33:41Z,refunded
TXN-001463,ACC-0069,CARD-0019,MCH-0178,pos,15.75,AUD,2026-06-16T13:46:21Z,settled
TXN-001464,ACC-0003,CARD-0026,MCH-0113,mobile,19.62,AUD,2026-06-29T05:47:19Z,settled
TXN-001465,ACC-0173,CARD-0223,MCH-0053,mobile,159.52,AUD,2026-06-07T13:09:42Z,settled
TXN-001466,ACC-0021,CARD-0039,MCH-0067,atm,93.80,AUD,2026-06-06T00:13:20Z,settled
TXN-001467,ACC-0081,CARD-0010,MCH-0091,atm,21.70,AUD,2026-06-08T20:54:04Z,settled
TXN-001468,ACC-0133,CARD-0045,MCH-0027,atm,32.21,AUD,2026-06-14T15:16:59Z,settled
TXN-001469,ACC-0084,CARD-0110,MCH-0078,atm,103.59,NZD,2026-06-23T03:38:37Z,settled
TXN-001470,ACC-0202,CARD-0138,,pos,-157.59,AUD,2026-06-19T12:20:41Z,settled
TXN-001471,ACC-0074,CARD-0044,MCH-0023,pos,274.85,AUD,2026-06-30T17:26:23Z,settled
TXN-001472,ACC-0084,CARD-0065,MCH-0198,pos,478.41,USD,2026-06-08T01:16:29Z,settled
TXN-001473,ACC-0184,CARD-0231,MCH-0166,atm,338.39,NZD,2026-06-06T15:49:47Z,settled
TXN-001448,ACC-0147,CARD-0056,MCH-0119,atm,490.65,AUD,2026-06-23T19:31:13Z,reversed
TXN-001474,ACC-0088,CARD-0073,,mobile,428.36,GBP,2026-07-04T19:42:12Z,settled
TXN-001475,ACC-0164,CARD-0134,MCH-0175,online,190.61,AUD,2027-03-22T14:14:02Z,settled
TXN-001476,ACC-0106,CARD-0140,MCH-0176,online,316.43,AUD,2026-06-26T01:22:57Z,settled
TXN-001477,ACC-0057,CARD-0160,MCH-0073,mobile,73.22,AUD,2026-06-25T20:19:16Z,settled
TXN-001478,ACC-0162,CARD-0233,MCH-0031,online,402.38,AUD,2026-07-01T13:33:56Z,settled
TXN-001351,ACC-0189,CARD-0212,MCH-0068,online,447.57,USD,2026-06-16T21:02:00Z,authorized
TXN-001479,ACC-0184,CARD-0071,MCH-0037,atm,14.99,AUD,2026-06-09T23:11:34Z,settled
TXN-001480,ACC-0045,CARD-0156,MCH-0150,online,179.34,AUD,2026-06-07T20:20:38Z,settled
TXN-001481,ACC-0207,CARD-0068,MCH-0015,pos,378.18,SGD,2026-06-26T00:50:11Z,settled
TXN-001482,ACC-0213,CARD-0129,MCH-0035,mobile,404.53,GBP,2026-06-07T02:31:39Z,authorized
TXN-001483,ACC-0085,CARD-0208,MCH-0005,online,190.43,AUD,2026-06-15T16:21:29Z,settled
TXN-001484,ACC-0209,CARD-0018,MCH-0162,mobile,61.85,GBP,2026-06-28T01:52:39Z,settled
TXN-001485,ACC-0225,CARD-0015,MCH-0120,online,273.29,AUD,2026-06-08T06:24:24Z,settled
TXN-001486,ACC-0111,CARD-0205,MCH-0004,mobile,92.06,NZD,2026-06-11T10:46:10Z,settled
TXN-001487,ACC-0195,CARD-0151,MCH-0080,atm,452.76,AUD,2026-06-28T03:33:29Z,settled
TXN-001488,ACC-0090,CARD-0159,MCH-0103,atm,330.50,USD,2026-06-29T06:57:50Z,settled
TXN-001489,ACC-0187,CARD-0015,MCH-0117,pos,155.40,AUD,2026-06-23T05:37:32Z,settled
TXN-001490,ACC-0196,CARD-0060,MCH-0149,atm,146.79,AUD,2026-06-15T01:09:02Z,settled
TXN-001491,ACC-0159,CARD-0194,MCH-0190,mobile,353.71,AUD,2026-06-28T18:14:43Z,settled
TXN-001492,ACC-0092,CARD-0218,MCH-0194,online,265.00,AUD,2026-06-05T10:32:30Z,declined
TXN-001493,ACC-0058,CARD-0194,MCH-0051,atm,333.46,AUD,2026-06-15T01:21:51Z,settled
TXN-001494,ACC-9999,CARD-9999,MCH-0049,atm,107.91,NZD,2026-06-07T20:24:17Z,settled
TXN-001495,ACC-0024,CARD-0159,MCH-0076,atm,469.89,AUD,2026-06-09T01:48:50Z,settled
TXN-001496,ACC-0098,CARD-0231,MCH-0052,atm,136.32,AUD,2026-06-16T02:26:44Z,authorized
TXN-001497,ACC-9999,CARD-9999,MCH-0149,online,195.01,AUD,2026-06-19T22:32:26Z,declined
TXN-001295,ACC-0198,CARD-0106,MCH-0098,online,427.06,AUD,2026-06-23T14:07:58Z,settled
TXN-001498,ACC-0147,CARD-0053,MCH-0005,mobile,308.53,AUD,2026-06-23T20:13:16Z,settled
TXN-001499,ACC-0041,CARD-0135,,atm,288.16,AUD,2026-07-03T04:24:04Z,settled
TXN-001500,ACC-0220,CARD-0103,MCH-0002,pos,390.04,AUD,2026-06-28T03:51:29Z,settled
TXN-001501,ACC-0061,CARD-0167,MCH-0097,pos,86.00,AUD,2026-06-19T21:41:53Z,settled
TXN-001502,ACC-0059,CARD-0141,MCH-0198,online,166.21,AUD,2026-06-20T23:47:20Z,settled
TXN-001503,ACC-0175,CARD-0034,MCH-0074,online,89.82,AUD,2026-06-10T00:36:20Z,settled
TXN-001212,ACC-0201,CARD-0040,MCH-0150,online,51.35,AUD,2026-07-05T02:44:22Z,authorized
TXN-001504,ACC-0171,CARD-0002,MCH-0127,atm,108.55,AUD,2026-06-19T05:34:40Z,settled
TXN-001505,ACC-0087,CARD-0164,MCH-0108,online,121.79,AUD,2027-04-11T01:53:45Z,settled
TXN-001506,ACC-0004,CARD-0120,MCH-0083,atm,241.31,AUD,2026-06-19T20:09:40Z,settled
TXN-001507,ACC-0047,CARD-0079,MCH-0180,online,23.58,AUD,2026-06-14T03:04:26Z,settled
TXN-001508,ACC-0072,CARD-0015,MCH-0135,atm,490.63,AUD,2026-06-10T07:31:02Z,settled
TXN-001509,ACC-0086,CARD-0030,,online,353.05,AUD,2026-06-07T13:38:12Z,authorized
TXN-001510,ACC-0096,CARD-0137,MCH-0041,atm,380.28,AUD,2026-06-05T20:07:16Z,declined
TXN-001511,ACC-0096,CARD-0254,MCH-0040,mobile,59.83,AUD,2026-06-15T09:16:54Z,settled
TXN-001512,ACC-0069,CARD-0007,MCH-0195,pos,195.91,AUD,2026-07-05T17:13:50Z,settled
TXN-001513,ACC-0203,CARD-0176,MCH-0130,atm,70.96,SGD,2026-06-27T19:18:39Z,settled
TXN-001514,ACC-0176,CARD-0128,MCH-0105,online,187.03,AUD,2026-06-25T08:58:54Z,authorized
TXN-001515,ACC-0125,CARD-0120,MCH-0017,mobile,401.65,USD,2026-07-01T17:26:17Z,settled
TXN-001516,ACC-0064,CARD-0043,MCH-0122,online,322.46,AUD,2026-06-06T19:39:49Z,settled
TXN-001517,ACC-0014,CARD-0148,MCH-0086,pos,157.58,AUD,2026-06-09T07:38:28Z,authorized
TXN-001518,ACC-0003,CARD-0180,MCH-0180,mobile,347.39,AUD,2026-07-04T13:30:05Z,settled
TXN-001519,ACC-0008,CARD-0196,MCH-0008,online,448.67,AUD,2026-07-05T14:49:46Z,settled
TXN-001520,ACC-0142,CARD-0023,MCH-0082,pos,284.41,AUD,2026-06-05T09:44:23Z,settled
TXN-001521,ACC-0028,CARD-0267,MCH-0016,online,352.26,AUD,2026-06-19T03:56:59Z,settled
TXN-001522,ACC-0207,CARD-0212,MCH-0028,atm,192.97,AUD,2026-06-18T04:28:04Z,settled
TXN-001523,ACC-0140,CARD-0229,MCH-0024,online,114.29,AUD,2026-06-11T11:10:34Z,settled
TXN-001524,ACC-0016,CARD-0108,MCH-0033,mobile,452.58,AUD,2026-06-26T09:36:53Z,settled
TXN-001525,ACC-0040,CARD-0160,MCH-0059,mobile,495.66,AUD,2026-06-22T00:17:03Z,declined
TXN-001526,ACC-0084,CARD-0135,MCH-0070,pos,-153.82,AUD,2026-06-28T22:40:14Z,settled
TXN-001527,ACC-0015,CARD-0266,MCH-0092,atm,385.75,AUD,2026-06-25T01:52:32Z,settled
TXN-001528,ACC-0111,CARD-0181,MCH-0099,online,22.00,AUD,2026-06-19T08:38:03Z,settled
TXN-001529,ACC-0214,CARD-0096,MCH-0121,mobile,191.62,AUD,2026-06-20T07:56:35Z,settled
TXN-001530,ACC-0098,CARD-0023,MCH-0181,atm,38.75,USD,2026-06-07T01:18:17Z,declined
TXN-001531,ACC-0027,CARD-0047,MCH-0135,atm,361.60,AUD,2026-06-09T04:22:00Z,settled
TXN-001532,ACC-0133,CARD-0200,MCH-0005,pos,346.15,AUD,2026-06-11T16:38:05Z,settled
TXN-001533,ACC-0072,CARD-0235,MCH-0096,pos,246.69,AUD,2026-06-06T00:47:51Z,settled
TXN-001534,ACC-0170,CARD-0014,MCH-0116,online,478.00,AUD,2026-06-12T07:17:46Z,settled
TXN-001535,ACC-0177,CARD-0061,MCH-0074,online,47.03,AUD,2026-06-17T03:25:57Z,settled
TXN-001536,ACC-0043,CARD-0114,,online,246.30,AUD,2026-07-04T15:56:17Z,settled
TXN-001537,ACC-0087,CARD-0233,MCH-0086,atm,421.67,USD,2026-06-28T16:03:47Z,settled
TXN-001538,ACC-0145,CARD-0074,MCH-0040,atm,2.91,GBP,2026-06-28T08:14:47Z,settled
TXN-001539,ACC-0033,CARD-0016,MCH-0023,atm,422.50,AUD,2026-07-01T20:06:03Z,authorized
TXN-001540,ACC-0141,CARD-0091,MCH-0031,atm,470.93,AUD,2026-06-08T10:27:49Z,authorized
TXN-001541,ACC-0121,CARD-0180,MCH-0134,pos,484.23,AUD,2026-06-17T06:59:32Z,declined
TXN-001542,ACC-9999,CARD-9999,MCH-0109,pos,18.18,AUD,2026-06-11T15:08:12Z,settled
TXN-001543,ACC-0071,CARD-0209,MCH-0155,atm,79.19,AUD,2026-06-11T11:40:52Z,settled
TXN-001544,ACC-0078,CARD-0006,MCH-0165,mobile,186.74,AUD,2027-05-08T04:49:09Z,settled
TXN-001545,ACC-0104,CARD-0112,MCH-0042,pos,233.19,AUD,2026-06-11T01:50:26Z,settled
TXN-001546,ACC-0199,CARD-0026,MCH-0177,mobile,-207.20,AUD,2026-07-04T07:53:45Z,settled
TXN-001547,ACC-0059,CARD-0253,MCH-0175,atm,371.09,AUD,2026-06-13T19:50:52Z,settled
TXN-001548,ACC-0029,CARD-0007,MCH-0143,pos,384.89,AUD,2026-06-16T15:00:32Z,settled
TXN-001549,ACC-0189,CARD-0049,MCH-0004,pos,38.97,AUD,2026-06-27T06:54:56Z,settled
TXN-001550,ACC-0085,CARD-0024,MCH-0091,mobile,205.93,NZD,2026-06-11T18:26:27Z,settled
TXN-001551,ACC-0110,CARD-0082,MCH-0034,mobile,-152.14,AUD,2026-06-12T21:53:45Z,settled
TXN-001552,ACC-0189,CARD-0237,MCH-0156,mobile,406.70,AUD,2026-06-27T07:23:39Z,settled
TXN-001553,ACC-0011,CARD-0107,MCH-0098,pos,496.16,AUD,2026-06-20T02:42:08Z,declined
TXN-001554,ACC-0205,CARD-0014,MCH-0118,mobile,180.35,AUD,2026-06-13T09:45:12Z,settled
TXN-001555,ACC-0079,CARD-0184,MCH-0179,online,9.88,AUD,2026-07-01T10:22:58Z,settled
TXN-001556,ACC-0095,CARD-0263,MCH-0134,online,63.51,AUD,2026-06-24T10:30:18Z,authorized
TXN-001557,ACC-0055,CARD-0221,MCH-0068,online,478.80,AUD,2026-06-11T05:39:34Z,settled
TXN-001558,ACC-0217,CARD-0258,MCH-0071,online,35.17,AUD,2026-07-03T10:25:28Z,settled
TXN-001559,ACC-0078,CARD-0157,MCH-0172,online,499.33,AUD,2026-06-06T14:26:27Z,settled
TXN-001560,ACC-0207,CARD-0041,MCH-0044,mobile,40.19,AUD,2026-06-22T06:03:52Z,settled
TXN-001561,ACC-0098,CARD-0249,MCH-0170,pos,148.79,USD,2026-06-08T17:24:35Z,settled
TXN-001562,ACC-0196,CARD-0117,MCH-0029,mobile,331.80,USD,2026-06-14T11:30:38Z,declined
TXN-001563,ACC-0155,CARD-0059,MCH-0040,mobile,338.60,AUD,2026-07-04T18:24:04Z,settled
TXN-001564,ACC-0002,CARD-0249,,mobile,411.86,AUD,2026-06-21T14:36:36Z,declined
TXN-001565,ACC-0114,CARD-0087,MCH-0038,online,-8.83,AUD,2026-06-07T04:10:11Z,settled
TXN-001566,ACC-0173,CARD-0175,MCH-0021,online,298.28,AUD,2026-06-11T05:16:49Z,settled
TXN-001567,ACC-0207,CARD-0222,MCH-0137,mobile,323.06,GBP,2026-06-18T15:53:42Z,settled
TXN-001568,ACC-0153,CARD-0124,MCH-0093,pos,239.52,AUD,2026-06-11T15:35:34Z,settled
TXN-001569,ACC-9999,CARD-9999,MCH-0148,pos,200.87,SGD,2026-06-28T22:12:23Z,authorized
TXN-001570,ACC-0115,CARD-0053,MCH-0080,atm,191.86,AUD,2026-06-22T21:44:04Z,settled
TXN-001571,ACC-9999,CARD-9999,MCH-0178,pos,197.58,AUD,2026-06-29T04:25:01Z,authorized
TXN-001572,ACC-0156,CARD-0170,MCH-0161,pos,231.19,AUD,2026-07-05T22:20:33Z,authorized
TXN-001573,ACC-0092,CARD-0083,MCH-0060,online,-201.42,AUD,2026-06-12T23:27:31Z,authorized
TXN-001574,ACC-9999,CARD-0052,MCH-0163,online,325.70,AUD,2026-06-29T08:58:32Z,settled
TXN-001575,ACC-0019,CARD-0043,MCH-0013,atm,202.16,AUD,2026-07-03T12:40:54Z,settled
TXN-001576,ACC-0134,CARD-0004,MCH-0004,atm,400.60,AUD,2026-06-10T05:09:18Z,settled
TXN-001577,ACC-0203,CARD-0098,MCH-0058,mobile,90.29,AUD,2026-06-07T11:04:20Z,settled
TXN-001578,ACC-0090,CARD-0042,MCH-0106,pos,345.60,AUD,2026-06-27T10:07:22Z,settled
TXN-001579,ACC-0148,CARD-0098,MCH-0011,pos,496.22,AUD,2026-06-10T17:21:58Z,settled
TXN-001378,ACC-0070,CARD-0120,MCH-0094,atm,349.58,AUD,2026-06-07T14:24:20Z,settled
TXN-001580,ACC-0005,CARD-0012,MCH-0161,atm,-209.63,AUD,2026-06-22T23:55:17Z,settled
TXN-001581,ACC-9999,CARD-9999,MCH-0088,mobile,409.99,AUD,2026-06-27T07:41:49Z,settled
TXN-001582,ACC-9999,CARD-9999,MCH-0099,pos,253.49,AUD,2026-06-18T13:33:15Z,authorized
TXN-001583,ACC-0017,CARD-0031,MCH-0198,pos,425.67,USD,2026-07-03T01:18:02Z,settled
TXN-001584,ACC-0176,CARD-0265,MCH-0016,online,34.14,AUD,2027-04-12T12:16:46Z,declined
TXN-001585,ACC-0040,CARD-0228,MCH-0044,mobile,246.15,NZD,2026-06-23T14:59:56Z,settled
TXN-001586,ACC-0214,CARD-0199,MCH-0111,atm,184.01,AUD,2026-06-20T01:28:47Z,settled
TXN-001587,ACC-0115,CARD-0064,MCH-0143,online,114.73,AUD,2026-06-19T03:52:15Z,settled
TXN-001588,ACC-0028,CARD-0270,MCH-0052,pos,364.22,AUD,2026-06-24T06:06:58Z,settled
TXN-001589,ACC-0027,CARD-0075,MCH-0189,online,168.35,AUD,2026-06-10T21:08:44Z,declined
TXN-001590,ACC-0129,CARD-0048,MCH-0003,online,479.77,AUD,2026-06-12T16:21:12Z,settled
TXN-001591,ACC-0184,CARD-0123,MCH-0194,pos,292.66,AUD,2026-06-27T21:03:45Z,settled
TXN-001592,ACC-0095,CARD-0076,MCH-0133,atm,301.58,AUD,2026-06-16T22:42:57Z,settled
TXN-001593,ACC-9999,CARD-9999,MCH-0144,mobile,85.33,AUD,2026-06-24T18:22:12Z,authorized
TXN-001594,ACC-0118,CARD-0258,MCH-0134,mobile,231.13,USD,2026-07-03T11:06:09Z,settled
TXN-001595,ACC-0185,CARD-0212,MCH-0200,mobile,366.17,AUD,2026-07-02T14:57:18Z,settled
TXN-001596,ACC-0124,CARD-0025,MCH-0066,mobile,95.44,USD,2026-07-05T13:25:20Z,settled
TXN-001597,ACC-0201,CARD-0232,MCH-0049,online,247.85,AUD,2026-06-10T00:30:58Z,settled
TXN-001598,ACC-0106,CARD-0097,MCH-0152,online,144.07,AUD,2026-06-22T20:42:15Z,settled
TXN-001599,ACC-0078,CARD-0151,MCH-0195,atm,497.85,AUD,2026-06-30T04:03:21Z,authorized
TXN-001600,ACC-0025,CARD-0214,MCH-0111,atm,432.70,AUD,2026-06-06T08:13:32Z,settled
TXN-001601,ACC-0060,CARD-0125,MCH-0119,pos,391.23,AUD,2026-06-11T02:02:34Z,settled
TXN-001560,ACC-0207,CARD-0041,MCH-0044,mobile,40.19,AUD,2026-06-22T06:03:52Z,settled
TXN-001602,ACC-0215,CARD-0173,MCH-0135,pos,301.84,AUD,2026-06-29T03:22:13Z,settled
TXN-001603,ACC-0174,CARD-0123,MCH-0167,pos,397.60,SGD,2026-06-13T21:20:28Z,settled
TXN-001483,ACC-0085,CARD-0208,MCH-0005,online,190.43,AUD,2026-06-15T16:21:29Z,settled
TXN-001604,ACC-0136,CARD-0101,MCH-0048,online,326.65,AUD,2027-05-11T10:52:52Z,settled
TXN-001605,ACC-0116,CARD-0225,MCH-0020,pos,379.74,AUD,2026-07-02T10:42:48Z,settled
TXN-001606,ACC-0215,CARD-0194,MCH-0092,atm,173.27,AUD,2026-06-12T00:29:46Z,settled
TXN-001607,ACC-0131,CARD-0171,MCH-0158,online,38.56,AUD,2026-06-17T06:29:01Z,settled
TXN-001608,ACC-0170,CARD-0260,MCH-0079,mobile,317.03,AUD,2026-06-14T05:54:45Z,settled
TXN-001609,ACC-0070,CARD-0130,MCH-0054,atm,270.10,AUD,2027-04-02T16:18:27Z,settled
TXN-001610,ACC-0164,CARD-0071,MCH-0050,mobile,206.00,AUD,2026-06-21T13:05:01Z,declined
TXN-001611,ACC-0215,CARD-0026,MCH-0153,mobile,306.88,AUD,2026-06-07T19:06:50Z,settled
TXN-001612,ACC-9999,CARD-9999,MCH-0106,pos,402.68,AUD,2026-06-27T13:01:05Z,settled
TXN-001613,ACC-0150,CARD-0096,MCH-0139,online,242.84,AUD,2026-06-07T08:15:39Z,settled
TXN-001614,ACC-9999,CARD-9999,MCH-0189,online,150.89,NZD,2026-06-29T17:17:15Z,settled
TXN-001615,ACC-0215,CARD-0082,MCH-0031,online,101.51,AUD,2026-06-29T00:58:03Z,settled
TXN-001616,ACC-0016,CARD-0142,MCH-0055,pos,444.78,AUD,2026-06-23T08:36:40Z,settled
TXN-001617,ACC-0152,CARD-0079,MCH-0181,atm,243.42,AUD,2026-06-30T20:27:18Z,settled
TXN-001618,ACC-0076,CARD-0164,MCH-0165,online,476.13,AUD,2026-06-15T19:54:49Z,settled
TXN-001619,ACC-0215,CARD-0087,,atm,45.59,AUD,2026-06-23T01:47:38Z,settled
TXN-001620,ACC-0151,CARD-0088,MCH-0147,mobile,218.20,AUD,2026-06-05T06:22:59Z,settled
TXN-001621,ACC-0049,CARD-0191,,mobile,71.58,AUD,2026-06-15T04:47:08Z,reversed
TXN-001622,ACC-0087,CARD-0013,,atm,304.00,SGD,2026-07-03T08:37:21Z,declined
TXN-001623,ACC-0211,CARD-0041,MCH-0003,online,179.09,AUD,2026-06-11T15:52:31Z,authorized
TXN-001624,ACC-0217,CARD-0003,MCH-0191,atm,113.66,AUD,2026-06-24T09:07:41Z,settled
TXN-001625,ACC-0042,CARD-0145,MCH-0141,online,170.69,AUD,2026-06-28T01:02:10Z,settled
TXN-001626,ACC-0186,CARD-0012,MCH-0033,online,-486.09,AUD,2026-06-23T09:44:14Z,settled
TXN-001627,ACC-0178,CARD-0051,MCH-0026,pos,488.67,AUD,2026-06-11T09:25:38Z,settled
TXN-001451,ACC-0133,CARD-0233,MCH-0068,pos,37.21,AUD,2026-07-05T11:29:17Z,settled
TXN-001628,ACC-0081,CARD-0030,MCH-0194,mobile,280.25,AUD,2026-06-24T00:44:23Z,settled
TXN-001629,ACC-0057,CARD-0151,MCH-0172,online,106.42,AUD,2026-08-02T19:32:59Z,settled
TXN-001630,ACC-0128,CARD-0147,MCH-0131,online,140.78,AUD,2026-06-14T15:44:58Z,settled
TXN-001631,ACC-0048,CARD-0225,MCH-0192,mobile,313.18,USD,2026-06-30T20:29:54Z,declined
TXN-001632,ACC-0090,CARD-0113,MCH-0036,atm,327.93,AUD,2026-09-04T04:54:57Z,authorized
TXN-001633,ACC-0062,CARD-0185,MCH-0196,atm,-322.33,AUD,2026-06-07T07:09:37Z,settled
TXN-001634,ACC-0097,CARD-0013,MCH-0131,pos,104.73,AUD,2026-06-08T07:54:22Z,settled
TXN-001635,ACC-0168,CARD-0136,MCH-0058,pos,30.85,AUD,2026-07-05T13:47:45Z,settled
TXN-001636,ACC-0192,CARD-0070,MCH-0141,pos,432.74,AUD,2026-06-27T03:30:15Z,declined
TXN-001637,ACC-0048,CARD-0035,MCH-0023,mobile,397.23,AUD,2026-06-18T14:29:01Z,settled
TXN-001638,ACC-0070,CARD-0241,MCH-0169,atm,189.77,AUD,2026-06-20T08:11:53Z,settled
TXN-001639,ACC-0033,CARD-0079,MCH-0137,mobile,180.73,AUD,2026-06-05T09:00:59Z,settled
TXN-001640,ACC-0121,CARD-0228,MCH-0088,atm,19.28,AUD,2026-06-21T01:18:15Z,settled
TXN-001641,ACC-0059,CARD-0121,MCH-0104,atm,34.75,AUD,2026-06-09T16:27:47Z,settled
TXN-001642,ACC-0183,CARD-0036,MCH-0052,pos,379.35,AUD,2026-06-26T13:16:28Z,settled
TXN-001643,ACC-0166,CARD-0113,MCH-0108,online,219.77,AUD,2026-07-03T18:18:04Z,settled
TXN-001644,ACC-0010,CARD-0191,MCH-0078,atm,307.24,AUD,2026-06-07T13:24:36Z,settled
TXN-001645,ACC-0100,CARD-0095,MCH-0064,atm,402.47,AUD,2026-11-09T16:49:54Z,refunded
TXN-001646,ACC-9999,CARD-9999,MCH-0047,atm,177.32,AUD,2026-08-03T10:11:07Z,settled
TXN-001647,ACC-0107,CARD-0148,MCH-0107,pos,481.57,AUD,2026-06-15T19:11:49Z,declined
TXN-001648,ACC-0212,CARD-0032,MCH-0027,mobile,291.59,AUD,2026-06-12T11:07:27Z,declined
TXN-001649,ACC-0223,CARD-0184,MCH-0071,atm,281.03,AUD,2026-06-07T17:27:53Z,authorized
TXN-001636,ACC-0192,CARD-0070,MCH-0141,pos,432.74,AUD,2026-06-27T03:30:15Z,declined
TXN-001650,ACC-0098,CARD-0090,MCH-0197,atm,434.41,AUD,2026-07-02T16:07:51Z,settled
TXN-001651,ACC-0188,CARD-0027,MCH-0114,mobile,209.87,AUD,2026-06-08T23:16:39Z,settled
TXN-001652,ACC-0062,CARD-0104,MCH-0169,atm,331.67,USD,2026-06-19T06:35:29Z,settled
TXN-001653,ACC-0186,CARD-0132,MCH-0074,online,485.10,NZD,2026-06-13T06:14:23Z,settled
TXN-001654,ACC-0138,CARD-0218,MCH-0042,pos,135.66,AUD,2026-06-26T09:59:16Z,settled
TXN-001655,ACC-0124,CARD-0071,MCH-0029,mobile,278.61,AUD,2026-06-29T00:29:33Z,settled
TXN-001656,ACC-0161,CARD-0197,MCH-0129,mobile,489.12,AUD,2026-06-12T21:03:33Z,settled
TXN-001657,ACC-0192,CARD-0265,MCH-0169,atm,279.58,AUD,2026-06-18T16:21:25Z,settled
TXN-001658,ACC-0018,CARD-0008,,atm,125.49,AUD,2026-06-29T06:30:10Z,settled
TXN-001520,ACC-0142,CARD-0023,MCH-0082,pos,284.41,AUD,2026-06-05T09:44:23Z,settled
TXN-001659,ACC-9999,CARD-9999,MCH-0068,mobile,106.07,AUD,2026-06-21T20:48:32Z,settled
TXN-001660,ACC-0120,CARD-0167,MCH-0143,pos,165.29,AUD,2026-06-14T13:24:36Z,settled
TXN-001661,ACC-0189,CARD-0026,MCH-0071,mobile,47.09,AUD,2026-06-06T14:44:35Z,settled
TXN-001662,ACC-0177,CARD-0030,MCH-0120,pos,155.38,AUD,2026-07-04T13:33:04Z,settled
TXN-001663,ACC-0039,CARD-0017,MCH-0017,online,106.64,AUD,2026-11-17T01:14:12Z,settled
TXN-001664,ACC-0058,CARD-0131,MCH-0192,mobile,373.09,SGD,2026-06-28T00:48:02Z,settled
TXN-001665,ACC-0126,CARD-0218,MCH-0179,online,90.18,AUD,2026-06-07T22:38:40Z,settled
TXN-001666,ACC-0213,CARD-0226,MCH-0191,atm,427.98,AUD,2026-06-19T07:27:59Z,settled
TXN-001667,ACC-0037,CARD-0213,MCH-0044,pos,377.01,NZD,2026-06-17T10:43:26Z,settled
TXN-001668,ACC-0108,CARD-0008,MCH-0039,atm,149.50,AUD,2026-06-30T04:04:28Z,settled
TXN-001669,ACC-0099,CARD-0094,MCH-0143,atm,144.97,AUD,2026-06-12T21:35:08Z,authorized
TXN-001670,ACC-0214,CARD-0062,MCH-0142,online,325.66,AUD,2026-06-26T09:50:28Z,settled
TXN-001671,ACC-0106,CARD-0231,MCH-0142,atm,320.78,AUD,2026-06-27T04:51:53Z,settled
TXN-001672,ACC-9999,CARD-9999,MCH-0093,pos,321.59,AUD,2026-06-28T07:20:07Z,settled
TXN-001673,ACC-0187,CARD-0032,MCH-0039,pos,420.91,AUD,2026-06-13T01:13:18Z,authorized
TXN-001674,ACC-0157,CARD-0038,MCH-0121,pos,366.49,AUD,2026-06-10T12:05:47Z,settled
TXN-001675,ACC-0093,CARD-0041,MCH-0060,mobile,90.83,AUD,2026-06-25T13:49:16Z,settled
TXN-001676,ACC-0012,CARD-0270,MCH-0085,pos,17.40,AUD,2026-06-28T16:13:37Z,settled
TXN-001677,ACC-0120,CARD-0059,MCH-0122,pos,98.31,AUD,2026-06-23T02:09:53Z,authorized
TXN-001678,ACC-0013,CARD-0235,MCH-0092,mobile,407.06,AUD,2026-06-05T17:06:11Z,settled
TXN-001679,ACC-0166,CARD-0151,MCH-0070,mobile,318.65,AUD,2026-06-11T11:08:34Z,declined
TXN-001680,ACC-0140,CARD-0270,MCH-0191,atm,427.84,AUD,2026-06-30T03:48:29Z,authorized
TXN-001404,ACC-0221,CARD-0108,MCH-0147,pos,175.24,AUD,2026-06-10T03:31:03Z,settled
TXN-001681,ACC-0062,CARD-0163,MCH-0160,online,-138.82,AUD,2026-07-05T17:24:39Z,authorized
TXN-001682,ACC-0143,CARD-0021,MCH-0070,pos,334.00,AUD,2026-06-10T06:45:26Z,settled
TXN-001683,ACC-0225,CARD-0257,MCH-0065,mobile,104.29,AUD,2026-06-14T01:10:01Z,settled
TXN-001684,ACC-0187,CARD-0255,MCH-0136,online,489.80,AUD,2026-06-08T00:25:07Z,authorized
TXN-001685,ACC-0200,CARD-0169,MCH-0162,atm,11.68,AUD,2026-06-08T18:37:29Z,settled
TXN-001686,ACC-0039,CARD-0226,MCH-0146,mobile,276.37,AUD,2026-06-07T21:41:51Z,declined
TXN-001687,ACC-0173,CARD-0160,MCH-0021,atm,284.31,AUD,2026-07-05T18:43:29Z,settled
TXN-001688,ACC-0035,CARD-0228,,online,312.30,NZD,2026-06-20T12:03:33Z,settled
TXN-001689,ACC-0049,CARD-0028,MCH-0034,online,218.60,AUD,2026-07-29T15:49:01Z,settled
TXN-001690,ACC-0220,CARD-0248,MCH-0098,atm,284.96,AUD,2026-06-28T15:33:04Z,settled
TXN-001691,ACC-0134,CARD-0026,MCH-0167,atm,486.71,AUD,2027-05-28T12:10:51Z,settled
TXN-001692,ACC-0056,CARD-0244,MCH-0182,pos,315.95,SGD,2026-06-13T09:00:34Z,settled
TXN-001693,ACC-0034,CARD-0041,MCH-0131,pos,106.09,AUD,2026-06-29T18:17:59Z,reversed
TXN-001694,ACC-0062,CARD-0260,MCH-0048,atm,391.69,AUD,2026-06-10T08:28:47Z,settled
TXN-001695,ACC-0078,CARD-0046,MCH-0177,online,175.44,AUD,2026-06-07T19:30:40Z,settled
TXN-001696,ACC-0084,CARD-0018,MCH-0059,online,131.91,AUD,2026-06-06T13:18:33Z,settled
TXN-001697,ACC-0177,CARD-0167,MCH-0162,mobile,-196.30,AUD,2026-06-09T01:39:48Z,settled
TXN-001698,ACC-0086,CARD-0016,MCH-0019,mobile,497.17,GBP,2026-06-09T05:30:06Z,declined
TXN-001699,ACC-0197,CARD-0022,MCH-0181,online,103.26,AUD,2026-06-14T12:27:14Z,settled
TXN-001700,ACC-0158,CARD-0237,MCH-0025,atm,410.41,AUD,2026-06-30T02:03:59Z,settled
TXN-001701,ACC-0088,CARD-0255,MCH-0023,mobile,311.89,SGD,2026-06-27T00:43:57Z,settled
TXN-001702,ACC-0134,CARD-0225,MCH-0078,atm,-497.94,AUD,2026-06-22T20:35:05Z,declined
TXN-001703,ACC-9999,CARD-9999,MCH-0028,atm,140.88,AUD,2026-06-15T20:31:53Z,settled
TXN-001704,ACC-0198,CARD-0035,MCH-0113,pos,33.37,AUD,2026-07-01T05:23:05Z,settled
TXN-001705,ACC-0043,CARD-0241,MCH-0078,atm,98.13,AUD,2026-06-23T06:29:04Z,declined
TXN-001706,ACC-0016,CARD-0226,,mobile,261.53,AUD,2026-07-02T16:28:14Z,settled
TXN-001707,ACC-0071,CARD-0151,MCH-0067,online,169.73,AUD,2026-06-26T10:02:52Z,authorized
TXN-001708,ACC-0069,CARD-0207,MCH-0120,online,79.55,USD,2026-07-05T23:46:05Z,settled
TXN-001709,ACC-0023,CARD-0117,MCH-0061,mobile,163.14,AUD,2026-06-17T17:37:34Z,settled
TXN-001710,ACC-0178,CARD-0265,MCH-0016,online,119.13,AUD,2026-06-29T15:41:50Z,settled
TXN-001711,ACC-0039,CARD-0209,MCH-0077,pos,150.27,AUD,2026-06-23T19:40:44Z,settled
TXN-001712,ACC-0043,CARD-0074,MCH-0129,online,234.34,AUD,2026-07-05T10:05:47Z,settled
TXN-001713,ACC-0183,CARD-0040,MCH-0076,online,417.62,USD,2026-06-13T02:37:49Z,declined
TXN-001685,ACC-0200,CARD-0169,MCH-0162,atm,11.68,AUD,2026-06-08T18:37:29Z,settled
TXN-001714,ACC-0052,CARD-0021,,pos,103.84,AUD,2026-06-12T15:29:39Z,settled
TXN-001715,ACC-0123,CARD-0217,MCH-0096,atm,208.91,AUD,2026-06-30T20:33:38Z,settled
TXN-001716,ACC-0131,CARD-0120,MCH-0186,online,39.95,AUD,2026-06-26T06:45:36Z,settled
TXN-001717,ACC-0057,CARD-0232,,atm,41.17,AUD,2026-06-30T19:47:10Z,settled
TXN-001718,ACC-9999,CARD-9999,MCH-0071,pos,193.26,AUD,2026-06-06T13:27:35Z,settled
TXN-001719,ACC-0125,CARD-0211,MCH-0057,atm,279.01,USD,2026-06-10T22:52:10Z,declined
TXN-001720,ACC-0205,CARD-0196,MCH-0100,pos,329.87,AUD,2026-06-23T10:10:57Z,settled
TXN-001721,ACC-0014,CARD-0135,MCH-0138,atm,76.36,AUD,2026-06-24T13:53:42Z,settled
TXN-001722,ACC-0027,CARD-0164,MCH-0097,pos,489.02,AUD,2026-06-14T12:28:07Z,declined
TXN-001723,ACC-0112,CARD-0249,MCH-0052,online,178.19,NZD,2026-06-05T09:27:57Z,settled
TXN-001724,ACC-0016,CARD-0090,MCH-0190,atm,32.17,AUD,2026-06-27T19:49:21Z,settled
TXN-001725,ACC-0149,CARD-0185,MCH-0045,atm,-423.05,AUD,2026-06-21T08:45:10Z,settled
TXN-001726,ACC-0116,CARD-0269,MCH-0066,pos,-321.81,AUD,2026-06-05T12:37:21Z,declined
TXN-001727,ACC-9999,CARD-9999,MCH-0175,online,413.55,AUD,2026-06-29T18:41:28Z,settled
TXN-001728,ACC-0129,CARD-0078,MCH-0048,mobile,138.85,AUD,2026-07-02T16:00:59Z,settled
TXN-001729,ACC-9999,CARD-9999,MCH-0140,atm,480.08,AUD,2026-07-05T17:27:25Z,settled
TXN-001730,ACC-0028,CARD-0107,MCH-0035,mobile,476.17,AUD,2026-06-25T08:39:37Z,declined
TXN-001731,ACC-0187,CARD-0132,MCH-0030,online,464.65,AUD,2026-06-05T00:13:44Z,settled
TXN-001732,ACC-0138,CARD-0259,MCH-0110,atm,285.65,AUD,2026-07-05T01:46:42Z,settled
TXN-001733,ACC-0223,CARD-0173,MCH-0183,pos,-78.97,AUD,2026-07-04T01:23:28Z,settled
TXN-001734,ACC-0166,CARD-0108,MCH-0136,pos,427.47,AUD,2026-06-19T18:37:59Z,settled
TXN-001735,ACC-0191,CARD-0230,MCH-0005,online,346.38,AUD,2026-06-25T23:29:54Z,settled
TXN-001736,ACC-0028,CARD-0164,MCH-0041,mobile,278.64,AUD,2026-06-23T17:25:26Z,authorized
TXN-001737,ACC-0015,CARD-0246,MCH-0027,online,80.37,AUD,2026-06-09T19:43:50Z,settled
TXN-001738,ACC-0176,CARD-0232,MCH-0052,online,52.46,AUD,2026-06-16T18:59:12Z,settled
TXN-001739,ACC-0045,CARD-0223,MCH-0070,atm,14.48,AUD,2026-06-17T13:59:25Z,settled
TXN-001740,ACC-0005,CARD-0251,MCH-0087,atm,216.40,AUD,2026-06-14T20:23:59Z,settled
TXN-001741,ACC-9999,CARD-9999,MCH-0047,mobile,459.56,AUD,2026-06-13T06:21:23Z,settled
TXN-001742,ACC-0089,CARD-0189,MCH-0173,mobile,228.94,AUD,2026-06-14T12:18:30Z,authorized
TXN-001743,ACC-0060,CARD-0129,MCH-0184,atm,434.91,AUD,2026-06-20T11:17:29Z,settled
TXN-001744,ACC-0201,CARD-0128,MCH-0113,pos,15.56,AUD,2026-06-08T11:20:44Z,settled
TXN-001745,ACC-0054,CARD-0126,MCH-0066,pos,269.17,AUD,2026-06-18T18:14:55Z,settled
TXN-001746,ACC-0190,CARD-0046,MCH-0136,online,167.73,AUD,2026-06-13T22:14:18Z,settled
TXN-001747,ACC-0187,CARD-0098,MCH-0012,pos,215.92,AUD,2026-06-14T12:46:27Z,settled
TXN-001748,ACC-0189,CARD-0028,MCH-0139,pos,332.48,AUD,2026-06-27T00:30:05Z,settled
TXN-001749,ACC-9999,CARD-9999,MCH-0079,mobile,432.11,AUD,2026-06-28T08:48:37Z,settled
TXN-001750,ACC-0202,CARD-0205,MCH-0089,pos,123.02,SGD,2026-06-28T18:43:37Z,authorized
TXN-001751,ACC-0204,CARD-0179,MCH-0170,pos,162.34,AUD,2026-06-10T06:45:07Z,settled
TXN-001752,ACC-0009,CARD-0072,MCH-0081,mobile,9.63,USD,2026-06-19T05:32:19Z,settled
TXN-001577,ACC-0203,CARD-0098,MCH-0058,mobile,90.29,AUD,2026-06-07T11:04:20Z,settled
TXN-001753,ACC-0014,CARD-0185,MCH-0016,atm,-178.85,AUD,2026-06-07T13:40:01Z,settled
TXN-001637,ACC-0048,CARD-0035,MCH-0023,mobile,397.23,AUD,2026-06-18T14:29:01Z,settled
TXN-001754,ACC-0152,CARD-0147,MCH-0024,pos,347.61,AUD,2026-06-13T01:49:20Z,settled
TXN-001755,ACC-0076,CARD-0256,MCH-0046,pos,195.00,AUD,2026-06-25T17:09:42Z,settled
TXN-001756,ACC-0080,CARD-0201,MCH-0183,pos,131.91,AUD,2026-06-08T22:01:18Z,settled
TXN-001757,ACC-0025,CARD-0115,MCH-0152,atm,35.87,GBP,2026-06-10T17:02:52Z,settled
TXN-001758,ACC-0179,CARD-0004,MCH-0177,mobile,140.91,AUD,2026-06-20T23:39:39Z,settled
TXN-001759,ACC-0086,CARD-0131,MCH-0038,pos,212.96,AUD,2027-06-03T22:47:28Z,declined
TXN-001760,ACC-0013,CARD-0176,,atm,408.11,AUD,2026-06-25T13:08:18Z,settled
TXN-001761,ACC-0160,CARD-0100,MCH-0173,mobile,327.82,SGD,2026-06-08T23:45:17Z,settled
TXN-001762,ACC-0058,CARD-0137,MCH-0174,mobile,-218.49,AUD,2026-07-05T13:02:28Z,authorized
TXN-001763,ACC-0183,CARD-0124,MCH-0079,atm,72.54,AUD,2026-06-20T18:51:12Z,settled
TXN-001764,ACC-0211,CARD-0112,MCH-0120,atm,-50.51,AUD,2026-06-17T13:53:09Z,settled
TXN-001765,ACC-0048,CARD-0123,MCH-0124,atm,24.76,AUD,2026-06-27T20:56:50Z,settled
TXN-001766,ACC-0090,CARD-0067,MCH-0043,atm,397.09,AUD,2026-06-10T08:34:36Z,settled
TXN-001767,ACC-0037,CARD-0132,MCH-0097,mobile,115.97,AUD,2026-06-22T17:39:07Z,settled
TXN-001768,ACC-0046,CARD-0112,MCH-0102,online,140.28,AUD,2026-06-19T19:34:01Z,settled
TXN-001769,ACC-0056,CARD-0235,MCH-0058,atm,304.47,AUD,2026-06-14T09:43:19Z,settled
TXN-001770,ACC-0105,CARD-0061,MCH-0012,online,387.15,AUD,2026-06-07T08:09:41Z,settled
TXN-001771,ACC-0170,CARD-0256,MCH-0136,online,-432.69,AUD,2026-07-04T19:16:13Z,settled
TXN-001772,ACC-0089,CARD-0020,MCH-0063,mobile,431.85,AUD,2026-06-21T11:29:07Z,settled
TXN-001773,ACC-0107,CARD-0008,MCH-0075,pos,157.56,AUD,2026-07-01T02:33:39Z,settled
TXN-001774,ACC-0225,CARD-0054,MCH-0136,pos,35.62,AUD,2026-06-09T23:50:48Z,settled
TXN-001775,ACC-0090,CARD-0129,MCH-0086,online,137.05,AUD,2026-06-28T06:17:57Z,settled
TXN-001776,ACC-0014,CARD-0142,MCH-0001,pos,-68.72,AUD,2026-06-12T21:28:46Z,authorized
TXN-001777,ACC-0142,CARD-0169,MCH-0087,online,252.29,AUD,2026-06-17T22:41:44Z,settled
TXN-001778,ACC-0057,CARD-0268,MCH-0025,atm,324.06,AUD,2026-06-30T05:36:42Z,settled
TXN-001779,ACC-0200,CARD-0090,MCH-0084,atm,227.89,AUD,2026-06-25T19:37:02Z,settled
TXN-001780,ACC-0061,CARD-0166,MCH-0115,pos,351.08,NZD,2026-06-21T03:21:56Z,settled
TXN-001781,ACC-0182,CARD-0132,MCH-0108,mobile,492.58,AUD,2026-06-28T02:54:20Z,settled
TXN-001782,ACC-0121,CARD-0114,MCH-0171,pos,151.68,AUD,2026-06-27T02:42:40Z,settled
TXN-001783,ACC-0154,CARD-0174,MCH-0124,mobile,329.66,AUD,2026-06-20T12:06:10Z,settled
TXN-001784,ACC-0189,CARD-0086,MCH-0024,online,15.21,SGD,2026-07-03T15:14:25Z,declined
TXN-001785,ACC-0167,CARD-0267,MCH-0045,mobile,211.13,AUD,2026-06-12T10:22:00Z,authorized
TXN-001786,ACC-0005,CARD-0221,MCH-0113,atm,125.90,AUD,2026-06-27T09:22:02Z,settled
TXN-001787,ACC-0161,CARD-0179,MCH-0158,mobile,169.28,AUD,2026-06-19T06:37:41Z,reversed
TXN-001788,ACC-0058,CARD-0252,MCH-0063,pos,161.21,AUD,2026-06-06T08:55:29Z,settled
TXN-001664,ACC-0058,CARD-0131,MCH-0192,mobile,373.09,SGD,2026-06-28T00:48:02Z,settled
TXN-001789,ACC-9999,CARD-9999,MCH-0123,mobile,446.72,AUD,2026-06-11T21:36:54Z,settled
TXN-001790,ACC-0205,CARD-0029,MCH-0179,online,404.82,AUD,2026-06-26T00:29:00Z,settled
TXN-001791,ACC-0176,CARD-0268,MCH-0178,mobile,471.88,AUD,2026-06-19T05:59:55Z,settled
TXN-001792,ACC-0044,CARD-0045,MCH-0198,pos,54.24,AUD,2026-06-10T16:52:13Z,settled
TXN-001793,ACC-0071,CARD-0038,MCH-0024,atm,304.22,AUD,2026-06-27T23:24:20Z,settled
TXN-001794,ACC-0052,CARD-0219,MCH-0011,atm,-72.91,AUD,2026-07-05T10:49:31Z,declined
TXN-001795,ACC-0181,CARD-0006,,online,-96.46,AUD,2026-06-20T10:55:45Z,authorized
TXN-001796,ACC-0116,CARD-0100,MCH-0022,online,436.68,AUD,2026-06-27T12:33:50Z,settled
TXN-001797,ACC-0133,CARD-0052,MCH-0164,atm,403.00,AUD,2026-06-17T23:18:48Z,declined
TXN-001798,ACC-9999,CARD-9999,MCH-0065,atm,173.72,AUD,2026-06-10T04:05:28Z,authorized
TXN-001799,ACC-0220,CARD-0255,MCH-0027,atm,54.83,AUD,2026-06-20T15:14:46Z,settled
TXN-001800,ACC-0096,CARD-0079,MCH-0122,online,323.59,AUD,2026-06-19T06:50:33Z,settled
TXN-001801,ACC-0077,CARD-0177,MCH-0051,mobile,464.96,AUD,2026-06-21T23:49:02Z,settled
TXN-001802,ACC-0118,CARD-0074,MCH-0188,online,187.19,AUD,2026-07-04T17:24:34Z,settled
TXN-001803,ACC-0102,CARD-0194,MCH-0191,online,455.63,USD,2026-06-23T01:23:25Z,settled
TXN-001804,ACC-0017,CARD-0068,MCH-0191,pos,245.90,USD,2026-06-25T20:55:15Z,settled
TXN-001805,ACC-0064,CARD-0090,MCH-0149,online,380.43,AUD,2026-06-18T18:56:19Z,settled
TXN-001806,ACC-0107,CARD-0188,MCH-0192,online,152.57,SGD,2026-06-17T04:48:40Z,settled
TXN-001692,ACC-0056,CARD-0244,MCH-0182,pos,315.95,SGD,2026-06-13T09:00:34Z,settled
TXN-001807,ACC-0154,CARD-0095,MCH-0189,online,475.34,AUD,2026-06-15T11:16:14Z,settled
TXN-001808,ACC-9999,CARD-9999,MCH-0131,pos,42.88,AUD,2026-06-14T11:49:33Z,settled
TXN-001809,ACC-0016,CARD-0010,MCH-0058,pos,384.20,AUD,2026-06-20T11:03:46Z,refunded
TXN-001810,ACC-0094,CARD-0232,MCH-0064,online,499.45,AUD,2026-07-05T06:36:02Z,authorized
TXN-001811,ACC-0001,CARD-0263,MCH-0161,atm,145.26,USD,2026-10-28T19:45:50Z,settled
TXN-001812,ACC-0042,CARD-0185,MCH-0033,atm,46.18,AUD,2026-06-20T04:19:07Z,settled
TXN-001813,ACC-0093,CARD-0245,MCH-0177,pos,430.74,AUD,2026-06-15T17:11:03Z,settled
TXN-001814,ACC-0113,CARD-0184,MCH-0005,mobile,148.43,AUD,2026-06-19T12:20:03Z,reversed
TXN-001650,ACC-0098,CARD-0090,MCH-0197,atm,434.41,AUD,2026-07-02T16:07:51Z,settled
TXN-001815,ACC-0163,CARD-0257,MCH-0061,atm,367.16,AUD,2026-06-20T13:04:14Z,settled
TXN-001816,ACC-0080,CARD-0038,MCH-0112,mobile,492.59,AUD,2026-07-05T11:24:33Z,settled
TXN-001817,ACC-0044,CARD-0035,,online,461.27,AUD,2026-06-15T14:10:19Z,authorized
TXN-001553,ACC-0011,CARD-0107,MCH-0098,pos,496.16,AUD,2026-06-20T02:42:08Z,declined
TXN-001818,ACC-0093,CARD-0199,MCH-0171,pos,485.07,AUD,2026-06-15T11:16:52Z,settled
TXN-001819,ACC-0092,CARD-0117,MCH-0103,pos,-244.58,AUD,2026-06-12T15:11:01Z,settled
TXN-001820,ACC-9999,CARD-9999,MCH-0125,online,138.60,AUD,2026-06-07T19:59:17Z,settled
TXN-001821,ACC-0134,CARD-0177,MCH-0166,atm,481.28,USD,2026-06-12T16:56:00Z,settled
TXN-001822,ACC-0199,CARD-0004,MCH-0059,pos,485.61,SGD,2026-06-24T14:28:05Z,refunded
TXN-001823,ACC-0115,CARD-0247,MCH-0022,pos,322.72,AUD,2026-06-22T04:09:44Z,settled
TXN-001824,ACC-0112,CARD-0270,,pos,205.56,AUD,2026-06-20T13:09:50Z,settled
TXN-001825,ACC-0133,CARD-0195,MCH-0092,atm,218.49,USD,2026-06-17T00:10:35Z,settled
TXN-001826,ACC-0073,CARD-0227,MCH-0167,atm,-274.34,SGD,2026-06-19T03:42:50Z,settled
TXN-001827,ACC-0098,CARD-0223,MCH-0112,online,241.43,AUD,2026-06-28T17:10:55Z,settled
TXN-001828,ACC-0203,CARD-0029,,mobile,401.19,AUD,2026-06-24T11:19:25Z,settled
TXN-001829,ACC-0092,CARD-0209,MCH-0132,online,360.92,AUD,2026-06-14T07:25:21Z,settled
TXN-001830,ACC-9999,CARD-9999,MCH-0158,pos,300.02,AUD,2026-06-05T02:42:03Z,settled
TXN-001831,ACC-9999,CARD-9999,MCH-0041,atm,32.28,AUD,2026-06-12T18:09:51Z,settled
TXN-001832,ACC-0184,CARD-0114,MCH-0167,atm,105.21,AUD,2026-06-08T08:58:44Z,settled
TXN-001833,ACC-0112,CARD-0192,MCH-0113,mobile,140.28,AUD,2026-06-19T18:12:30Z,settled
TXN-001834,ACC-0085,CARD-0254,MCH-0089,online,280.29,AUD,2026-06-15T15:18:04Z,refunded
TXN-001835,ACC-0154,CARD-0082,MCH-0031,mobile,78.06,NZD,2026-06-25T14:28:11Z,declined
TXN-001836,ACC-0180,CARD-0045,MCH-0169,atm,3.30,AUD,2026-06-27T10:21:02Z,declined
TXN-001837,ACC-0190,CARD-0112,MCH-0168,online,450.99,AUD,2026-06-23T00:03:01Z,settled
TXN-001838,ACC-0143,CARD-0239,MCH-0147,mobile,400.96,AUD,2026-06-22T06:27:05Z,authorized
TXN-001839,ACC-0036,CARD-0109,MCH-0057,mobile,20.15,AUD,2026-07-04T15:34:40Z,settled
TXN-001651,ACC-0188,CARD-0027,MCH-0114,mobile,209.87,AUD,2026-06-08T23:16:39Z,settled
TXN-001840,ACC-0039,CARD-0144,,atm,159.08,AUD,2026-06-26T01:48:39Z,declined
TXN-001841,ACC-0186,CARD-0038,MCH-0198,atm,396.46,AUD,2026-06-25T21:32:18Z,settled
TXN-001842,ACC-0017,CARD-0191,MCH-0194,mobile,169.48,AUD,2026-06-16T06:59:07Z,settled
TXN-001843,ACC-0118,CARD-0114,MCH-0137,mobile,-147.93,AUD,2026-06-25T18:05:11Z,settled
TXN-001844,ACC-0002,CARD-0005,MCH-0030,mobile,-155.95,AUD,2026-07-02T22:24:40Z,settled
TXN-001845,ACC-9999,CARD-9999,MCH-0012,pos,424.96,AUD,2026-07-04T18:44:24Z,settled
TXN-001846,ACC-0067,CARD-0127,MCH-0025,pos,234.28,AUD,2026-06-20T23:59:15Z,settled
TXN-001847,ACC-0050,CARD-0010,MCH-0134,atm,392.38,AUD,2026-08-25T12:42:55Z,settled
TXN-001848,ACC-0101,CARD-0186,MCH-0127,mobile,93.34,AUD,2026-06-30T03:15:09Z,declined
TXN-001849,ACC-0198,CARD-0178,MCH-0187,online,397.41,AUD,2026-06-25T00:20:15Z,settled
TXN-001850,ACC-0084,CARD-0199,MCH-0152,pos,-360.92,NZD,2026-06-08T17:23:28Z,settled
TXN-001851,ACC-0135,CARD-0179,MCH-0062,atm,237.58,AUD,2026-06-10T12:08:27Z,settled
TXN-001852,ACC-0089,CARD-0057,MCH-0093,pos,360.34,AUD,2026-06-23T07:02:38Z,settled
TXN-001853,ACC-0058,CARD-0075,MCH-0098,mobile,299.00,AUD,2026-06-27T16:15:31Z,settled
TXN-001854,ACC-0029,CARD-0167,MCH-0034,atm,309.39,AUD,2026-06-14T03:08:59Z,settled
TXN-001855,ACC-0149,CARD-0223,MCH-0051,atm,140.97,AUD,2026-06-16T02:12:02Z,settled
TXN-001856,ACC-0016,CARD-0093,MCH-0122,atm,387.89,AUD,2026-06-29T19:19:39Z,authorized
TXN-001857,ACC-0072,CARD-0094,MCH-0052,mobile,150.76,AUD,2026-06-18T10:07:37Z,settled
TXN-001858,ACC-0077,CARD-0144,MCH-0041,pos,32.59,AUD,2026-06-25T03:46:47Z,settled
TXN-001859,ACC-0224,CARD-0055,MCH-0024,online,154.37,AUD,2026-06-08T04:27:42Z,settled
TXN-001860,ACC-0032,CARD-0050,MCH-0136,online,414.58,AUD,2026-06-05T08:14:39Z,settled
TXN-001861,ACC-0112,CARD-0227,MCH-0150,pos,-412.75,AUD,2026-06-11T12:03:20Z,settled
TXN-001862,ACC-0113,CARD-0216,MCH-0179,mobile,450.75,AUD,2026-06-07T01:39:44Z,settled
TXN-001863,ACC-0142,CARD-0256,MCH-0105,online,12.76,AUD,2026-06-08T23:19:48Z,settled
TXN-001864,ACC-0005,CARD-0214,MCH-0065,pos,-264.79,AUD,2026-06-07T22:52:23Z,settled
TXN-001865,ACC-0037,CARD-0188,MCH-0018,mobile,258.93,GBP,2026-06-14T15:19:33Z,declined
TXN-001866,ACC-0001,CARD-0134,MCH-0043,online,50.62,AUD,2026-06-15T12:42:12Z,settled
TXN-001867,ACC-0004,CARD-0162,MCH-0024,online,264.01,AUD,2026-06-10T20:54:47Z,settled
TXN-001868,ACC-0094,CARD-0136,MCH-0004,mobile,102.52,AUD,2026-06-17T02:56:01Z,settled
TXN-001869,ACC-0211,CARD-0212,MCH-0041,atm,366.60,NZD,2026-06-19T23:26:37Z,settled
TXN-001870,ACC-0098,CARD-0041,MCH-0033,pos,327.31,USD,2026-06-20T18:11:28Z,settled
TXN-001871,ACC-0199,CARD-0094,MCH-0039,atm,232.21,AUD,2026-06-09T05:18:21Z,settled
TXN-001872,ACC-0147,CARD-0156,MCH-0067,pos,444.67,AUD,2026-06-30T13:25:27Z,settled
TXN-001873,ACC-0122,CARD-0214,,atm,32.15,AUD,2026-06-19T03:34:32Z,settled
TXN-001874,ACC-0116,CARD-0143,MCH-0012,mobile,394.82,AUD,2026-06-20T20:28:33Z,settled
TXN-001875,ACC-0161,CARD-0162,MCH-0165,mobile,254.82,AUD,2026-06-15T09:02:05Z,settled
TXN-001876,ACC-0159,CARD-0214,MCH-0195,pos,58.97,AUD,2026-06-17T15:17:28Z,settled
TXN-001877,ACC-0104,CARD-0039,MCH-0185,online,140.28,AUD,2026-07-03T23:51:25Z,settled
TXN-001878,ACC-0041,CARD-0072,MCH-0107,atm,104.75,AUD,2026-06-10T16:57:44Z,settled
TXN-001879,ACC-0026,CARD-0244,MCH-0163,atm,188.33,AUD,2026-06-27T16:37:35Z,settled
TXN-001880,ACC-0095,CARD-0242,MCH-0129,mobile,-3.37,AUD,2026-06-26T20:35:12Z,settled
TXN-001881,ACC-0065,CARD-0096,MCH-0198,online,216.63,AUD,2026-06-05T13:33:39Z,reversed
TXN-001882,ACC-0175,CARD-0133,MCH-0051,pos,447.60,AUD,2026-06-26T18:41:26Z,settled
TXN-001883,ACC-0154,CARD-0065,MCH-0183,atm,231.14,AUD,2027-01-29T11:02:05Z,settled
TXN-001884,ACC-0118,CARD-0232,MCH-0033,online,298.87,AUD,2026-07-03T07:45:15Z,settled
TXN-001885,ACC-0019,CARD-0195,MCH-0120,atm,122.94,AUD,2026-06-10T15:02:55Z,settled
TXN-001886,ACC-0168,CARD-0143,MCH-0020,atm,481.93,AUD,2026-07-02T17:03:23Z,settled
TXN-001887,ACC-0076,CARD-0041,MCH-0064,mobile,328.43,AUD,2026-06-22T07:57:19Z,settled
TXN-001888,ACC-0122,CARD-0044,MCH-0013,pos,104.13,AUD,2026-11-17T17:20:01Z,settled
TXN-001889,ACC-0120,CARD-0217,MCH-0184,mobile,309.57,AUD,2026-06-22T00:11:00Z,settled
TXN-001890,ACC-0073,CARD-0189,MCH-0021,pos,201.77,GBP,2026-12-22T17:23:01Z,authorized
TXN-001841,ACC-0186,CARD-0038,MCH-0198,atm,396.46,AUD,2026-06-25T21:32:18Z,settled
TXN-001891,ACC-0097,CARD-0117,MCH-0060,pos,116.61,AUD,2026-06-22T15:15:11Z,declined
TXN-001892,ACC-0009,CARD-0030,MCH-0154,online,341.89,AUD,2026-06-19T23:25:37Z,settled
TXN-001893,ACC-0198,CARD-0052,MCH-0116,atm,440.23,AUD,2026-07-03T09:35:53Z,settled
TXN-001894,ACC-0070,CARD-0176,MCH-0142,pos,432.52,AUD,2026-06-22T10:03:19Z,settled
TXN-001895,ACC-0039,CARD-0050,MCH-0127,online,378.95,AUD,2026-06-05T10:34:42Z,settled
TXN-001896,ACC-0005,CARD-0007,MCH-0036,online,48.35,AUD,2026-06-10T02:08:28Z,settled
TXN-001897,ACC-0096,CARD-0091,MCH-0114,online,214.75,AUD,2026-06-27T18:27:48Z,settled
TXN-001898,ACC-0064,CARD-0166,MCH-0083,atm,450.71,AUD,2026-06-24T00:59:48Z,settled
TXN-001899,ACC-0211,CARD-0237,MCH-0192,pos,168.67,USD,2026-06-18T18:08:28Z,settled
TXN-001900,ACC-0184,CARD-0043,MCH-0074,mobile,408.09,AUD,2026-07-04T00:54:01Z,settled
TXN-001901,ACC-0158,CARD-0228,MCH-0108,pos,184.66,AUD,2026-06-26T04:28:33Z,reversed
TXN-001902,ACC-0109,CARD-0183,MCH-0134,atm,101.04,AUD,2026-07-04T00:12:12Z,authorized
TXN-001903,ACC-0102,CARD-0105,MCH-0026,pos,189.14,AUD,2026-06-14T03:39:44Z,settled
TXN-001904,ACC-0001,CARD-0220,MCH-0168,atm,478.32,AUD,2026-06-09T16:16:50Z,settled
TXN-001905,ACC-0110,CARD-0192,MCH-0171,atm,341.51,AUD,2026-06-22T16:41:18Z,declined
TXN-001906,ACC-0223,CARD-0189,MCH-0090,atm,70.92,AUD,2026-06-25T16:23:15Z,settled
TXN-001907,ACC-0104,CARD-0151,,pos,155.26,AUD,2026-09-29T18:32:38Z,authorized
TXN-001908,ACC-0060,CARD-0162,MCH-0044,online,412.72,AUD,2026-06-28T16:12:31Z,settled
TXN-001909,ACC-0109,CARD-0111,MCH-0115,pos,431.98,AUD,2026-06-05T11:48:26Z,declined
TXN-001910,ACC-0203,CARD-0244,MCH-0021,pos,143.82,NZD,2026-06-05T13:53:01Z,settled
TXN-001911,ACC-9999,CARD-9999,MCH-0153,pos,127.20,AUD,2026-06-27T06:49:11Z,reversed
TXN-001912,ACC-0068,CARD-0135,MCH-0187,pos,45.13,AUD,2026-06-05T01:10:21Z,settled
TXN-001913,ACC-0200,CARD-0259,MCH-0052,pos,359.15,AUD,2026-06-30T01:48:49Z,settled
TXN-001914,ACC-0209,CARD-0164,MCH-0079,pos,469.82,AUD,2026-06-30T12:00:20Z,settled
TXN-001915,ACC-0167,CARD-0201,,atm,441.17,AUD,2026-06-25T08:36:22Z,settled
TXN-001916,ACC-0039,CARD-0064,MCH-0026,pos,371.07,USD,2026-06-27T02:33:38Z,settled
TXN-001917,ACC-0159,CARD-0203,MCH-0036,mobile,303.36,AUD,2026-06-14T08:31:27Z,settled
TXN-001918,ACC-0079,CARD-0174,MCH-0010,atm,216.99,AUD,2026-06-17T07:47:29Z,settled
TXN-001919,ACC-0122,CARD-0245,MCH-0102,mobile,345.00,AUD,2026-06-10T02:47:32Z,settled
TXN-001920,ACC-0162,CARD-0113,MCH-0156,mobile,357.03,NZD,2026-06-12T08:38:39Z,settled
TXN-001921,ACC-0192,CARD-0223,MCH-0024,online,206.30,AUD,2026-06-17T18:11:14Z,settled
TXN-001922,ACC-0225,CARD-0078,MCH-0122,mobile,64.96,AUD,2026-07-04T12:58:44Z,settled
TXN-001923,ACC-0037,CARD-0253,MCH-0155,mobile,14.22,NZD,2026-06-26T05:14:48Z,authorized
TXN-001924,ACC-0045,CARD-0214,MCH-0004,mobile,230.94,AUD,2026-07-26T05:59:03Z,settled
TXN-001925,ACC-0151,CARD-0116,MCH-0139,atm,242.65,SGD,2026-06-21T01:45:09Z,authorized
TXN-001926,ACC-0170,CARD-0173,MCH-0083,online,232.82,AUD,2026-06-16T00:30:25Z,settled
TXN-001927,ACC-0208,CARD-0268,MCH-0138,online,279.44,AUD,2026-06-29T10:32:55Z,settled
TXN-001928,ACC-0200,CARD-0154,MCH-0144,pos,400.18,AUD,2026-06-06T22:16:19Z,declined
TXN-001929,ACC-0124,CARD-0234,MCH-0173,online,401.28,AUD,2026-06-14T14:36:44Z,settled
TXN-001930,ACC-0090,CARD-0216,MCH-0161,pos,472.53,AUD,2026-06-12T12:30:42Z,declined
TXN-001931,ACC-9999,CARD-9999,MCH-0035,mobile,66.78,AUD,2026-06-14T12:55:01Z,settled
TXN-001932,ACC-0185,CARD-0129,MCH-0179,pos,56.06,USD,2026-06-20T01:42:32Z,settled
TXN-001933,ACC-0129,CARD-0205,MCH-0061,atm,199.51,AUD,2026-06-20T01:38:53Z,declined
TXN-001934,ACC-0050,CARD-0270,MCH-0081,online,22.99,SGD,2026-06-18T15:37:39Z,settled
TXN-001935,ACC-0181,CARD-0060,MCH-0005,online,401.04,AUD,2026-06-23T04:31:06Z,settled
TXN-001936,ACC-0222,CARD-0037,MCH-0124,atm,481.24,AUD,2026-07-01T14:10:16Z,settled
TXN-001937,ACC-0075,CARD-0107,MCH-0166,online,449.82,AUD,2026-06-13T23:30:22Z,settled
TXN-001928,ACC-0200,CARD-0154,MCH-0144,pos,400.18,AUD,2026-06-06T22:16:19Z,declined
TXN-001938,ACC-0102,CARD-0268,,mobile,372.66,GBP,2026-06-14T17:47:30Z,settled
TXN-001939,ACC-0191,CARD-0176,MCH-0152,atm,-346.86,AUD,2026-06-29T09:23:14Z,settled
TXN-001940,ACC-0124,CARD-0150,MCH-0052,atm,222.11,NZD,2026-06-30T02:16:56Z,settled
TXN-001941,ACC-0130,CARD-0189,MCH-0055,online,175.63,USD,2026-06-25T10:43:53Z,settled
TXN-001865,ACC-0037,CARD-0188,MCH-0018,mobile,258.93,GBP,2026-06-14T15:19:33Z,declined
TXN-001942,ACC-0171,CARD-0052,MCH-0174,mobile,134.64,AUD,2026-06-17T08:36:31Z,settled
TXN-001943,ACC-0211,CARD-0008,MCH-0160,online,322.53,AUD,2026-07-02T15:42:01Z,settled
TXN-001944,ACC-0079,CARD-0038,MCH-0155,mobile,71.59,AUD,2026-06-17T06:45:16Z,settled
TXN-001945,ACC-0171,CARD-0262,MCH-0032,mobile,166.17,AUD,2026-06-15T06:54:19Z,settled
TXN-001904,ACC-0001,CARD-0220,MCH-0168,atm,478.32,AUD,2026-06-09T16:16:50Z,settled
TXN-001946,ACC-0084,CARD-0105,MCH-0108,online,-52.73,AUD,2026-06-20T11:26:25Z,settled
TXN-001947,ACC-0167,CARD-0192,MCH-0154,atm,405.78,AUD,2026-07-13T10:34:24Z,settled
TXN-001948,ACC-0083,CARD-0178,MCH-0199,atm,429.82,AUD,2026-06-28T17:44:20Z,settled
TXN-001732,ACC-0138,CARD-0259,MCH-0110,atm,285.65,AUD,2026-07-05T01:46:42Z,settled
TXN-001949,ACC-0220,CARD-0117,MCH-0103,mobile,14.97,AUD,2026-06-07T22:11:33Z,settled
TXN-001950,ACC-0088,CARD-0133,MCH-0038,atm,84.85,AUD,2026-06-21T04:36:53Z,settled
TXN-001951,ACC-0190,CARD-0179,MCH-0140,atm,487.71,AUD,2026-06-08T17:03:11Z,settled
TXN-001952,ACC-0132,CARD-0046,MCH-0143,mobile,327.52,AUD,2026-06-22T18:49:32Z,settled
TXN-001953,ACC-0205,CARD-0046,MCH-0102,atm,95.00,AUD,2026-06-17T17:22:21Z,settled
TXN-001954,ACC-0057,CARD-0006,MCH-0167,atm,403.06,AUD,2026-06-26T16:43:09Z,settled
TXN-001955,ACC-0062,CARD-0246,MCH-0056,mobile,494.90,AUD,2026-06-14T11:19:30Z,settled
TXN-001956,ACC-0116,CARD-0051,MCH-0045,mobile,-418.28,AUD,2026-07-05T13:03:32Z,settled
TXN-001957,ACC-0177,CARD-0050,MCH-0008,online,373.26,AUD,2026-06-27T00:49:01Z,settled
TXN-001958,ACC-0021,CARD-0054,MCH-0013,atm,62.16,AUD,2026-06-06T08:37:27Z,settled
TXN-001959,ACC-0099,CARD-0267,MCH-0181,pos,498.45,AUD,2026-06-21T21:41:33Z,settled
TXN-001960,ACC-9999,CARD-9999,,mobile,19.71,AUD,2026-06-05T04:48:55Z,settled
TXN-001961,ACC-0196,CARD-0161,MCH-0130,online,424.67,AUD,2026-07-01T20:12:03Z,settled
TXN-001962,ACC-0041,CARD-0122,MCH-0088,atm,339.86,AUD,2026-06-26T18:59:44Z,authorized
TXN-001963,ACC-0145,CARD-0223,MCH-0102,pos,350.89,AUD,2026-06-27T02:45:36Z,settled
TXN-001964,ACC-0204,CARD-0159,MCH-0085,mobile,28.53,AUD,2026-06-17T10:56:33Z,authorized
TXN-001965,ACC-0049,CARD-0245,MCH-0075,online,92.52,AUD,2026-06-17T14:03:35Z,settled
TXN-001966,ACC-0173,CARD-0130,MCH-0057,pos,-131.15,AUD,2026-07-01T17:29:14Z,refunded
TXN-001874,ACC-0116,CARD-0143,MCH-0012,mobile,394.82,AUD,2026-06-20T20:28:33Z,settled
TXN-001967,ACC-0183,CARD-0077,MCH-0064,atm,470.74,AUD,2026-06-09T18:30:51Z,settled
TXN-001968,ACC-0112,CARD-0164,MCH-0070,mobile,333.78,AUD,2026-06-10T16:58:58Z,declined
TXN-001969,ACC-0089,CARD-0062,MCH-0034,mobile,146.94,AUD,2026-06-27T19:04:27Z,settled
TXN-001970,ACC-0128,CARD-0048,MCH-0016,online,13.29,AUD,2026-06-26T09:29:55Z,settled
TXN-001971,ACC-0051,CARD-0200,MCH-0096,pos,218.25,AUD,2026-06-19T13:10:53Z,settled
TXN-001972,ACC-0180,CARD-0175,MCH-0042,online,-143.91,AUD,2026-06-08T16:35:05Z,settled
TXN-001973,ACC-0196,CARD-0260,MCH-0140,pos,310.79,AUD,2026-06-18T13:39:33Z,settled
TXN-001974,ACC-9999,CARD-0202,MCH-0067,mobile,54.49,USD,2026-06-18T01:25:23Z,settled
TXN-001975,ACC-0219,CARD-0232,MCH-0129,mobile,267.38,AUD,2026-06-12T00:35:32Z,settled
TXN-001976,ACC-0101,CARD-0267,MCH-0144,atm,392.89,AUD,2026-07-01T04:26:46Z,settled
TXN-001977,ACC-9999,CARD-9999,MCH-0138,pos,412.16,AUD,2026-06-12T06:32:29Z,settled
TXN-001978,ACC-0166,CARD-0179,MCH-0052,pos,285.74,AUD,2026-06-24T07:21:12Z,settled
TXN-001979,ACC-0225,CARD-0174,MCH-0057,atm,386.80,AUD,2026-06-08T07:09:47Z,declined
TXN-001980,ACC-0112,CARD-0136,MCH-0039,online,383.63,GBP,2026-06-11T16:46:09Z,settled
TXN-001981,ACC-0115,CARD-0148,MCH-0148,atm,293.11,AUD,2026-06-14T13:34:14Z,settled
TXN-001982,ACC-0058,CARD-0044,MCH-0018,online,393.12,AUD,2026-07-02T09:18:59Z,settled
TXN-001983,ACC-9999,CARD-9999,MCH-0015,pos,171.36,AUD,2026-06-23T05:08:08Z,settled
TXN-001984,ACC-0217,CARD-0007,MCH-0200,online,266.65,AUD,2026-06-18T03:22:40Z,settled
TXN-001935,ACC-0181,CARD-0060,MCH-0005,online,401.04,AUD,2026-06-23T04:31:06Z,settled
TXN-001985,ACC-0196,CARD-0004,MCH-0047,mobile,60.90,AUD,2026-06-29T19:48:26Z,settled
TXN-001986,ACC-0058,CARD-0072,MCH-0178,mobile,308.36,AUD,2026-06-29T07:32:42Z,settled
TXN-001987,ACC-0178,CARD-0065,MCH-0134,atm,-466.28,AUD,2026-06-21T19:23:46Z,settled
TXN-001988,ACC-0078,CARD-0038,,pos,469.08,AUD,2026-06-09T23:31:12Z,authorized
TXN-001989,ACC-0001,CARD-0209,MCH-0131,online,128.76,AUD,2026-06-29T02:59:13Z,settled
TXN-001990,ACC-0042,CARD-0086,MCH-0025,online,417.13,AUD,2026-07-02T14:47:05Z,declined
TXN-001991,ACC-0099,CARD-0190,MCH-0046,pos,119.56,AUD,2026-06-08T20:03:54Z,settled
TXN-001992,ACC-0225,CARD-0058,MCH-0163,online,164.84,AUD,2026-06-08T02:13:29Z,authorized
TXN-001993,ACC-0138,CARD-0093,MCH-0132,pos,411.98,AUD,2026-06-22T22:41:50Z,declined
TXN-001994,ACC-0183,CARD-0229,MCH-0149,online,290.94,AUD,2026-07-01T00:19:00Z,settled
TXN-001995,ACC-0154,CARD-0036,MCH-0016,online,-68.82,AUD,2026-06-08T19:47:51Z,settled
TXN-001996,ACC-9999,CARD-9999,MCH-0131,pos,471.70,AUD,2026-06-19T07:31:46Z,settled
TXN-001997,ACC-0020,CARD-0218,MCH-0148,online,25.97,AUD,2026-06-16T22:51:15Z,settled
TXN-001998,ACC-0198,CARD-0099,MCH-0116,online,412.00,AUD,2026-06-30T04:02:58Z,settled
TXN-001999,ACC-0086,CARD-0238,MCH-0008,pos,392.82,AUD,2026-06-22T23:56:29Z,settled
TXN-002000,ACC-0111,CARD-0089,MCH-0147,online,158.30,AUD,2026-07-02T19:03:49Z,settled
